ID,Nº Factura,Fecha/Hora,Cliente,Método Pago,Total,Dirección,Observaciones
5288,4618,2026-05-22 18:50:26,punto,NEQUI,$21.000,pago punto,-
5287,4617,2026-05-21 23:40:34,BAVARIA,NEQUI,$90.000,-,-
5286,4616,2026-05-21 22:41:22,punto,NEQUI,$12.000,pago punto,-
5285,4615,2026-05-21 22:31:36,deyver,NEQUI,$16.000,-,-
5284,4614,2026-05-21 22:31:10,7700,EFECTIVO,$33.000,-,-
5283,4613,2026-05-21 22:30:31,8065,EFECTIVO,$15.000,-,-
5282,4612,2026-05-21 22:30:07,7465,NEQUI,$41.000,-,-
5281,4611,2026-05-21 22:29:26,5309,NEQUI,$28.500,-,-
5280,4610,2026-05-21 22:27:49,9046,NEQUI,$27.000,-,-
5279,4609,2026-05-21 22:26:23,1023,NEQUI,$27.000,-,-
5278,4608,2026-05-21 22:25:31,1283,NEQUI,$237.000,-,-
5277,4607,2026-05-21 22:24:05,danna,EFECTIVO,$3.500,-,-
5276,4606,2026-05-21 22:23:29,8465,EFECTIVO,$24.000,-,-
5275,4605,2026-05-21 22:18:52,7402,EFECTIVO,$32.000,-,-
5274,4604,2026-05-21 22:18:07,7561,NEQUI,$39.000,-,-
5273,4603,2026-05-21 22:16:31,punto,NEQUI,$30.000,pago punto,-
5272,4602,2026-05-21 22:15:32,punto,EFECTIVO,$38.000,pago punto,-
5271,4601,2026-05-21 22:05:44,punto,EFECTIVO,$47.000,pago punto,-
5270,4600,2026-05-21 21:37:15,punto,NEQUI,$41.000,pago punto,-
5269,4599,2026-05-21 21:32:48,punto,NEQUI,$53.000,pago punto,-
5268,4598,2026-05-21 21:23:15,punto,NEQUI,$32.000,pago punto,-
5267,4597,2026-05-21 20:28:59,punto,EFECTIVO,$11.000,pago punto,-
5266,4596,2026-05-21 19:58:02,punto,EFECTIVO,$24.000,pago punto,-
5265,4595,2026-05-21 19:28:41,punto,NEQUI,$34.000,pago punto,-
5264,4594,2026-05-21 19:27:16,punto,NEQUI,$24.500,pago punto,-
5263,4593,2026-05-21 19:16:57,punto,NEQUI,$46.500,pago punto,-
5262,4592,2026-05-20 23:43:42,mesa 5 joker pizza,NEQUI,$39.000,pago punto,-
5261,4591,2026-05-20 23:32:10,5093,NEQUI,$16.000,venti,-
5260,4590,2026-05-20 23:29:47,1526,EFECTIVO,$73.000,BATARA,-
5259,4589,2026-05-20 23:28:50,6429,NEQUI,$19.000,Milano,-
5258,4588,2026-05-20 23:18:09,PUNTO,EFECTIVO,$58.500,pago punto,-
5257,4587,2026-05-20 22:30:02,1154,EFECTIVO,$52.500,-,-
5256,4586,2026-05-20 22:27:08,TOCA1,DAVIPLATA,$24.000,-,-
5255,4585,2026-05-20 22:26:35,8465,EFECTIVO,$12.000,-,-
5254,4584,2026-05-20 22:26:02,PIPE,NEQUI,$40.000,-,-
5253,4583,2026-05-20 22:25:12,7729,DAVIPLATA,$39.000,-,-
5252,4582,2026-05-20 22:24:06,0790,EFECTIVO,$35.500,-,-
5251,4581,2026-05-20 22:22:45,8993,NEQUI,$51.000,-,-
5250,4580,2026-05-20 22:21:07,7561,NEQUI,$27.000,-,-
5249,4579,2026-05-20 22:20:17,3918,NEQUI,$36.000,-,-
5248,4578,2026-05-20 22:19:24,3410,NEQUI,$16.000,-,-
5247,4577,2026-05-20 22:15:25,PUNTO,DAVIPLATA,$56.000,pago punto,-
5246,4576,2026-05-20 22:05:41,PUNTO,NEQUI,$46.000,pago punto,-
5245,4575,2026-05-20 21:01:32,PUNTO,EFECTIVO,$35.500,pago punto,-
5244,4574,2026-05-20 20:47:51,PUNTO,NEQUI,$40.000,pago punto,-
5243,4573,2026-05-20 20:37:41,PUNTO,NEQUI,$24.000,pago punto,-
5242,4572,2026-05-20 20:29:02,PUNTO,NEQUI,$35.000,pago punto,-
5241,4571,2026-05-20 20:26:45,PUNTO,EFECTIVO,$80.000,pago punto,-
5240,4570,2026-05-20 19:51:18,PUNTO,EFECTIVO,$24.000,pago punto,-
5239,4569,2026-05-20 19:46:35,PUNTO,NEQUI,$64.000,pago punto,-
5238,4568,2026-05-20 19:25:36,PUNTO,EFECTIVO,$36.000,pago punto,-
5237,4567,2026-05-20 18:55:26,danna,EFECTIVO,$3.500,pago punto,-
5236,4566,2026-05-20 18:53:27,danna,NEQUI,$12.000,pago punto,-
5235,4565,2026-05-20 18:38:23,Jefferson,EFECTIVO,$26.000,punto,-
5234,4564,2026-05-19 23:33:18,4512,EFECTIVO,$19.500,-,-
5233,4563,2026-05-19 23:33:00,5715,NEQUI,$30.500,-,-
5232,4562,2026-05-19 23:32:16,4624,NEQUI,$59.000,-,-
5231,4561,2026-05-19 23:31:52,6736,EFECTIVO,$44.000,-,-
5230,4560,2026-05-19 23:30:28,0084,EFECTIVO,$49.500,-,-
5229,4559,2026-05-19 23:29:38,costeñita,NEQUI,$25.500,-,-
5228,4558,2026-05-19 23:29:14,7609,NEQUI,$16.000,-,-
5227,4557,2026-05-19 23:28:52,6471,NEQUI,$19.000,-,-
5226,4556,2026-05-19 23:28:31,7788,NEQUI,$19.500,-,-
5225,4555,2026-05-19 23:28:13,3669,EFECTIVO,$11.000,-,-
5224,4554,2026-05-19 23:27:52,5850,NEQUI,$24.000,-,-
5223,4553,2026-05-19 23:27:25,johan,NEQUI,$14.000,-,-
5222,4552,2026-05-19 22:59:30,punto,NEQUI,$24.000,pago punto,-
5221,4551,2026-05-19 22:47:57,punto,EFECTIVO,$28.000,pago punto,-
5220,4550,2026-05-19 22:46:22,punto,EFECTIVO,$48.000,pago punto,-
5219,4549,2026-05-19 22:40:34,punto,EFECTIVO,$56.000,pago punto,-
5218,4548,2026-05-19 22:08:09,punto,EFECTIVO,$27.000,-,-
5217,4547,2026-05-19 22:05:30,punto,NEQUI,$39.500,-,-
5216,4546,2026-05-19 21:31:46,punto,NEQUI,$35.500,pago punto,-
5215,4545,2026-05-19 21:02:47,punto,EFECTIVO,$11.000,pago punto,-
5214,4544,2026-05-19 20:49:36,punto,DAVIPLATA,$36.500,pago punto,-
5213,4543,2026-05-19 20:36:45,punto,EFECTIVO,$24.000,pago punto,bede 4 mil
5212,4542,2026-05-19 20:25:35,danna,NEQUI,$18.000,-,-
5211,4541,2026-05-19 19:58:07,punto,EFECTIVO,$39.500,pago punto,-
5210,4540,2026-05-19 19:47:30,punto,NEQUI,$32.000,pago punto,-
5209,4539,2026-05-19 19:35:42,punto,NEQUI,$43.000,pago punto,-
5208,4538,2026-05-19 19:15:59,PUNTO,EFECTIVO,$53.000,pago punto,-
5207,4537,2026-05-16 23:55:51,8629,NEQUI,$32.000,-,-
5206,4536,2026-05-16 23:55:10,6120,NEQUI,$18.000,-,-
5205,4535,2026-05-16 23:54:16,deyber,EFECTIVO,$22.000,-,-
5204,4534,2026-05-16 23:53:54,8456,NEQUI,$36.000,-,-
5203,4533,2026-05-16 23:53:09,5110,NEQUI,$29.000,-,-
5202,4532,2026-05-16 23:51:37,6038,EFECTIVO,$32.000,-,-
5201,4531,2026-05-16 23:51:08,5642,NEQUI,$20.500,-,-
5200,4530,2026-05-16 23:50:46,7070,EFECTIVO,$17.500,-,-
5199,4529,2026-05-16 23:50:17,1208,NEQUI,$23.000,-,-
5198,4528,2026-05-16 23:49:20,juan ,NEQUI,$12.000,-,-
5197,4527,2026-05-16 23:48:44,2120,NEQUI,$14.000,-,-
5196,4526,2026-05-16 23:48:09,gas,EFECTIVO,$33.000,-,-
5195,4525,2026-05-16 23:46:52,4159,EFECTIVO,$36.000,-,-
5194,4524,2026-05-16 23:45:48,3183,NEQUI,$17.000,-,-
5193,4523,2026-05-16 23:45:30,5611,NEQUI,$91.000,-,-
5192,4522,2026-05-16 23:44:51,6736,DAVIPLATA,$37.000,-,-
5191,4521,2026-05-16 23:44:12,tonel,EFECTIVO,$23.000,-,-
5190,4520,2026-05-16 23:43:02,7456,NEQUI,$73.500,-,-
5189,4519,2026-05-16 23:42:10,3125,NEQUI,$18.500,-,-
5188,4518,2026-05-16 23:41:18,4784,NEQUI,$52.500,-,-
5187,4517,2026-05-16 23:40:45,8407,NEQUI,$35.000,-,-
5186,4516,2026-05-16 23:40:02,jefer,EFECTIVO,$18.000,-,-
5185,4515,2026-05-16 23:36:11,9426,NEQUI,$36.000,-,-
5184,4514,2026-05-16 23:24:13,punto,NEQUI,$23.000,-,-
5183,4513,2026-05-16 23:17:30,punto,EFECTIVO,$37.000,-,-
5182,4512,2026-05-16 23:13:29,johan,NEQUI,$20.000,-,-
5181,4511,2026-05-16 23:00:13,punto,EFECTIVO,$15.500,pago punto,-
5180,4510,2026-05-16 22:28:51,punto,NEQUI,$31.000,pago punto,-
5179,4509,2026-05-16 22:24:37,punto,NEQUI,$25.000,pago punto,-
5178,4508,2026-05-16 22:24:04,punto,EFECTIVO,$43.000,pago punto,-
5177,4507,2026-05-16 22:22:06,punto,NEQUI,$99.000,pago punto,-
5176,4506,2026-05-16 22:15:14,punto,NEQUI,$62.000,pago punto,-
5175,4505,2026-05-16 21:51:35,punto,EFECTIVO,$55.500,pago punto,-
5174,4504,2026-05-16 21:45:24,punto,NEQUI,$43.500,pago punto,-
5173,4503,2026-05-16 21:44:33,punto,EFECTIVO,$57.500,pago punto,-
5172,4502,2026-05-16 21:23:29,punto,NEQUI,$38.000,pago punto,-
5171,4501,2026-05-16 21:22:19,punto,EFECTIVO,$27.000,pago punto,-
5170,4500,2026-05-16 21:20:55,punto,NEQUI,$39.000,pago punto,-
5169,4499,2026-05-16 21:19:48,punto,NEQUI,$39.000,pago punto,-
5168,4498,2026-05-16 21:18:08,punto,NEQUI,$27.000,pago punto,-
5167,4497,2026-05-16 21:05:10,punto,NEQUI,$40.000,pago punto,-
5166,4496,2026-05-16 20:23:29,punto,EFECTIVO,$44.000,pago punto,-
5165,4495,2026-05-16 20:18:04,punto,NEQUI,$50.000,pago punto,-
5164,4494,2026-05-16 20:11:58,punto,EFECTIVO,$9.000,pago punto,-
5163,4493,2026-05-16 20:10:23,punto,EFECTIVO,$49.500,pago punto,-
5162,4492,2026-05-16 20:01:17,punto,NEQUI,$12.000,pago punto,-
5161,4491,2026-05-16 19:33:41,punto,NEQUI,$34.000,pago punto,-
5160,4490,2026-05-16 19:19:21,punto,NEQUI,$24.000,pago punto,-
5159,4489,2026-05-16 19:13:52,punto,EFECTIVO,$3.500,pago punto,-
5158,4488,2026-05-16 19:12:44,punto,NEQUI,$60.000,pago punto,-
5157,4487,2026-05-16 19:05:47,punto,NEQUI,$44.000,-,-
5156,4486,2026-05-16 19:05:05,punto,NEQUI,$27.000,-,-
5155,4485,2026-05-16 19:02:02,punto,DAVIPLATA,$67.000,pago punto,-
5154,4484,2026-05-16 19:01:30,pun to,EFECTIVO,$27.500,pago punto,-
5153,4483,2026-05-15 23:57:56,punto,NEQUI,$12.000,-,-
5152,4482,2026-05-15 23:51:35,punto,NEQUI,$59.000,-,-
5151,4481,2026-05-15 23:50:17,punto,EFECTIVO,$14.500,-,-
5150,4480,2026-05-15 23:49:46,punto,NEQUI,$12.000,-,-
5149,4479,2026-05-15 23:48:23,punto,EFECTIVO,$12.000,-,-
5148,4478,2026-05-15 23:47:55,punto,NEQUI,$11.000,-,-
5147,4477,2026-05-15 23:46:16,punto,NEQUI,$43.000,-,-
5146,4476,2026-05-15 23:45:17,2331,NEQUI,$23.000,-,-
5145,4475,2026-05-15 23:44:37,0790,EFECTIVO,$19.500,-,-
5144,4474,2026-05-15 23:44:06,8269,NEQUI,$24.000,-,-
5143,4473,2026-05-15 23:43:48,2220,NEQUI,$14.000,-,-
5142,4472,2026-05-15 23:43:03,4949,NEQUI,$19.500,-,-
5141,4471,2026-05-15 23:42:15,9725,NEQUI,$26.500,-,-
5140,4470,2026-05-15 23:41:41,4514,NEQUI,$30.000,-,-
5139,4469,2026-05-15 23:41:22,2133,EFECTIVO,$22.000,-,-
5138,4468,2026-05-15 23:41:01,2255,NEQUI,$32.500,-,-
5137,4467,2026-05-15 23:40:38,robinson,NEQUI,$17.000,-,-
5136,4466,2026-05-15 23:40:20,7040,DAVIPLATA,$12.000,-,-
5135,4465,2026-05-15 23:39:36,9326,NEQUI,$39.000,-,-
5134,4464,2026-05-15 23:38:55,4308,EFECTIVO,$19.500,-,-
5133,4463,2026-05-15 23:38:21,Ivan alta morada,NEQUI,$28.500,-,-
5132,4462,2026-05-15 23:37:02,7193,DAVIPLATA,$67.000,-,-
5131,4461,2026-05-15 23:36:15,8895,NEQUI,$24.000,-,-
5130,4460,2026-05-15 23:35:28,8987,NEQUI,$21.500,-,-
5129,4459,2026-05-15 23:35:05,pedido20 sad,EFECTIVO,$41.000,-,-
5128,4458,2026-05-15 23:32:23,punto,NEQUI,$44.000,-,-
5127,4457,2026-05-15 23:32:06,7295,EFECTIVO,$24.000,-,-
5126,4456,2026-05-15 23:31:39,1142,NEQUI,$24.000,-,-
5125,4455,2026-05-15 23:31:11,transformadores,NEQUI,$40.000,-,-
5124,4454,2026-05-15 23:30:43,1030,NEQUI,$32.000,-,-
5123,4453,2026-05-15 23:30:26,2770,NEQUI,$31.000,-,-
5122,4452,2026-05-15 23:30:04,3841,NEQUI,$31.500,-,-
5121,4451,2026-05-15 23:29:36,6189,NEQUI,$20.500,-,-
5120,4450,2026-05-15 23:29:07,8341,EFECTIVO,$18.500,-,-
5119,4449,2026-05-15 23:28:35,500000,EFECTIVO,$40.000,-,-
5118,4448,2026-05-15 23:27:49,9975,NEQUI,$38.000,-,-
5117,4447,2026-05-15 23:27:21,1552,NEQUI,$22.500,-,-
5116,4446,2026-05-15 23:26:59,8544,DAVIPLATA,$60.000,-,-
5115,4445,2026-05-15 23:22:32,punto,DAVIPLATA,$43.000,pago punto,-
5114,4444,2026-05-15 23:20:17,punto,NEQUI|30000.0+EFECTIVO|11000.0,$41.000,pago punto,-
5113,4443,2026-05-15 23:10:19,punto|,NEQUI,$34.000,pago punto,-
5112,4442,2026-05-15 23:03:03,punto,EFECTIVO,$25.500,pago punto,-
5111,4441,2026-05-15 22:57:09,punto,NEQUI,$56.000,pago punto,-
5110,4440,2026-05-15 22:47:22,punto,EFECTIVO,$48.000,pago punto,-
5109,4439,2026-05-15 22:38:33,punto,NEQUI,$38.000,pago punto,-
5108,4438,2026-05-15 22:34:22,punto,EFECTIVO,$46.500,pago punto,-
5107,4437,2026-05-15 22:30:51,0730,EFECTIVO,$69.000,-,-
5106,4436,2026-05-15 22:30:23,amazilia,EFECTIVO,$35.000,-,-
5105,4435,2026-05-15 22:22:25,punto,NEQUI,$15.000,pago punto,-
5104,4434,2026-05-15 22:14:37,punto,EFECTIVO,$30.000,pago punto,-
5103,4433,2026-05-15 22:13:18,punto,EFECTIVO,$46.000,pago punto,-
5102,4432,2026-05-15 22:09:10,punto,EFECTIVO,$43.000,pago punto,-
5101,4431,2026-05-15 21:52:07,punto,EFECTIVO,$24.000,pago punto,-
5100,4430,2026-05-15 21:34:01,punto,DAVIPLATA,$36.000,pago punto,-
5099,4429,2026-05-15 21:32:50,punto,NEQUI,$47.000,pago punto,-
5098,4428,2026-05-15 21:31:34,punto,EFECTIVO,$24.000,pago punto,-
5097,4427,2026-05-15 21:24:53,punto,NEQUI,$29.000,pago punto,-
5096,4426,2026-05-15 21:18:56,punto,EFECTIVO,$30.000,pago punto,-
5095,4425,2026-05-15 21:13:49,punto,EFECTIVO,$37.000,pago punto,-
5094,4424,2026-05-15 21:05:57,punto,DAVIPLATA,$71.000,pago punto,-
5093,4423,2026-05-15 21:02:48,punto,NEQUI,$39.000,pago punto,-
5092,4422,2026-05-15 20:58:14,punto,NEQUI,$34.000,pago punto,-
5091,4421,2026-05-15 20:56:17,punto,NEQUI,$52.000,pago punto,-
5090,4420,2026-05-15 20:37:27,punto,NEQUI,$38.000,pago punto,-
5089,4419,2026-05-15 20:22:44,punto,NEQUI,$42.000,pago punto,-
5088,4418,2026-05-15 20:15:30,punto,EFECTIVO,$79.000,pago punto,-
5087,4417,2026-05-15 20:13:46,punto,NEQUI,$52.000,pago punto,-
5086,4416,2026-05-15 19:52:10,punto,EFECTIVO,$19.500,pago punto,-
5085,4415,2026-05-15 19:43:08,punto,DAVIPLATA,$19.500,pago punto,-
5084,4414,2026-05-15 19:37:23,punto,NEQUI,$14.000,pago punto,-
5083,4413,2026-05-15 19:23:01,punto,NEQUI,$48.000,pago punto,-
5082,4412,2026-05-15 19:09:26,punto,NEQUI,$65.000,pago punto,-
5081,4411,2026-05-15 18:33:43,punto,EFECTIVO,$20.500,pago punto,-
5080,4410,2026-05-14 23:17:46,punto,EFECTIVO,$9.000,-,-
5079,4409,2026-05-14 23:13:27,punto,EFECTIVO,$12.000,-,-
5078,4408,2026-05-14 22:57:01,0422,NEQUI,$24.000,-,-
5077,4407,2026-05-14 22:56:27,2554,EFECTIVO,$44.500,-,-
5076,4406,2026-05-14 22:53:19,punto,EFECTIVO,$48.000,pago punto,-
5075,4405,2026-05-14 22:45:25,punto,NEQUI,$34.000,pago punto,-
5074,4404,2026-05-14 22:43:37,punto,NEQUI,$16.000,pago punto,-
5073,4403,2026-05-14 22:21:50,alta morada,NEQUI,$20.000,-,-
5072,4402,2026-05-14 22:20:24,omitaxi,NEQUI,$19.000,-,-
5071,4401,2026-05-14 22:19:42,punto,NEQUI,$17.500,-,-
5070,4400,2026-05-14 22:14:21,5743,NEQUI,$11.000,-,-
5069,4399,2026-05-14 22:13:15,7728,NEQUI,$72.000,-,-
5068,4398,2026-05-14 22:09:18,punto,NEQUI,$20.000,-,-
5067,4397,2026-05-14 21:56:51,punto,NEQUI,$25.000,pago punto,-
5066,4396,2026-05-14 21:30:29,2891,EFECTIVO,$68.000,-,-
5065,4395,2026-05-14 21:29:39,2953,NEQUI,$23.000,-,-
5064,4394,2026-05-14 21:29:10,5642,NEQUI,$15.500,-,-
5063,4393,2026-05-14 21:28:46,1999,DAVIPLATA,$15.500,-,-
5062,4392,2026-05-14 21:28:24,toca1,DAVIPLATA,$33.000,-,-
5061,4391,2026-05-14 21:27:48,sie 1,EFECTIVO,$101.000,-,-
5060,4390,2026-05-14 21:26:57,5852,NEQUI,$20.000,-,-
5059,4389,2026-05-14 21:26:33,5210,NEQUI,$12.000,-,-
5058,4388,2026-05-14 21:26:02,9714,DAVIPLATA,$38.000,-,-
5057,4387,2026-05-14 21:25:40,1916,DAVIPLATA,$12.000,-,-
5056,4386,2026-05-14 21:25:20,5332,NEQUI|20000.0+EFECTIVO|42000.0,$62.000,-,-
5055,4385,2026-05-14 21:22:12,punto,EFECTIVO,$27.000,-,-
5054,4384,2026-05-14 21:18:02,punto,EFECTIVO,$15.500,pago punto,-
5053,4383,2026-05-14 21:10:27,punto,NEQUI,$12.000,pago punto,-
5052,4382,2026-05-14 21:09:30,punto,EFECTIVO,$15.000,pago punto,-
5051,4381,2026-05-14 20:42:04,sandoval,NEQUI,$12.000,pago punto,-
5050,4380,2026-05-14 20:30:21,punto,NEQUI,$41.000,pago punto,-
5049,4379,2026-05-14 20:24:02,punto,NEQUI,$30.000,pago punto,-
5048,4378,2026-05-14 20:00:40,punto,EFECTIVO,$18.500,pago punto,-
5047,4377,2026-05-14 19:46:47,punto,EFECTIVO,$7.000,-,-
5046,4376,2026-05-14 19:44:56,punto,EFECTIVO,$60.500,pago punto,-
5045,4375,2026-05-14 19:33:14,punto,NEQUI,$23.000,pago punto,-
5044,4374,2026-05-14 19:00:01,punto,NEQUI,$15.500,pago punto,-
5043,4373,2026-05-14 18:45:21,punto,EFECTIVO,$19.500,pago punto,-
5042,4372,2026-05-13 22:44:13,punto,NEQUI,$7.000,pago punto,-
5041,4371,2026-05-13 22:43:46,punto,DAVIPLATA,$32.000,-,-
5040,4370,2026-05-13 22:43:22,8895,NEQUI,$25.000,-,-
5039,4369,2026-05-13 22:42:44,2554,NEQUI,$22.500,-,-
5038,4368,2026-05-13 22:42:09,7797,NEQUI,$18.000,-,-
5037,4367,2026-05-13 22:40:39,4918,NEQUI,$36.000,-,-
5036,4366,2026-05-13 22:39:12,7908,NEQUI,$22.000,-,-
5035,4365,2026-05-13 22:38:28,3645,EFECTIVO|20000.0+NEQUI|12000.0,$32.000,-,-
5034,4364,2026-05-13 22:37:37,0271,NEQUI,$12.000,-,-
5033,4363,2026-05-13 22:37:07,6961,EFECTIVO,$31.500,-,-
5032,4362,2026-05-13 22:36:32,Anyelo,NEQUI,$46.000,-,-
5031,4361,2026-05-13 22:36:01,4624,NEQUI,$43.000,-,-
5030,4360,2026-05-13 22:35:37,8562,EFECTIVO,$12.000,-,-
5029,4359,2026-05-13 22:35:02,8993,NEQUI,$32.000,-,-
5028,4358,2026-05-13 22:34:32,9573,EFECTIVO,$40.000,-,-
5027,4357,2026-05-13 22:33:58,8465,EFECTIVO,$24.000,-,-
5026,4356,2026-05-13 22:31:43,7298,EFECTIVO,$47.000,-,-
5025,4355,2026-05-13 22:29:51,0084,NEQUI,$38.000,-,-
5024,4354,2026-05-13 22:29:27,5850,NEQUI,$24.000,-,-
5023,4353,2026-05-13 22:28:54,7209,NEQUI,$39.000,-,-
5022,4352,2026-05-13 22:28:10,8409,EFECTIVO,$15.000,-,-
5021,4351,2026-05-13 22:16:27,punto,NEQUI,$15.000,pago punto,-
5020,4350,2026-05-13 22:12:44,punto,NEQUI,$24.000,pago punto,-
5019,4349,2026-05-13 22:08:19,punto,NEQUI,$85.000,pago punto,-
5018,4348,2026-05-13 22:07:46,punto,NEQUI,$17.000,pago punto,-
5017,4347,2026-05-13 21:54:47,punto,EFECTIVO,$47.500,pago punto,-
5016,4346,2026-05-13 21:42:23,punto,NEQUI,$21.000,pago punto,-
5015,4345,2026-05-13 21:32:46, punto,EFECTIVO,$27.500,pago punto,-
5014,4344,2026-05-13 21:14:23,punto,NEQUI,$36.000,pago punto,-
5013,4343,2026-05-13 21:13:50,punto,EFECTIVO,$18.500,pago punto,-
5012,4342,2026-05-13 20:38:33,punto,EFECTIVO,$12.000,pago punto,-
5011,4341,2026-05-13 20:33:27,punt,DAVIPLATA,$12.000,pago punto,-
5010,4340,2026-05-13 20:27:20,punto,EFECTIVO,$24.000,pago punto,-
5009,4339,2026-05-13 20:19:28,punto,EFECTIVO,$24.500,pago punto,-
5008,4338,2026-05-13 19:57:20,punto,NEQUI,$16.000,pago punto,-
5007,4337,2026-05-13 19:50:31,punto,EFECTIVO,$16.000,pago punto,-
5006,4336,2026-05-13 19:37:13,punto,EFECTIVO,$24.000,pago punto,-
5005,4335,2026-05-13 19:25:31,punto,NEQUI,$26.000,pago punto,-
5004,4334,2026-05-12 22:43:10,punto,NEQUI,$14.500,pago punto,-
5003,4333,2026-05-12 22:37:49,7969,EFECTIVO,$11.000,-,-
5002,4332,2026-05-12 22:22:17,Robinson,NEQUI,$16.000,-,-
5001,4331,2026-05-12 22:10:52,pago punto,NEQUI,$12.000,pago punto,-
5000,4330,2026-05-12 22:06:21,5761,NEQUI,$16.000,-,-
4999,4329,2026-05-12 22:05:37,7391,NEQUI,$33.000,-,-
4998,4328,2026-05-12 22:03:31,8365,DAVIPLATA,$26.000,-,-
4997,4327,2026-05-12 22:02:56,0570,NEQUI,$32.500,-,-
4996,4326,2026-05-12 22:00:28,8341,NEQUI,$31.000,-,-
4995,4325,2026-05-12 21:59:51,3682,NEQUI,$16.000,-,-
4994,4324,2026-05-12 21:58:22,9171,NEQUI,$14.000,-,-
4993,4323,2026-05-12 21:57:55,2817,NEQUI,$23.500,-,-
4992,4322,2026-05-12 21:57:16,8562,NEQUI,$54.000,-,-
4991,4321,2026-05-12 21:56:11,4241,NEQUI,$47.500,-,-
4990,4320,2026-05-12 21:53:54,8558,DAVIPLATA,$103.000,-,-
4989,4319,2026-05-12 21:52:18,3341,EFECTIVO,$24.000,-,-
4988,4318,2026-05-12 21:38:43,punto,NEQUI,$3.500,pago punto,-
4987,4317,2026-05-12 21:37:09,punto,NEQUI,$24.000,pago punto,-
4986,4316,2026-05-12 21:24:31,Danna,EFECTIVO,$14.500,pago punto,-
4985,4315,2026-05-12 20:59:46,punto,EFECTIVO,$42.000,pago punto,-
4984,4314,2026-05-12 20:56:55,punto,EFECTIVO,$28.000,pago punto,-
4983,4313,2026-05-12 20:07:24,punto,EFECTIVO,$15.500,pago punto,-
4982,4312,2026-05-12 20:03:43,punto,NEQUI,$14.000,pago punto,-
4981,4311,2026-05-12 19:54:19,Danna,NEQUI,$3.500,pago punto,-
4980,4310,2026-05-12 19:48:12,punto,NEQUI,$97.000,pago punto,-
4979,4309,2026-05-12 19:10:33,punto,NEQUI,$31.000,pago punto,-
4978,4308,2026-05-12 18:57:11,punto,NEQUI,$60.000,pago punto,-
4977,4307,2026-05-11 23:06:57,5642,NEQUI,$19.500,-,-
4976,4306,2026-05-11 23:05:31,6355,EFECTIVO,$15.000,-,-
4975,4305,2026-05-11 23:04:52,0516,NEQUI,$12.000,-,-
4974,4304,2026-05-11 23:03:24,7892,NEQUI|16500.0+EFECTIVO|4000.0,$20.500,-,-
4973,4303,2026-05-11 23:00:39,7975,NEQUI,$14.000,-,-
4972,4302,2026-05-11 23:00:14,8465,EFECTIVO,$24.000,-,-
4971,4301,2026-05-11 22:58:44,5743,NEQUI,$19.500,-,-
4970,4300,2026-05-11 22:57:48,9075,NEQUI,$18.000,-,-
4969,4299,2026-05-11 22:55:59,0274,EFECTIVO,$48.000,-,-
4968,4298,2026-05-11 22:53:46,7875,EFECTIVO,$34.000,-,-
4967,4297,2026-05-11 22:06:16,No especificado,DAVIPLATA,$38.500,-,-
4966,4296,2026-05-11 21:06:01,danna,NEQUI,$3.500,pago punto,-
4965,4295,2026-05-11 21:03:36,punto,DAVIPLATA,$26.500,pago punto,-
4964,4294,2026-05-11 21:01:12,punto,NEQUI,$23.000,pago punto,-
4963,4293,2026-05-11 20:39:47,punto,NEQUI,$24.000,pago punto,-
4962,4292,2026-05-11 20:21:55,punto,NEQUI,$12.000,pago punto,-
4961,4291,2026-05-11 20:15:24,punto,EFECTIVO,$46.000,pago punto,-
4960,4290,2026-05-11 20:14:08,punto,NEQUI,$31.500,punto,-
4959,4289,2026-05-11 19:56:11,punto,NEQUI,$44.000,pago punto,-
4958,4288,2026-05-11 19:46:02,punto,NEQUI,$33.500,pago punto,-
4957,4287,2026-05-11 19:41:12,punto ,EFECTIVO,$50.500,-,-
4956,4286,2026-05-10 00:58:35,paradaise,NEQUI,$18.000,-,-
4955,4285,2026-05-10 00:57:24,1050,NEQUI,$30.500,-,-
4954,4284,2026-05-10 00:56:25,5266,NEQUI,$40.000,-,-
4953,4283,2026-05-10 00:56:07,0660,EFECTIVO,$63.000,-,-
4952,4282,2026-05-10 00:55:39,5072,NEQUI,$20.000,-,-
4951,4281,2026-05-10 00:55:18,8666,EFECTIVO,$31.500,-,-
4950,4280,2026-05-10 00:54:27,3017,NEQUI,$32.000,-,-
4949,4279,2026-05-10 00:53:57,1198,NEQUI,$48.000,-,-
4948,4278,2026-05-10 00:52:53,1082,EFECTIVO,$33.000,-,-
4947,4277,2026-05-10 00:52:15,8313,EFECTIVO,$27.000,-,-
4946,4276,2026-05-10 00:51:48,7898,NEQUI,$20.500,-,-
4945,4275,2026-05-10 00:51:20,3104,DAVIPLATA,$42.000,-,-
4944,4274,2026-05-10 00:50:32,4199,EFECTIVO,$60.000,-,-
4943,4273,2026-05-10 00:50:03,5018,EFECTIVO,$41.000,-,-
4942,4272,2026-05-10 00:49:01,1949,NEQUI,$14.000,-,-
4941,4271,2026-05-10 00:48:42,2792,NEQUI,$31.000,-,-
4940,4270,2026-05-10 00:47:56,0848,NEQUI,$36.000,-,-
4939,4269,2026-05-10 00:47:26,2017,NEQUI,$19.500,-,-
4938,4268,2026-05-10 00:47:02,4241,NEQUI,$56.000,-,-
4937,4267,2026-05-10 00:46:36,9975,NEQUI,$38.000,-,-
4936,4266,2026-05-10 00:46:13,2826,EFECTIVO,$27.000,-,-
4935,4265,2026-05-10 00:44:12,0063,EFECTIVO,$51.000,-,-
4934,4264,2026-05-10 00:43:48,0274,EFECTIVO,$32.000,-,-
4933,4263,2026-05-10 00:43:19,1467,NEQUI,$15.000,-,-
4932,4262,2026-05-10 00:42:58,1127,NEQUI,$14.000,-,-
4931,4261,2026-05-10 00:27:38,punto,EFECTIVO,$15.500,pago punto,-
4930,4260,2026-05-10 00:22:44,punto,EFECTIVO,$30.000,pago punto,-
4929,4259,2026-05-10 00:14:00,punto,EFECTIVO,$11.000,pago punto,-
4928,4258,2026-05-10 00:13:38,punto,EFECTIVO,$23.000,pago punto,-
4927,4257,2026-05-09 23:56:32,punto,NEQUI,$50.000,pago punto,-
4926,4256,2026-05-09 23:46:57,punto,EFECTIVO,$7.000,pago punto,-
4925,4255,2026-05-09 23:43:52,punto,EFECTIVO,$40.000,pago punto,-
4924,4254,2026-05-09 23:38:39,punto,EFECTIVO,$43.500,pago punto,-
4923,4253,2026-05-09 23:35:38,punto,NEQUI,$28.500,pago punto,-
4922,4252,2026-05-09 23:28:24,punto,DAVIPLATA,$59.000,pago punto,-
4921,4251,2026-05-09 23:23:44,punto,EFECTIVO,$39.000,punto,-
4920,4250,2026-05-09 23:08:24,punto,EFECTIVO,$32.000,pago punto,-
4919,4249,2026-05-09 23:05:13,punto,EFECTIVO,$24.000,pago punto,-
4918,4248,2026-05-09 22:51:24,punto,EFECTIVO,$48.500,pago punto,-
4917,4247,2026-05-09 22:49:48,punto,NEQUI,$31.000,pago punto,-
4916,4246,2026-05-09 22:48:05,punto,EFECTIVO,$35.000,pago punto,-
4915,4245,2026-05-09 22:40:22,punto,EFECTIVO,$31.000,pago punto,-
4914,4244,2026-05-09 22:31:30,punto,NEQUI,$12.000,pago punto,-
4913,4243,2026-05-09 21:59:20,punto,EFECTIVO,$54.000,pago punto,-
4912,4242,2026-05-09 21:47:55,punto,EFECTIVO,$36.000,pago punto,-
4911,4241,2026-05-09 21:24:10,punto,EFECTIVO,$34.500,pago punto,-
4910,4240,2026-05-09 21:21:44,punto,EFECTIVO,$27.000,pago punto,-
4909,4239,2026-05-09 21:00:08,punto,NEQUI,$47.000,pago punto,-
4908,4238,2026-05-09 20:59:41,sandra godoy,EFECTIVO,$28.000,pago punto,-
4907,4237,2026-05-09 20:45:53,punto,DAVIPLATA,$62.000,pago punto,-
4906,4236,2026-05-09 20:31:18,punto,NEQUI,$17.500,pago punto,-
4905,4235,2026-05-09 20:15:29,punto,EFECTIVO,$24.000,pago punto,-
4904,4234,2026-05-09 20:08:50,punto,EFECTIVO,$7.000,pago punto,-
4903,4233,2026-05-09 20:02:57,punto,EFECTIVO,$22.500,pago punto,-
4902,4232,2026-05-09 19:53:18,punto,EFECTIVO,$63.000,pago punto,-
4901,4231,2026-05-09 19:49:34,punto,NEQUI,$49.000,pago punto,-
4900,4230,2026-05-09 19:48:47,punto,EFECTIVO,$15.500,pago punto,-
4899,4229,2026-05-09 19:47:08,punto,EFECTIVO,$26.500,pago punto,-
4898,4228,2026-05-09 19:23:15,punto,NEQUI,$20.000,pago punto,-
4897,4227,2026-05-09 19:10:48,pago punto,EFECTIVO,$16.500,pago punto,-
4896,4226,2026-05-08 23:45:32,punto,NEQUI,$24.500,-,-
4895,4225,2026-05-08 23:44:37,punto,EFECTIVO,$16.000,-,-
4894,4224,2026-05-08 23:30:37,1173,NEQUI,$24.000,-,-
4893,4223,2026-05-08 23:29:46,altamorada,NEQUI,$36.500,-,-
4892,4222,2026-05-08 23:28:50,74565,NEQUI,$27.500,-,-
4891,4221,2026-05-08 23:27:36,punto,EFECTIVO,$19.500,-,-
4890,4220,2026-05-08 23:26:57,8072,NEQUI,$31.000,-,-
4889,4219,2026-05-08 23:26:27,8465,EFECTIVO,$28.500,-,-
4888,4218,2026-05-08 23:25:47,9076,NEQUI,$98.000,-,-
4887,4217,2026-05-08 23:25:22,nails,NEQUI,$32.000,-,-
4886,4216,2026-05-08 23:25:00,3049,NEQUI,$17.500,-,-
4885,4215,2026-05-08 23:23:52,6189,DAVIPLATA,$27.000,-,-
4884,4214,2026-05-08 23:23:26,8456,EFECTIVO,$35.000,-,-
4883,4213,2026-05-08 23:22:51,0122 transf,NEQUI,$20.000,-,-
4882,4212,2026-05-08 23:22:12,7055,EFECTIVO,$24.000,-,-
4881,4211,2026-05-08 23:21:51,2554,NEQUI,$43.000,-,-
4880,4210,2026-05-08 23:21:17,9719,DAVIPLATA,$61.000,-,-
4879,4209,2026-05-08 23:20:36,8625,NEQUI,$24.000,-,-
4878,4208,2026-05-08 23:20:23,1321,NEQUI,$24.000,-,-
4877,4207,2026-05-08 23:20:03,1806,NEQUI,$12.000,-,-
4876,4206,2026-05-08 23:19:27,2010,NEQUI,$33.500,-,-
4875,4205,2026-05-08 23:03:48,punto,EFECTIVO,$43.000,pago punto,-
4874,4204,2026-05-08 23:01:02,punto,EFECTIVO,$43.000,pago punto,-
4873,4203,2026-05-08 22:41:02,punto,DAVIPLATA,$12.000,pago punto,-
4872,4202,2026-05-08 22:40:25,punto,EFECTIVO,$36.000,-,-
4871,4201,2026-05-08 22:38:42,punto,NEQUI|80000.0+EFECTIVO|9000.0,$89.000,pago punto,-
4870,4200,2026-05-08 22:36:05,punto,NEQUI,$37.500,pago punto,-
4869,4199,2026-05-08 22:29:47,punto,NEQUI,$56.000,pago punto,-
4868,4198,2026-05-08 22:03:02,punto,NEQUI,$92.000,pago punto,-
4867,4197,2026-05-08 22:01:19,punto,NEQUI,$31.000,pago punto,-
4866,4196,2026-05-08 21:34:25,punto,EFECTIVO,$47.000,punto,-
4865,4195,2026-05-08 21:32:18,punto,NEQUI,$73.000,pago punto,-
4864,4194,2026-05-08 21:18:47,punto,NEQUI,$34.500,pago punto,-
4863,4193,2026-05-08 20:40:10,punto,NEQUI,$48.000,pago punto,-
4862,4192,2026-05-08 20:35:48,danna,NEQUI,$3.500,pago punto,-
4861,4191,2026-05-08 20:28:14,punto,EFECTIVO,$17.000,pago punto,-
4860,4190,2026-05-08 19:47:58,mesa 2,EFECTIVO,$41.000,punto,-
4859,4189,2026-05-08 19:36:27,mesa1,NEQUI,$31.000,pago punto,-
4858,4188,2026-05-08 19:02:24,Danna,NEQUI,$11.000,pago punto,-
4857,4187,2026-05-08 18:53:03,milton,EFECTIVO,$24.000,pago punto,-
4856,4186,2026-05-08 18:23:24,punto,EFECTIVO,$42.000,pago punto,-
4855,4185,2026-05-07 23:31:39,robinson,NEQUI,$20.500,-,-
4854,4184,2026-05-07 23:04:03,6235,NEQUI,$12.000,-,-
4853,4183,2026-05-07 23:00:41,8895,NEQUI,$32.000,-,-
4852,4182,2026-05-07 22:59:19,1133,EFECTIVO,$32.000,-,-
4851,4181,2026-05-07 22:56:15,8266,NEQUI,$27.000,-,-
4850,4180,2026-05-07 22:55:42,8463,EFECTIVO,$35.500,-,-
4849,4179,2026-05-07 22:55:00,6291,NEQUI,$36.000,-,-
4848,4178,2026-05-07 22:54:41,7360,NEQUI,$12.000,-,-
4847,4177,2026-05-07 22:54:13,9573,EFECTIVO,$44.000,-,-
4846,4176,2026-05-07 22:53:39,8597,NEQUI,$63.000,-,-
4845,4175,2026-05-07 22:52:17,2977,EFECTIVO,$51.000,-,-
4844,4174,2026-05-07 22:51:46,8133,EFECTIVO,$48.000,-,-
4843,4173,2026-05-07 22:51:06,5827,DAVIPLATA,$24.000,-,-
4842,4172,2026-05-07 22:50:30,0581,NEQUI,$15.500,-,-
4841,4171,2026-05-07 22:49:55,punto,EFECTIVO,$38.500,-,-
4840,4170,2026-05-07 22:47:22,punto,EFECTIVO,$34.000,pago punto,-
4839,4169,2026-05-07 22:01:40,punto,NEQUI,$20.500,pago punto,-
4838,4168,2026-05-07 21:48:32,punto,EFECTIVO,$37.000,-,-
4837,4167,2026-05-07 21:47:55,punto,EFECTIVO,$49.500,pago punto,-
4836,4166,2026-05-07 21:27:02,punto,EFECTIVO,$15.000,pago punto,-
4835,4165,2026-05-07 20:49:18,punto,NEQUI,$28.000,pago punto,-
4834,4164,2026-05-07 20:47:56,punto,EFECTIVO,$29.000,pago punto,-
4833,4163,2026-05-07 20:46:56,punto,EFECTIVO|50000.0+NEQUI|7000.0,$57.000,pago punto,-
4832,4162,2026-05-07 20:34:19,punto,NEQUI,$27.500,pago punto,-
4831,4161,2026-05-07 20:33:33,punto,EFECTIVO,$53.000,pago punto,-
4830,4160,2026-05-07 20:19:46,punto,DAVIPLATA,$15.500,-,-
4829,4159,2026-05-07 20:18:39,punto ,EFECTIVO,$39.000,-,-
4828,4158,2026-05-07 20:15:55,anyelo,NEQUI,$3.500,-,-
4827,4157,2026-05-07 19:58:35,punto,EFECTIVO,$36.000,pago punto,-
4826,4156,2026-05-06 22:57:18,verdura,EFECTIVO,$-20.000,pago punto,-
4825,4155,2026-05-06 22:56:53,pand sand,EFECTIVO,$-9.000,pago punto,-
4824,4154,2026-05-06 22:52:40,cambio de freddy,EFECTIVO,$4.000,pago punto,-
4823,4153,2026-05-06 22:51:46,collar tonel vueltas nequi,NEQUI,$4.000,pago punto,-
4822,4152,2026-05-06 22:50:57,pago collar tonel ,EFECTIVO,$-2.000,pago punto,-
4821,4151,2026-05-06 22:50:24,6361,EFECTIVO,$32.000,Frontino,-
4820,4150,2026-05-06 22:49:35,3268,NEQUI,$27.000,paking torres,-
4819,4149,2026-05-06 22:48:45,mesa inoxidable,NEQUI,$12.000,pasan,-
4818,4148,2026-05-06 22:47:14,0353,NEQUI,$32.000,Sie 3,-
4817,4147,2026-05-06 22:46:09,2825,NEQUI,$11.000,Amazilia,-
4816,4146,2026-05-06 22:44:46,7028,NEQUI,$38.000,Andaríos,-
4815,4145,2026-05-06 22:43:39,4349,NEQUI,$25.000,tilos pueblo,-
4814,4144,2026-05-06 22:42:48,2496,EFECTIVO,$24.000,Sie 3,-
4813,4143,2026-05-06 22:42:26,000 danna ,EFECTIVO,$12.000,pasa,-
4812,4142,2026-05-06 22:41:38,9992,NEQUI,$12.000,ibiz,-
4811,4141,2026-05-06 22:41:14,6441,NEQUI,$16.000,verona,-
4810,4140,2026-05-06 22:40:33,0274,EFECTIVO,$36.000,sie 1,-
4809,4139,2026-05-06 22:21:51,7908,EFECTIVO,$26.500,Aracari,-
4808,4138,2026-05-06 22:20:40,5394,NEQUI,$32.500,Aracari,-
4807,4137,2026-05-06 22:19:09,2401,NEQUI,$30.500,Milano,-
4806,4136,2026-05-06 22:18:41,8597,NEQUI,$29.500,olivo,-
4805,4135,2026-05-06 22:18:13,mesa 3 sadn,EFECTIVO,$46.500,pago punto,-
4804,4134,2026-05-06 21:47:14,punto,NEQUI,$15.500,pago punto,-
4803,4133,2026-05-06 21:14:39,mesa 6,EFECTIVO|20000.0+NEQUI|38000.0,$58.000,pago punto,-
4802,4132,2026-05-06 21:05:17,mesa 1,NEQUI,$23.000,pago punto,-
4801,4131,2026-05-06 21:02:55,freddy cambio de nequi a efectivo ,EFECTIVO,$-26.000,pago punto,-
4800,4130,2026-05-06 20:55:31,mesa 5 sand,EFECTIVO,$31.000,pago punto,-
4799,4129,2026-05-06 20:45:22,punto,NEQUI,$9.000,pago punto,-
4798,4128,2026-05-06 20:44:05,PUNTO,NEQUI,$40.000,pago punto,-
4797,4127,2026-05-06 20:21:51,mesa 3,EFECTIVO,$26.000,pago punto,-
4796,4126,2026-05-06 20:21:15,mesa 5,NEQUI,$45.000,pago punto,-
4795,4125,2026-05-06 20:07:19,mesa 1,EFECTIVO,$25.000,pago punto,-
4794,4124,2026-05-06 19:41:43,MESA 3,EFECTIVO,$83.000,pago punto,-
4793,4123,2026-05-06 19:28:53,MESA 1,DAVIPLATA,$24.000,pago punto,-
4792,4122,2026-05-06 19:17:29,AUTO NEGRO,EFECTIVO,$11.000,pago punto,-
4791,4121,2026-05-06 19:10:35,SAND 3X,EFECTIVO,$36.000,pago punto,-
4790,4120,2026-05-06 18:45:30,pan sand,EFECTIVO,$-17.500,pago punto,-
4789,4119,2026-05-06 00:00:26,vegetales,EFECTIVO,$-6.000,pago punto,-
4788,4118,2026-05-05 23:59:26,pan sand,EFECTIVO,$-15.000,pago punto,-
4787,4117,2026-05-05 23:51:08,mesa 2,NEQUI,$19.500,pago punto,-
4786,4116,2026-05-05 23:39:48,mesa taxi,EFECTIVO,$29.000,pago punto,-
4785,4115,2026-05-05 23:30:16,altamorada,NEQUI,$21.500,altamorada,-
4784,4114,2026-05-05 23:25:57,3867,NEQUI,$20.000,al frente iglesia,-
4783,4113,2026-05-05 23:25:08,deyver,NEQUI,$17.000,industrial,-
4782,4112,2026-05-05 23:23:38,5433,EFECTIVO,$37.500,alameda,-
4781,4111,2026-05-05 23:23:01,9103,NEQUI,$32.000,sie 1,-
4780,4110,2026-05-05 23:22:29,3457,NEQUI,$18.500,cancha verona,-
4779,4109,2026-05-05 23:16:55,9403,DAVIPLATA,$56.000,bomba bavaria,-
4778,4108,2026-05-05 23:16:18,5234,NEQUI,$24.000,Frontino,-
4777,4107,2026-05-05 23:15:23,juan altamorada,NEQUI,$34.500,altamorada,-
4776,4106,2026-05-05 23:10:04,0337,EFECTIVO|14000.0+NEQUI|12000.0,$26.000,Sie 4,-
4775,4105,2026-05-05 23:04:49,3050,NEQUI,$13.000,olivos,-
4774,4104,2026-05-05 23:03:23,9271,EFECTIVO,$41.500,reja milano,-
4773,4103,2026-05-05 22:53:36,mesa 1 mazor papas,EFECTIVO|40000.0+NEQUI|20000.0,$60.000,pago punto,-
4772,4102,2026-05-05 22:52:41,veci volvio,NEQUI,$35.500,pago punto,-
4771,4101,2026-05-05 22:39:56,chaqueta moshe llevar,DAVIPLATA|25000.0+EFECTIVO|3500.0,$28.500,pago punto,-
4770,4100,2026-05-05 22:14:32,mesa 4,NEQUI,$26.000,pago punto,-
4769,4099,2026-05-05 21:56:00,mesa 1,NEQUI,$16.000,pago punto,-
4768,4098,2026-05-05 21:11:37,mesa 3,NEQUI|6500.0+EFECTIVO|22000.0,$28.500,pago punto,-
4767,4097,2026-05-05 21:08:37,0271,NEQUI,$49.500,verona,-
4766,4096,2026-05-05 21:08:06,mesa 2,NEQUI,$25.500,pago punto,-
4765,4095,2026-05-05 20:46:58,mesa 1,NEQUI,$29.000,pago punto,-
4764,4094,2026-05-05 20:42:22,pago mesa 5,EFECTIVO,$46.500,pago punto,-
4763,4093,2026-05-05 20:26:13,0084,NEQUI,$49.000,Jilguero,-
4762,4092,2026-05-05 20:23:35,mesa 3 ,NEQUI,$50.500,pago punto,-
4761,4091,2026-05-05 20:19:49,mesa para llevar,NEQUI,$31.000,pago punto,-
4760,4090,2026-05-05 20:15:10,panaderia,EFECTIVO,$48.000,pago punto,-
4759,4089,2026-05-05 20:03:11,mesa 2,NEQUI,$38.000,pago punto,-
4758,4088,2026-05-05 19:45:56,pago mesac fondo,EFECTIVO,$36.000,pago punto,-
4757,4087,2026-05-05 19:30:24,mixta,DAVIPLATA,$17.000,pago punto,-
4756,4086,2026-05-05 19:29:20,sand llevar,DAVIPLATA,$24.000,pago punto,-
4755,4085,2026-05-05 19:25:54,olivos,NEQUI,$14.000,Terranova,-
4754,4084,2026-05-05 19:20:37,sandxespacia,NEQUI,$23.000,pago punto,-
4753,4083,2026-05-05 19:02:42,GAS ,EFECTIVO,$-115.000,pago punto,-
4752,4082,2026-05-05 00:18:45,punto,EFECTIVO,$32.000,pago punto,-
4751,4081,2026-05-05 00:01:01,pago anyelo,NEQUI,$-30.000,pago punto,-
4750,4080,2026-05-05 00:00:38,pan sand,EFECTIVO,$-15.000,pago punto,-
4749,4079,2026-05-04 23:52:43,mesac 3 taxi,EFECTIVO,$19.500,pago punto,-
4748,4078,2026-05-04 23:52:25,mesa 5 taxi,EFECTIVO,$18.500,pago punto,-
4747,4077,2026-05-04 23:38:36,2891,NEQUI,$24.500,2891,-
4746,4076,2026-05-04 23:33:24,7467,NEQUI,$69.500,sie 2,-
4745,4075,2026-05-04 23:32:34,juan toca,EFECTIVO,$16.000,Amazilia,-
4744,4074,2026-05-04 23:31:22,mesa 5 pasan,NEQUI,$31.000,pago punto,-
4743,4073,2026-05-04 23:30:06,1255,EFECTIVO,$24.000,Amazilia,-
4742,4072,2026-05-04 23:29:40,4523,NEQUI,$34.000,bosques arrayan,-
4741,4071,2026-05-04 23:29:12,8901 al dia,EFECTIVO,$50.000,Batará,-
4740,4070,2026-05-04 23:28:17,7912,EFECTIVO,$36.500,pasan,-
4739,4069,2026-05-04 23:27:38,0790,NEQUI,$16.000,pasan,-
4738,4068,2026-05-04 23:23:18,9171,NEQUI,$13.000,tilos,-
4737,4067,2026-05-04 23:22:30,7127,NEQUI,$47.000,Amazilia,-
4736,4066,2026-05-04 23:22:01,1114,EFECTIVO,$38.000,felicia,-
4735,4065,2026-05-04 23:21:13,7402,NEQUI,$31.000,Amazilia,-
4734,4064,2026-05-04 23:20:46,2817,NEQUI,$21.500,pizzeria,-
4733,4063,2026-05-04 23:09:08,mesa 3 llevar,NEQUI,$38.500,pago punto,-
4732,4062,2026-05-04 21:51:15,punto,EFECTIVO,$28.500,pago punto,-
4731,4061,2026-05-04 21:06:38,punto,EFECTIVO,$50.500,pago punto,-
4730,4060,2026-05-04 20:39:28,punto,NEQUI,$49.000,pago punto,-
4729,4059,2026-05-04 20:33:35,mesa 5,EFECTIVO,$41.500,pago punto,-
4728,4058,2026-05-04 20:29:47,mesa 1,NEQUI,$70.000,pago punto,-
4727,4057,2026-05-04 20:08:05,punto,EFECTIVO,$56.500,pago punto,-
4726,4056,2026-05-04 20:05:53,punto,NEQUI,$18.500,pago punto,-
4725,4055,2026-05-04 19:55:36,2953,EFECTIVO,$19.500,Sie 3,-
4724,4054,2026-05-04 19:41:23,8596,EFECTIVO,$28.000,puertas sol 2,-
4723,4053,2026-05-04 19:37:28,mazorcada papa,EFECTIVO,$19.000,pago punto,-
4722,4052,2026-05-04 19:29:15,mesa 2,EFECTIVO,$27.500,pago punto,-
4721,4051,2026-05-04 19:24:09,4692,NEQUI,$19.500,bosques arrayan,-
4720,4050,2026-05-04 19:22:31,1927,EFECTIVO,$19.000,altamorada,-
4719,4049,2026-05-04 19:00:48,3663,NEQUI,$12.000,callejon,-
4718,4048,2026-05-03 01:00:51,5885,DAVIPLATA,$18.000,-,-
4717,4047,2026-05-03 01:00:07,8734,NEQUI,$34.500,-,-
4716,4046,2026-05-03 00:58:33,9266,EFECTIVO,$22.000,-,-
4715,4045,2026-05-03 00:57:42,0000,NEQUI,$36.000,-,-
4714,4044,2026-05-03 00:56:41,pataquiva,NEQUI,$9.000,-,-
4713,4043,2026-05-03 00:55:56,sarna,NEQUI,$12.000,-,-
4712,4042,2026-05-03 00:55:12,8161,EFECTIVO,$19.000,-,-
4711,4041,2026-05-03 00:53:21,3541,NEQUI,$14.000,-,-
4710,4040,2026-05-03 00:52:38,4095,EFECTIVO,$36.000,-,-
4709,4039,2026-05-03 00:48:37,0861,NEQUI,$66.000,-,-
4708,4038,2026-05-03 00:43:54,4928,NEQUI,$51.000,-,-
4707,4037,2026-05-03 00:42:40,5697,NEQUI,$31.000,-,-
4706,4036,2026-05-03 00:41:55,8269,NEQUI,$28.000,-,-
4705,4035,2026-05-03 00:41:26,7908,DAVIPLATA,$9.000,-,-
4704,4034,2026-05-03 00:40:46,3340,NEQUI,$33.000,-,-
4703,4033,2026-05-03 00:40:04,9268,NEQUI,$44.000,-,-
4702,4032,2026-05-03 00:38:49,4020,EFECTIVO,$75.000,-,-
4701,4031,2026-05-03 00:37:13,3236,NEQUI,$16.000,-,-
4700,4030,2026-05-03 00:36:51,8945,NEQUI,$24.000,-,-
4699,4029,2026-05-03 00:35:41,0100,NEQUI,$31.000,-,-
4698,4028,2026-05-03 00:35:04,6736,DAVIPLATA,$37.000,-,-
4697,4027,2026-05-03 00:34:31,3707,NEQUI,$28.000,-,-
4696,4026,2026-05-03 00:32:22,1708,NEQUI,$23.000,-,-
4695,4025,2026-05-03 00:31:51,sie 100,EFECTIVO,$43.000,-,-
4694,4024,2026-05-03 00:31:14,1635,EFECTIVO,$27.000,-,-
4693,4023,2026-05-02 23:46:46,neqwui,NEQUI,$11.000,-,-
4692,4022,2026-05-02 23:22:20,punto,NEQUI,$28.500,pago punto,-
4691,4021,2026-05-02 22:49:12,punto,EFECTIVO,$48.000,pago punto,-
4690,4020,2026-05-02 22:34:01,vegetales,EFECTIVO,$-18.000,pago punto,-
4689,4019,2026-05-02 22:29:52,chiccas ,NEQUI,$7.000,-,-
4688,4018,2026-05-02 22:29:27,chicas mazorcada,NEQUI,$32.000,-,-
4687,4017,2026-05-02 22:26:53,chico doble ,NEQUI,$28.500,-,-
4686,4016,2026-05-02 22:23:45,punto,NEQUI,$25.000,pago punto,-
4685,4015,2026-05-02 22:23:13,punto,EFECTIVO,$33.000,pago punto,-
4684,4014,2026-05-02 22:19:28,punto,EFECTIVO,$9.000,pago punto,-
4683,4013,2026-05-02 22:04:58,punto,EFECTIVO,$35.500,pago punto,-
4682,4012,2026-05-02 21:59:23,punto,NEQUI,$48.500,pago punto,-
4681,4011,2026-05-02 21:54:34,punto,EFECTIVO,$33.000,pago punto,-
4680,4010,2026-05-02 21:54:06,punto,NEQUI|26000.0+EFECTIVO|16000.0,$42.000,pago punto,-
4679,4009,2026-05-02 21:31:38,punto,EFECTIVO,$58.000,pago punto,-
4678,4008,2026-05-02 21:18:25,salchpapa,EFECTIVO,$15.000,-,-
4677,4007,2026-05-02 20:24:25,Castro,EFECTIVO,$61.000,pago punto,-
4676,4006,2026-05-02 20:23:09,punto,NEQUI,$16.000,pago punto,-
4675,4005,2026-05-02 20:16:57,mesa fondo,EFECTIVO,$44.000,pago punto,-
4674,4004,2026-05-02 20:11:17,punto,NEQUI,$67.000,pago punto,-
4673,4003,2026-05-02 19:27:38,punto,EFECTIVO,$75.000,pago punto,-
4672,4002,2026-05-01 23:58:37,5676,EFECTIVO,$38.000,venti,-
4671,4001,2026-05-01 23:57:49,2620,NEQUI,$36.000,ok,-
4670,4000,2026-05-01 23:23:36,0516,NEQUI,$16.000,pasan,-
4669,3999,2026-05-01 23:23:11,7803,EFECTIVO,$48.000,pasan,-
4668,3998,2026-05-01 23:20:37,3167,NEQUI,$14.000,puertas 2,-
4667,3997,2026-05-01 23:18:27,6111,EFECTIVO,$80.000,batara,-
4666,3996,2026-05-01 23:17:55,5715,NEQUI,$39.500,Amazilia,-
4665,3995,2026-05-01 23:16:12,4512,EFECTIVO,$39.000,Batará,-
4664,3994,2026-05-01 23:13:47,vecina mesa 1,EFECTIVO,$45.000,pago punto,-
4663,3993,2026-05-01 23:00:05,sand para llevar buzo blanco,NEQUI,$27.500,pago punto,-
4662,3992,2026-05-01 22:53:56,7157,EFECTIVO,$25.000,pasan,-
4661,3991,2026-05-01 22:46:49,punto,EFECTIVO,$58.000,pago punto,-
4660,3990,2026-05-01 22:09:43,vecinos costeños,EFECTIVO,$51.000,pago punto,-
4659,3989,2026-05-01 22:06:38,sand 2x ,EFECTIVO,$26.000,pago punto,-
4658,3988,2026-05-01 21:56:08,4991,DAVIPLATA,$21.000,Torre de San Juan 28B,-
4657,3987,2026-05-01 21:52:39,8063,NEQUI,$11.000,Sie 1,-
4656,3986,2026-05-01 21:51:12,6430,EFECTIVO,$15.500,Amazilia,-
4655,3985,2026-05-01 21:49:27,7238,NEQUI,$24.500,Sie 2,-
4654,3984,2026-05-01 21:48:46,7778,NEQUI,$48.000,batara,-
4653,3983,2026-05-01 21:48:08,1800|,NEQUI,$24.000,Jilguero,-
4652,3982,2026-05-01 21:47:31,3183,NEQUI,$36.000,acacias,-
4651,3981,2026-05-01 21:41:32,2848,NEQUI,$30.500,callejon chancha,-
4650,3980,2026-05-01 21:40:56,1770,EFECTIVO,$27.000,moreli,-
4649,3979,2026-05-01 21:39:58,3601,NEQUI,$24.000,pasan,-
4648,3978,2026-05-01 21:39:24,dharma,NEQUI,$24.000,pasan,-
4647,3977,2026-05-01 21:38:39,0063,EFECTIVO,$51.000,tocarinda,-
4646,3976,2026-05-01 21:37:54,6048,EFECTIVO,$32.000,Jilguero,-
4645,3975,2026-05-01 21:37:04,6840,DAVIPLATA,$19.500,Amazilia,-
4644,3974,2026-05-01 21:25:39,mixtas,NEQUI,$49.000,-,-
4643,3973,2026-05-01 21:24:53,chicos ,NEQUI,$29.500,-,-
4642,3972,2026-05-01 21:14:29,mesa 4 especiales,NEQUI,$58.500,-,-
4641,3971,2026-05-01 20:59:36,mesa fondo llevar,NEQUI,$48.000,pago punto,-
4640,3970,2026-05-01 20:32:33,mesa fondo niño,NEQUI,$34.500,pago punto,-
4639,3969,2026-05-01 20:29:46,mesa 2 div,EFECTIVO,$61.000,pago punto,-
4638,3968,2026-05-01 20:26:43,mesa leo 100,EFECTIVO,$34.500,pago punto,-
4637,3967,2026-05-01 20:24:52,mesa 5,EFECTIVO,$31.000,pago punto,-
4636,3966,2026-05-01 20:23:29,mesa 1 gran familia,NEQUI,$186.000,pago punto,-
4635,3965,2026-05-01 20:10:53,mesa pipe,NEQUI,$50.500,pago punto,-
4634,3964,2026-05-01 20:05:17,mesa 5,NEQUI,$36.000,pago punto,-
4633,3963,2026-05-01 20:02:01,para llevar punto,EFECTIVO,$22.000,pago punto,-
4632,3962,2026-05-01 19:53:15,mesa 2,NEQUI,$31.000,pago punto,-
4631,3961,2026-05-01 19:52:47,salchicpapa,NEQUI,$22.000,pago punto,-
4630,3960,2026-05-01 19:36:35,punto,NEQUI,$48.000,pago punto,-
4629,3959,2026-05-01 00:02:47,7893,NEQUI,$16.000,-,-
4628,3958,2026-05-01 00:01:47,6189,NEQUI,$20.500,-,-
4627,3957,2026-05-01 00:00:50,9603,NEQUI,$36.000,-,-
4626,3956,2026-05-01 00:00:28,3050,NEQUI,$31.000,-,-
4625,3955,2026-04-30 23:48:57,mesa 3 espereme,NEQUI,$33.500,pago punto,-
4624,3954,2026-04-30 23:47:18,3xchorriperro,NEQUI,$21.000,pago punto,-
4623,3953,2026-04-30 23:45:59,3841,NEQUI,$50.000,pasan,-
4622,3952,2026-04-30 23:42:19,mesa fondo futbol,NEQUI,$41.000,pago punto,-
4621,3951,2026-04-30 23:40:24,3867,EFECTIVO,$16.000,Aracari,-
4620,3950,2026-04-30 23:39:23,6089,DAVIPLATA,$18.500,Andaríos,-
4619,3949,2026-04-30 23:38:55,7789,NEQUI,$49.000,Batará,-
4618,3948,2026-04-30 23:38:26,8407,EFECTIVO|2000.0+NEQUI|31000.0,$33.000,Alondra,-
4617,3947,2026-04-30 23:37:39,6430,NEQUI,$26.500,pasan,-
4616,3946,2026-04-30 23:37:09,4512,EFECTIVO,$39.000,Batará,-
4615,3945,2026-04-30 23:36:36,00 DEYVER,EFECTIVO|12000.0+NEQUI|28000.0,$40.000,INDUSTRIAL,-
4614,3944,2026-04-30 23:35:08,0560 SIE 1,NEQUI,$16.000,Sie 1,-
4613,3943,2026-04-30 23:32:00,1198,DAVIPLATA,$38.000,Andaríos,-
4612,3942,2026-04-30 23:31:14,MESA 5,NEQUI,$63.000,pago punto,-
4611,3941,2026-04-30 23:27:59,7956,NEQUI,$32.000,PASAN,-
4610,3940,2026-04-30 23:27:24,7252,NEQUI,$32.500,PORTOFINO,-
4609,3939,2026-04-30 23:26:45,5831,EFECTIVO,$11.000,bosques alizos,-
4608,3938,2026-04-30 23:26:19,2151,DAVIPLATA,$53.000,Frontino,-
4607,3937,2026-04-30 23:21:30,5018,NEQUI,$48.000,Amazilia,-
4606,3936,2026-04-30 23:20:55,7780,NEQUI,$36.000,sie 1,-
4605,3935,2026-04-30 23:20:30,4733,NEQUI,$39.000,sie 3,-
4604,3934,2026-04-30 23:19:54,johan,NEQUI,$31.000,rueda sanja,-
4603,3933,2026-04-30 23:19:04,0581,NEQUI,$11.000,Ibis,-
4602,3932,2026-04-30 23:13:35,mesa 3/4 combos,NEQUI,$92.500,pago punto,-
4601,3931,2026-04-30 23:10:10,mesa 1,NEQUI,$39.000,pago punto,-
4600,3930,2026-04-30 23:09:02,6594,NEQUI,$27.000,teka,-
4599,3929,2026-04-30 23:08:04,0880,EFECTIVO,$28.000,Aracari,-
4598,3928,2026-04-30 23:07:13,JOFER PRIMO,EFECTIVO,$18.000,pasan,-
4597,3927,2026-04-30 23:04:59,9992,EFECTIVO,$46.000,Ibis,-
4596,3926,2026-04-30 23:03:41,7438,NEQUI,$36.000,PASAN,-
4595,3925,2026-04-30 23:03:17,9694,DAVIPLATA,$26.500,Batará,-
4594,3924,2026-04-30 22:42:11,MESA FONDO,NEQUI,$11.000,pago punto,-
4593,3923,2026-04-30 22:24:00,MESA 4 LAVADERO,NEQUI,$60.000,pago punto,-
4592,3922,2026-04-30 22:22:25,MESA PARALEVARL ,EFECTIVO,$30.000,pago punto,-
4591,3921,2026-04-30 22:07:26,SAND LLEVAR,EFECTIVO,$40.000,pago punto,-
4590,3920,2026-04-30 21:56:13,MESA FONDO,NEQUI,$45.000,pago punto,-
4589,3919,2026-04-30 21:54:54,mesa 1,NEQUI,$36.500,pago punto,-
4588,3918,2026-04-30 21:53:17,MESA 5,EFECTIVO,$62.500,pago punto,-
4587,3917,2026-04-30 21:51:46,VECINI LEO,DAVIPLATA,$34.500,pago punto,-
4586,3916,2026-04-30 21:40:28,AUTO ROJO,EFECTIVO,$16.000,pago punto,-
4585,3915,2026-04-30 21:14:09,PUNTO,EFECTIVO,$16.000,pago punto,-
4584,3914,2026-04-30 21:11:42,MESA 1,NEQUI,$94.000,pago punto,-
4583,3913,2026-04-30 21:04:03,MIX PARA LLEVAR,NEQUI,$17.000,pago punto,-
4582,3912,2026-04-30 20:59:54,SAND LLEVAR,NEQUI,$48.000,pago punto,-
4581,3911,2026-04-30 20:58:46,MESA FONDO,NEQUI,$44.000,pago punto,-
4580,3910,2026-04-30 20:52:17,PUNTO,NEQUI,$33.000,pago punto,-
4579,3909,2026-04-30 20:40:40,MESA 2 MARZO,NEQUI,$16.000,pago punto,-
4578,3908,2026-04-30 20:35:08,mesa 4,EFECTIVO,$32.000,pago punto,-
4577,3907,2026-04-30 20:23:43,2x  especiales,NEQUI,$22.000,pago punto,-
4576,3906,2026-04-30 20:19:40,para llevar,EFECTIVO,$36.500,pago punto,-
4575,3905,2026-04-30 20:15:32,MESA 1,NEQUI,$60.500,pago punto,-
4574,3904,2026-04-30 20:07:17,MESA 2,EFECTIVO,$75.500,pago punto,-
4573,3903,2026-04-30 00:10:43,mesa 3 ,NEQUI,$29.000,pago punto,-
4572,3902,2026-04-30 00:04:54,mesa borrachin,EFECTIVO,$22.000,pago punto,-
4571,3901,2026-04-29 23:30:59,mesa 1,NEQUI,$24.000,pago punto,-
4570,3900,2026-04-29 23:30:14,mesa 2,NEQUI,$35.500,pago punto,-
4569,3899,2026-04-29 23:29:21,e3x especiales,NEQUI,$33.000,pago punto,-
4568,3898,2026-04-29 23:28:44,3xdobles,NEQUI,$56.000,pago punto,-
4567,3897,2026-04-29 23:25:10,0516 36+4 mil,NEQUI,$40.000,al frente iglesia,-
4566,3896,2026-04-29 23:24:23,deyver,NEQUI,$19.500,industrial,-
4565,3895,2026-04-29 23:23:58,5588,NEQUI,$17.000,acacias,-
4564,3894,2026-04-29 22:38:05,8065,NEQUI,$16.000,torre 19,-
4563,3893,2026-04-29 22:37:44,tomates,EFECTIVO,$-6.000,pago punto,-
4562,3892,2026-04-29 22:37:26,pan sand,EFECTIVO,$-12.500,pago punto,-
4561,3891,2026-04-29 22:36:29,Veci auto rojo,DAVIPLATA,$22.000,pago punto,-
4560,3890,2026-04-29 22:12:35,4918,NEQUI,$39.500,prados sabana,-
4559,3889,2026-04-29 22:11:56,1595,NEQUI,$23.000,Sie 1,-
4558,3888,2026-04-29 22:11:29,5642,NEQUI,$18.000,Milano,-
4557,3887,2026-04-29 22:11:09,7028,NEQUI,$20.500,teka,-
4556,3886,2026-04-29 22:10:19,plata sandoval,EFECTIVO,$-12.000,pago punto,-
4555,3885,2026-04-29 22:03:47,7238,NEQUI,$36.000,sie 2,-
4554,3884,2026-04-29 22:02:48,0084,NEQUI,$53.500,Jilguero,-
4553,3883,2026-04-29 22:01:06,aida,NEQUI,$30.000,casa,-
4552,3882,2026-04-29 22:00:36,3284,NEQUI,$32.500,Aracari,-
4551,3881,2026-04-29 21:59:36,5183,EFECTIVO,$15.000,alamos,-
4550,3880,2026-04-29 21:58:51,3095,NEQUI,$22.000,Batará,-
4549,3879,2026-04-29 21:58:23,3102,NEQUI,$41.000,felicia,-
4548,3878,2026-04-29 21:57:49,8597,NEQUI,$21.000,olivos,-
4547,3877,2026-04-29 21:54:10,9426,EFECTIVO,$27.000,hormiga,-
4546,3876,2026-04-29 21:53:35,9992,NEQUI,$24.000,Ibis,-
4545,3875,2026-04-29 21:53:11,moto,NEQUI,$16.000,pago punto,-
4544,3874,2026-04-29 21:52:51,mesa fondo,EFECTIVO,$40.000,pago punto,-
4543,3873,2026-04-29 21:52:08,chica 7,NEQUI,$24.000,Amazilia,-
4542,3872,2026-04-29 21:50:54,mesa fondo,NEQUI|17000.0+EFECTIVO|15500.0,$32.500,pago punto,-
4541,3871,2026-04-29 21:44:02,chica auto,NEQUI,$23.000,pago punto,-
4540,3870,2026-04-29 20:33:47,mesa 2,NEQUI,$70.000,pago punto,-
4539,3869,2026-04-29 20:06:47,mesa 1,EFECTIVO,$36.000,pago punto,-
4538,3868,2026-04-28 23:18:21,deyver,EFECTIVO,$15.500,industrial,-
4537,3867,2026-04-28 23:11:22,marzocada cierre,EFECTIVO,$19.500,pago punto,-
4536,3866,2026-04-28 23:06:25,4576,EFECTIVO,$59.000,pasan,-
4535,3865,2026-04-28 22:41:05,8065,NEQUI,$12.000,Torre de San Juan 19B,-
4534,3864,2026-04-28 22:30:23,especial moto,DAVIPLATA,$11.000,pago punto,-
4533,3863,2026-04-28 21:23:53,gym ,NEQUI,$53.000,pago punto,-
4532,3862,2026-04-28 21:15:12,sandra,EFECTIVO,$55.500,pago punto,-
4531,3861,2026-04-28 21:09:07,7127|,DAVIPLATA,$31.500,Amazilia,-
4530,3860,2026-04-28 20:55:20,PUNTO,NEQUI,$28.000,pago punto,-
4529,3859,2026-04-28 20:38:37,pan de sand,EFECTIVO,$-17.500,pago punto,-
4528,3858,2026-04-28 20:38:08,papas chip,EFECTIVO,$-11.000,pago punto,-
4527,3857,2026-04-28 20:37:34,panaderi,EFECTIVO,$48.000,pago punto,-
4526,3856,2026-04-28 20:20:00,1910,DAVIPLATA,$28.000,Amazilia,-
4525,3855,2026-04-28 20:14:44,3511,DAVIPLATA,$12.000,alfrente milano,-
4524,3854,2026-04-28 20:13:53,6961,EFECTIVO,$31.000,mirador del campo,-
4523,3853,2026-04-28 20:12:33,00 sie 1,NEQUI,$24.000,Sie 1,-
4522,3852,2026-04-28 20:11:59,8393,EFECTIVO,$32.000,Jilguero,-
4521,3851,2026-04-28 20:11:29,9272,NEQUI,$24.000,Andaríos,-
4520,3850,2026-04-28 20:10:36,0880,DAVIPLATA,$15.000,Aracari,-
4519,3849,2026-04-28 19:55:59,7321,NEQUI,$24.000,altamorada,-
4518,3848,2026-04-28 19:55:34,1002,NEQUI,$20.500,batara,-
4517,3847,2026-04-28 19:55:06,2000,NEQUI,$60.000,Amazilia,-
4516,3846,2026-04-28 19:47:53,2953,EFECTIVO,$39.000,Sie 3,-
4515,3845,2026-04-28 19:47:16,6594,NEQUI,$27.000,Teka,-
4514,3844,2026-04-28 19:05:42,twister,EFECTIVO,$15.500,pago punto,-
4513,3843,2026-04-28 18:47:47,2 twister pan,NEQUI,$24.000,pago punto,-
4512,3842,2026-04-27 23:49:06,7115,NEQUI,$12.000,sie1,-
4511,3841,2026-04-27 23:48:18,4512,EFECTIVO,$39.000,Batará,-
4510,3840,2026-04-27 23:47:39,3383,NEQUI,$32.000,Andaríos,-
4509,3839,2026-04-27 23:44:48,mesa cool,EFECTIVO|29500.0+NEQUI|50000.0,$79.500,pago punto,-
4508,3838,2026-04-27 22:59:06,CAMBIO DE NEQUI 2726,EFECTIVO,$70.000,Tángara,-
4507,3837,2026-04-27 22:57:58,CAMBIO DE DOMICILIO 3383,NEQUI,$-70.000,PA,-
4506,3836,2026-04-27 22:51:24,4 sandwichh¿,EFECTIVO|30000.0+NEQUI|20000.0,$50.000,pago punto,-
4505,3835,2026-04-27 22:42:12,pasan,NEQUI,$31.500,pago punto,-
4504,3834,2026-04-27 22:39:09,5988,NEQUI,$15.000,andarios porterias,-
4503,3833,2026-04-27 22:16:28,2726,EFECTIVO,$30.000,Tángara,-
4502,3832,2026-04-27 22:14:58,gym chicos,NEQUI,$51.500,pago punto,-
4501,3831,2026-04-27 22:04:06,chica 7,NEQUI,$27.000,pasa,-
4500,3830,2026-04-27 22:03:39,4771,NEQUI|17000.0+EFECTIVO|8000.0,$25.000,cancha delirios,-
4499,3829,2026-04-27 21:59:24,0696,EFECTIVO,$14.000,tonel,-
4498,3828,2026-04-27 21:58:56,5585,NEQUI|20000.0+NEQUI|4000.0,$24.000,sie 4,-
4497,3827,2026-04-27 21:50:41,vecinita sand,EFECTIVO,$12.000,pago punto,-
4496,3826,2026-04-27 21:49:05,0417,NEQUI,$94.500,romboy sol,-
4495,3825,2026-04-27 20:49:31,2X chorriperro,NEQUI,$18.000,pago punto,-
4494,3824,2026-04-27 20:44:27,AMORES,EFECTIVO,$27.500,pago punto,-
4493,3823,2026-04-27 20:43:55,0337,NEQUI,$14.000,SIE 4,-
4492,3822,2026-04-27 20:37:36,PUNTO,NEQUI,$57.000,pago punto,-
4491,3821,2026-04-27 20:22:48,PUNTO,EFECTIVO,$7.000,pago punto,-
4490,3820,2026-04-27 20:14:42,punto,NEQUI,$31.000,pago punto,-
4489,3819,2026-04-27 20:14:21,punto,NEQUI,$35.000,pago punto,-
4488,3818,2026-04-27 20:01:04,2817,NEQUI,$22.500,pizzeria,-
4487,3817,2026-04-27 19:52:54,4x marzo,EFECTIVO,$72.000,batara,-
4486,3816,2026-04-27 19:52:09,doble,EFECTIVO,$16.000,industrail,-
4485,3815,2026-04-27 19:22:59,3182,NEQUI,$20.500,pasan romboy,-
4484,3814,2026-04-27 19:19:15,mazorca,EFECTIVO,$16.000,pago punto,-
4483,3813,2026-04-27 19:16:58,6806,EFECTIVO,$83.000,alado de los viletas,-
4482,3812,2026-04-27 19:11:08,3867,NEQUI,$22.000,Aracari,-
4481,3811,2026-04-27 19:07:22,5850,NEQUI,$22.000,sie 1,-
4480,3810,2026-04-27 18:54:07,sand,EFECTIVO,$24.000,pago punto,-
4479,3809,2026-04-26 00:18:52,altamorada,NEQUI,$38.000,-,-
4478,3808,2026-04-26 00:18:20,0415,NEQUI,$15.000,-,-
4477,3807,2026-04-26 00:17:55,9593,NEQUI,$32.000,-,-
4476,3806,2026-04-26 00:17:29,100000,EFECTIVO,$43.000,-,-
4475,3805,2026-04-26 00:16:31,2126,NEQUI,$19.000,-,-
4474,3804,2026-04-26 00:16:04,7465,NEQUI,$17.000,-,-
4473,3803,2026-04-26 00:15:40,2972,NEQUI,$18.500,-,-
4472,3802,2026-04-26 00:15:11,3481,EFECTIVO,$21.500,-,-
4471,3801,2026-04-26 00:14:06,4749,NEQUI,$77.000,-,-
4470,3800,2026-04-26 00:12:36,8365,NEQUI,$34.000,-,-
4469,3799,2026-04-26 00:11:02,5234,NEQUI,$28.000,-,-
4468,3798,2026-04-26 00:10:10,1456,NEQUI,$12.000,-,-
4467,3797,2026-04-26 00:09:48,6294,NEQUI,$59.000,-,-
4466,3796,2026-04-26 00:09:18,6392,NEQUI,$42.000,-,-
4465,3795,2026-04-26 00:08:47,2658,EFECTIVO,$100.000,-,-
4464,3794,2026-04-26 00:08:08,4241,NEQUI,$60.000,-,-
4463,3793,2026-04-26 00:07:32,6435,NEQUI,$45.000,-,-
4462,3792,2026-04-26 00:07:10,5266,NEQUI,$33.000,-,-
4461,3791,2026-04-26 00:06:43,0561,NEQUI,$36.000,-,-
4460,3790,2026-04-26 00:06:01,2353,EFECTIVO,$64.000,-,-
4459,3789,2026-04-26 00:05:29,4918,DAVIPLATA,$24.000,-,-
4458,3788,2026-04-26 00:04:41,6871,NEQUI,$16.000,-,-
4457,3787,2026-04-26 00:03:48,6282,EFECTIVO,$31.000,-,-
4456,3786,2026-04-26 00:03:00,3867,NEQUI,$22.000,-,-
4455,3785,2026-04-26 00:02:40,1366,NEQUI,$32.000,-,-
4454,3784,2026-04-26 00:02:14,2151,EFECTIVO,$41.000,-,-
4453,3783,2026-04-26 00:01:37,35000,EFECTIVO,$35.000,-,-
4452,3782,2026-04-26 00:01:03,4784,NEQUI,$28.500,-,-
4451,3781,2026-04-25 23:56:53,juan ,EFECTIVO,$45.000,-,-
4450,3780,2026-04-25 23:56:28,4356,NEQUI,$24.000,-,-
4449,3779,2026-04-25 23:35:13,perro,EFECTIVO,$10.000,-,-
4448,3778,2026-04-25 23:31:53,pareja,NEQUI,$34.500,-,-
4447,3777,2026-04-25 23:31:22,borracho,EFECTIVO,$19.500,-,-
4446,3776,2026-04-25 23:27:54,punto,EFECTIVO,$27.500,pago punto,-
4445,3775,2026-04-25 23:23:19,punto,NEQUI,$16.000,pago punto,-
4444,3774,2026-04-25 23:15:25,punto,NEQUI,$38.000,pago punto,-
4443,3773,2026-04-25 22:52:05,punto|,NEQUI,$12.000,pago punto,-
4442,3772,2026-04-25 22:50:20,punto,EFECTIVO,$31.000,pago punto,-
4441,3771,2026-04-25 22:49:19,punto,NEQUI,$47.000,pago punto,-
4440,3770,2026-04-25 22:47:09,punto,NEQUI,$63.000,pago punto,-
4439,3769,2026-04-25 22:34:50,punto,EFECTIVO,$33.000,pago punto,-
4438,3768,2026-04-25 22:30:47,dharma,NEQUI,$40.000,pago punto,-
4437,3767,2026-04-25 22:16:20,punto,NEQUI,$35.500,-,-
4436,3766,2026-04-25 21:46:46,punto,EFECTIVO,$17.500,pago punto,-
4435,3765,2026-04-25 21:45:24,punto,EFECTIVO,$3.500,pago punto,-
4434,3764,2026-04-25 21:44:11,punto,NEQUI,$47.000,pago punto,-
4433,3763,2026-04-25 21:14:14,punto,EFECTIVO,$17.000,pago punto,-
4432,3762,2026-04-25 20:53:00,punto,NEQUI,$50.000,pago punto,-
4431,3761,2026-04-25 20:10:57,punto,NEQUI,$49.000,pago punto,-
4430,3760,2026-04-25 20:10:06,punto,NEQUI,$35.000,pago punto,-
4429,3759,2026-04-25 19:59:25,punto,EFECTIVO,$23.000,pago punto,-
4428,3758,2026-04-25 19:53:51,punto,NEQUI,$55.500,pago punto,-
4427,3757,2026-04-25 19:49:47,punto,NEQUI,$45.500,pago punto,-
4426,3756,2026-04-25 19:32:11,punto,NEQUI,$30.500,pago punto,-
4425,3755,2026-04-25 19:25:26,punto,EFECTIVO,$7.000,pago punto,-
4424,3754,2026-04-25 19:20:05,punto,DAVIPLATA,$44.000,pago punto,-
4423,3753,2026-04-25 19:16:51,punto,EFECTIVO,$49.500,pago punto,-
4422,3752,2026-04-25 18:59:03,punto,EFECTIVO,$23.000,pago punto,-
4421,3751,2026-04-25 18:51:36,punto,EFECTIVO,$26.500,pago punto,-
4420,3750,2026-04-24 23:53:17,000 pueblo,EFECTIVO,$25.000,pueblo,-
4419,3749,2026-04-24 23:52:30,2001,NEQUI,$33.000,Alondra,-
4418,3748,2026-04-24 23:51:31,7723,EFECTIVO,$22.000,Sie 1,-
4417,3747,2026-04-24 23:51:09,000 alta morad,NEQUI,$31.000,altamorada,-
4416,3746,2026-04-24 23:50:19,0347,EFECTIVO,$32.000,venty,-
4415,3745,2026-04-24 23:49:31,9529,NEQUI,$32.000,Amazilia,-
4414,3744,2026-04-24 23:48:53,3125,NEQUI,$26.000,alamos,-
4413,3743,2026-04-24 23:47:19,8531,NEQUI,$36.000,puerta sol 1,-
4412,3742,2026-04-24 23:46:43,9265,NEQUI,$22.000,Milano,-
4411,3741,2026-04-24 23:46:19,0377,NEQUI,$27.000,pasan,-
4410,3740,2026-04-24 23:45:54,4095,NEQUI,$33.000,bosque arrayan,-
4409,3739,2026-04-24 23:44:38,7908,NEQUI,$22.000,Aracari,-
4408,3738,2026-04-24 23:43:51,8294,NEQUI,$27.000,capri,-
4407,3737,2026-04-24 23:43:19,7975,NEQUI,$14.000,Jilguero,-
4406,3736,2026-04-24 23:40:47,7578,NEQUI,$42.000,olivos,-
4405,3735,2026-04-24 23:38:44,0880,DAVIPLATA,$26.000,Aracari,-
4404,3734,2026-04-24 23:37:48,000 tranfomador,NEQUI,$20.000,domicilio,-
4403,3733,2026-04-24 23:34:17,2652,NEQUI,$27.000,morely,-
4402,3732,2026-04-24 23:33:48,3095,NEQUI,$27.000,Batará,-
4401,3731,2026-04-24 23:33:18,000 astra,NEQUI,$55.000,mega sabana,-
4400,3730,2026-04-24 23:32:40,2631,NEQUI,$30.000,Aracari,-
4399,3729,2026-04-24 23:32:12,5473,NEQUI,$16.000,sie,-
4398,3728,2026-04-24 23:31:40,3341,NEQUI,$24.000,pasan,-
4397,3727,2026-04-24 23:25:37,6730,NEQUI,$44.500,VENTY,-
4396,3726,2026-04-24 23:25:03,3341,NEQUI,$39.000,PASAN,-
4395,3725,2026-04-24 23:10:45,mesa 4,EFECTIVO,$71.500,pago punto,-
4394,3724,2026-04-24 22:31:51,punto,EFECTIVO,$28.000,pago punto,-
4393,3723,2026-04-24 22:12:02,parra llevar,NEQUI,$25.500,pago punto,-
4392,3722,2026-04-24 22:10:10,desmechada,NEQUI,$14.000,pago punto,-
4391,3721,2026-04-24 22:09:53,pago jessi,NEQUI,$28.500,pago punto,-
4390,3720,2026-04-24 22:03:40,punto,EFECTIVO,$33.500,pago punto,-
4389,3719,2026-04-24 22:02:06,punto,NEQUI,$64.500,pago punto,-
4388,3718,2026-04-24 21:44:28,punto,NEQUI,$98.500,pago punto,-
4387,3717,2026-04-24 21:23:08,mesa 5 3x especial,NEQUI,$65.500,pago punto,-
4386,3716,2026-04-24 21:21:39,mesa 2 llevar,EFECTIVO,$34.000,pago punto,-
4385,3715,2026-04-24 21:07:37,mesa 7,DAVIPLATA,$39.000,pago punto,-
4384,3714,2026-04-24 20:48:18,punto,EFECTIVO,$57.000,pago punto,-
4383,3713,2026-04-24 20:45:48,mesa 6,NEQUI,$43.500,pago punto,-
4382,3712,2026-04-24 20:36:11,salchipapas ,NEQUI,$20.500,pago punto,-
4381,3711,2026-04-24 20:32:11,mesa 1,EFECTIVO,$14.500,pago punto,-
4380,3710,2026-04-24 20:31:25,3x especiales,NEQUI,$33.000,pago punto,-
4379,3709,2026-04-24 20:16:57,mesa fondo ,EFECTIVO,$67.500,pago punto,-
4378,3708,2026-04-24 20:11:36,punto,NEQUI,$27.500,pago punto,-
4377,3707,2026-04-24 20:09:49,marzocarada llevar,EFECTIVO,$16.000,pago punto,-
4376,3706,2026-04-24 20:08:43,doble,EFECTIVO,$16.000,pago punto,-
4375,3705,2026-04-24 20:06:05,mesa 4,EFECTIVO,$33.000,pago punto,-
4374,3704,2026-04-24 20:03:21,punto,EFECTIVO,$16.000,pago punto,-
4373,3703,2026-04-24 20:01:48,mesa 1,EFECTIVO,$47.000,pago punto,-
4372,3702,2026-04-24 19:56:37,punto,DAVIPLATA,$62.000,pago punto,-
4371,3701,2026-04-24 19:49:10,pan de sand ,EFECTIVO,$-22.500,pago punto,-
4370,3700,2026-04-24 19:44:24,sevilletas,EFECTIVO,$-9.000,pago punto,-
4369,3699,2026-04-24 19:30:46,punto,DAVIPLATA,$39.000,pago punto,-
4368,3698,2026-04-24 19:22:36,punto,NEQUI,$38.000,pago punto,-
4367,3697,2026-04-24 19:09:28,punto,NEQUI,$98.500,pago punto,-
4366,3696,2026-04-24 18:54:41,punto,EFECTIVO,$27.500,pago punto,-
4365,3695,2026-04-23 23:34:03,7473,DAVIPLATA,$19.500,pueblo,-
4364,3694,2026-04-23 22:54:56,mesa 4,NEQUI,$28.500,pago punto,-
4363,3693,2026-04-23 22:41:57,pago darma 23/04,EFECTIVO,$-30.000,pago punto,-
4362,3692,2026-04-23 22:41:25,sand darma,EFECTIVO,$10.000,pago punto,-
4361,3691,2026-04-23 22:36:09,sand 2,NEQUI,$12.000,pago punto,-
4360,3690,2026-04-23 22:35:50,sand,NEQUI,$12.000,pago punto,-
4359,3689,2026-04-23 22:25:25,9973,EFECTIVO,$24.000,cancha tejo,-
4358,3688,2026-04-23 22:18:05,0232 domicilio,NEQUI,$3.000,pueblo,-
4357,3687,2026-04-23 22:17:40,0232,EFECTIVO,$60.000,pueblo,-
4356,3686,2026-04-23 21:43:37,1050,EFECTIVO,$15.000,pasan,-
4355,3685,2026-04-23 21:40:14,mesa 1,NEQUI,$21.500,pago punto,-
4354,3684,2026-04-23 21:38:35,mesa 4,EFECTIVO,$27.500,pago punto,-
4353,3683,2026-04-23 21:29:28,mesa para llevar,EFECTIVO,$43.000,pago punto,-
4352,3682,2026-04-23 21:20:59,9875,NEQUI,$39.500,pasan,-
4351,3681,2026-04-23 21:17:08,3867,NEQUI,$22.000,Aracari,-
4350,3680,2026-04-23 21:16:42,52210,NEQUI,$16.000,Sie 2,-
4349,3679,2026-04-23 21:01:48,pan sand sandoval,EFECTIVO,$-5.500,pago punto,-
4348,3678,2026-04-23 21:01:11,chips papas,EFECTIVO,$-12.500,pago punto,-
4347,3677,2026-04-23 21:00:46,verduras,EFECTIVO,$-10.000,pago punto,-
4346,3676,2026-04-23 20:50:55,mesa 3,NEQUI,$73.000,pago punto,-
4345,3675,2026-04-23 20:46:51,mesa 6,EFECTIVO,$55.000,pago punto,-
4344,3674,2026-04-23 20:43:03,para llaver,EFECTIVO,$21.000,pago punto,-
4343,3673,2026-04-23 20:42:16,mesa 4,NEQUI,$36.500,pago punto,-
4342,3672,2026-04-23 20:37:45,mesa 2,EFECTIVO,$40.000,pago punto,-
4341,3671,2026-04-23 20:33:01,mesa 1,NEQUI,$40.000,pago punto,-
4340,3670,2026-04-23 20:08:45,9721,NEQUI,$44.000,Frontino,-
4339,3669,2026-04-23 20:06:08,mesa 4,EFECTIVO,$48.000,pago punto,-
4338,3668,2026-04-23 20:02:55,7402,EFECTIVO,$32.000,pasan,-
4337,3667,2026-04-23 19:42:41,mesa 2,EFECTIVO,$18.500,pago punto,-
4336,3666,2026-04-23 19:36:31,twistr,EFECTIVO,$12.000,pago punto,-
4335,3665,2026-04-23 19:34:38,00 fer arias,NEQUI,$35.500,Terranova,-
4334,3664,2026-04-23 19:22:43,marzocada mesa 5,NEQUI,$12.500,pago punto,-
4333,3663,2026-04-23 19:20:10,8936,NEQUI,$23.000,altamorada,-
4332,3662,2026-04-23 19:18:09,lulo,EFECTIVO,$23.500,pago punto,-
4331,3661,2026-04-23 19:15:12,1938,NEQUI,$19.000,puertas sol 1,-
4330,3660,2026-04-23 19:08:25,primer domi,EFECTIVO,$192.000,pago punto,-
4329,3659,2026-04-23 19:07:28,5850,NEQUI,$24.000,pasan,-
4328,3658,2026-04-23 19:03:15,6129,NEQUI,$15.000,fatima,-
4327,3657,2026-04-23 19:01:57,0581,NEQUI,$6.500,Ibis,-
4326,3656,2026-04-23 19:00:31,1927,NEQUI,$19.000,altamorada,-
4325,3655,2026-04-23 18:55:31,PAN SAND LEO,EFECTIVO,$-20.000,pago punto,-
4324,3654,2026-04-23 18:54:45,PAN SAND SANTI,EFECTIVO,$-12.500,pago punto,-
4323,3653,2026-04-23 18:52:46,VECI CAN,EFECTIVO,$7.000,pago punto,-
4322,3652,2026-04-18 23:43:21,moshe docmicilios,EFECTIVO,$36.000,-,-
4321,3651,2026-04-18 23:42:58,moshe,EFECTIVO,$22.000,-,-
4320,3650,2026-04-18 23:42:28,1800,EFECTIVO,$50.000,-,-
4319,3649,2026-04-18 23:42:02,7465,NEQUI,$30.000,-,-
4318,3648,2026-04-18 23:41:38,2242,NEQUI,$14.000,-,-
4317,3647,2026-04-18 23:40:57,3183,NEQUI,$25.000,-,-
4316,3646,2026-04-18 23:40:36,2984,EFECTIVO,$17.500,-,-
4315,3645,2026-04-18 23:39:29,7447,EFECTIVO,$24.000,-,-
4314,3644,2026-04-18 23:38:54,9593,EFECTIVO,$31.000,-,-
4313,3643,2026-04-18 23:38:07,8993,EFECTIVO,$64.000,-,-
4312,3642,2026-04-18 23:37:39,0885,NEQUI,$70.000,-,-
4311,3641,2026-04-18 23:37:05,8313,EFECTIVO,$26.000,-,-
4310,3640,2026-04-18 23:36:10,7193,NEQUI,$70.000,-,-
4309,3639,2026-04-18 23:35:42,8666,NEQUI,$19.500,-,-
4308,3638,2026-04-18 23:34:35,4426,NEQUI,$81.000,-,-
4307,3637,2026-04-18 23:33:34,9873,NEQUI,$26.500,-,-
4306,3636,2026-04-18 23:32:59,0928,DAVIPLATA,$70.000,-,-
4305,3635,2026-04-18 23:31:37,2858,EFECTIVO,$50.000,-,-
4304,3634,2026-04-18 23:30:53,0481,NEQUI,$24.000,tra,-
4303,3633,2026-04-18 23:29:33,3533,NEQUI,$76.000,gran sabana,-
4302,3632,2026-04-18 23:28:16,7261,EFECTIVO,$18.000,olivos,-
4301,3631,2026-04-18 23:27:38,pppp,EFECTIVO,$15.000,pago punto,-
4300,3630,2026-04-18 23:25:17,000gabriel,EFECTIVO,$11.000,-,-
4299,3629,2026-04-18 23:22:52,sand pan,EFECTIVO,$-25.000,pago punto,-
4298,3628,2026-04-18 23:05:11,cliente ,EFECTIVO,$50.500,-,-
4297,3627,2026-04-18 22:59:23,punto,EFECTIVO,$20.500,pago punto,-
4296,3626,2026-04-18 22:47:05,punto,DAVIPLATA,$3.500,pago punto,-
4295,3625,2026-04-18 22:33:43,punto,DAVIPLATA,$35.000,pago punto,-
4294,3624,2026-04-18 22:30:33,mesa 4,NEQUI,$19.500,pago punto,-
4293,3623,2026-04-18 22:20:40,mesa 1,NEQUI,$42.000,pago punto,-
4291,3621,2026-04-18 22:11:41,mesa 2,EFECTIVO,$43.000,pago punto,-
4290,3620,2026-04-18 22:08:53,amigos moto,DAVIPLATA,$60.500,pago punto,-
4289,3619,2026-04-18 22:08:15,amigos moto,NEQUI,$41.000,pago punto,-
4288,3618,2026-04-18 22:07:25,amigos moto,EFECTIVO,$41.000,pago punto,-
4287,3617,2026-04-18 22:06:35,punto,NEQUI,$21.500,pago punto,-
4286,3616,2026-04-18 21:57:18,mesa 4 llevar,NEQUI,$48.000,pago punto,-
4285,3615,2026-04-18 21:55:21,mesa 3,NEQUI,$43.000,pago punto,-
4284,3614,2026-04-18 21:38:56,mesa para llevar,EFECTIVO,$23.000,pago punto,-
4283,3613,2026-04-18 21:28:07,mesa 6,EFECTIVO,$55.000,pago punto,-
4282,3612,2026-04-18 21:19:08,para llevar,NEQUI,$36.000,pago punto,-
4281,3611,2026-04-18 21:08:47,mesa 2,EFECTIVO,$18.500,pago punto,-
4280,3610,2026-04-18 21:05:10,punto,EFECTIVO,$41.500,pago punto,-
4279,3609,2026-04-18 20:53:43,mesa 1,EFECTIVO,$38.000,pago punto,-
4278,3608,2026-04-18 20:50:46,mesa 8,NEQUI,$85.000,pago punto,-
4277,3607,2026-04-18 20:47:02,punto,EFECTIVO,$37.000,pago punto,-
4276,3606,2026-04-18 20:39:59,punto,EFECTIVO,$20.000,pago punto,-
4275,3605,2026-04-18 20:36:10,mesa 5,EFECTIVO,$12.000,pago punto,-
4274,3604,2026-04-18 20:27:59,punto,NEQUI,$45.000,pago punto,-
4273,3603,2026-04-18 20:25:05,primo anyeolo,NEQUI,$12.000,pago punto,-
4272,3602,2026-04-18 20:14:16,punto,EFECTIVO,$58.000,pago punto,-
4271,3601,2026-04-18 20:09:54,puntop,EFECTIVO,$66.000,pago punto,-
4270,3600,2026-04-18 20:08:40,punto,NEQUI,$27.000,pago punto,-
4269,3599,2026-04-18 19:59:12,punto,NEQUI,$58.000,pago punto,-
4268,3598,2026-04-18 19:46:26,lechugas,EFECTIVO,$-18.000,pago punto,-
4267,3597,2026-04-18 19:36:03,mesa 4,EFECTIVO,$33.500,pago punto,-
4266,3596,2026-04-18 19:35:21,mesa 2,EFECTIVO,$49.500,pago punto,-
4265,3595,2026-04-18 19:33:30,mesa 5,NEQUI,$29.500,pago punto,-
4264,3594,2026-04-18 19:22:58,punto,NEQUI,$34.500,pago punto,-
4263,3593,2026-04-18 18:55:02,j1,EFECTIVO,$-11.500,pago punto,-
4262,3592,2026-04-18 18:42:30,desechables,EFECTIVO,$-14.000,pago punto,-
4261,3591,2026-04-18 00:24:22,sandoval -10,NEQUI,$-10.000,pago punto,-
4260,3590,2026-04-18 00:06:07,7055,NEQUI,$43.000,san jose,-
4259,3589,2026-04-18 00:05:27,6730,NEQUI,$41.000,venti,-
4258,3588,2026-04-18 00:04:48,000 robinso,NEQUI,$20.500,Ibis,-
4257,3587,2026-04-18 00:04:19,alta morada,NEQUI,$16.500,bosques alizo,-
4256,3586,2026-04-18 00:03:33,3533,DAVIPLATA,$26.500,gran sabana,-
4255,3585,2026-04-18 00:02:58,000 olivos,NEQUI,$26.000,olivos,-
4254,3584,2026-04-18 00:02:15,000 perro combo,NEQUI,$18.000,Amazilia,-
4253,3583,2026-04-18 00:00:58,000 danna,NEQUI,$11.000,casa,-
4252,3582,2026-04-18 00:00:36,cambio de nequi efectivo,NEQUI,$-47.000,Frontino,-
4251,3581,2026-04-17 23:58:36,9414 plata nequi a efectivo,EFECTIVO,$47.000,Frontino,-
4250,3580,2026-04-17 23:57:17,9414,EFECTIVO,$53.000,Frontino,-
4249,3579,2026-04-17 23:56:20,2825,NEQUI,$11.000,Amazilia,-
4248,3578,2026-04-17 23:55:39,7729,NEQUI,$36.000,Jilguero,-
4247,3577,2026-04-17 23:55:17,4512,EFECTIVO,$39.000,Batará,-
4246,3576,2026-04-17 23:53:00,3790,EFECTIVO,$24.000,pasan,-
4245,3575,2026-04-17 23:52:17,000 señora,NEQUI,$12.000,pasan,-
4244,3574,2026-04-17 23:51:27,5972,EFECTIVO,$32.000,manzanos,-
4243,3573,2026-04-17 23:50:37,7789,NEQUI,$34.500,Batará,-
4242,3572,2026-04-17 23:48:49,7908,DAVIPLATA,$29.500,Aracari,-
4241,3571,2026-04-17 23:47:51,2133,EFECTIVO,$30.000,puertas sol 2,-
4240,3570,2026-04-17 23:46:35,0790,EFECTIVO,$16.000,pago punto,-
4239,3569,2026-04-17 23:45:00,6189,DAVIPLATA,$20.500,Batará,-
4238,3568,2026-04-17 23:43:39,0000 tranformadora,NEQUI,$47.000,pasan,-
4237,3567,2026-04-17 23:42:25,5280,EFECTIVO,$14.000,Sie 2,-
4236,3566,2026-04-17 23:41:33,7330,NEQUI,$14.000,paradise,-
4235,3565,2026-04-17 23:39:00,7028,NEQUI,$21.500,teka,-
4234,3564,2026-04-17 23:38:11,3289,NEQUI,$26.000,morely,-
4233,3563,2026-04-17 23:36:50,mesa 6 picante,NEQUI,$41.500,pago punto,-
4232,3562,2026-04-17 23:33:32,000 juan sie 1,NEQUI,$30.000,Sie 1,-
4231,3561,2026-04-17 23:29:48,cosyilla,EFECTIVO,$33.500,-,-
4230,3560,2026-04-17 22:56:13,panaderia,EFECTIVO,$48.000,pago punto,-
4229,3559,2026-04-17 22:54:57,4918 sand chori,NEQUI,$36.000,prado de sabana,-
4228,3558,2026-04-17 22:53:25,3965,NEQUI,$31.000,Frontino,-
4227,3557,2026-04-17 22:52:53,5667,NEQUI,$32.000,altamorada,-
4226,3556,2026-04-17 22:52:29,00 toca,NEQUI,$51.000,sie 1,-
4225,3555,2026-04-17 22:50:26,milton,DAVIPLATA,$31.000,pasan,-
4224,3554,2026-04-17 22:48:47,0332,EFECTIVO,$33.000,Amazilia,-
4223,3553,2026-04-17 22:48:12,8011,NEQUI,$62.000,Tángara,-
4222,3552,2026-04-17 22:41:17,doble en combo 1.5,NEQUI,$28.500,pago punto,-
4221,3551,2026-04-17 22:38:06,sandwivh,EFECTIVO,$12.000,-,-
4220,3550,2026-04-17 22:34:09,mesa 2 pechuga,NEQUI,$12.000,pago punto,-
4219,3549,2026-04-17 22:33:14,mesa 2,EFECTIVO,$28.000,pago punto,-
4218,3548,2026-04-17 22:28:34,0581,EFECTIVO,$49.000,pasan,-
4217,3547,2026-04-17 22:24:27,mesa 6,EFECTIVO,$11.000,pago punto,-
4216,3546,2026-04-17 22:16:10,mesa 6,NEQUI,$40.000,pago punto,-
4215,3545,2026-04-17 22:12:50,mesa 4,NEQUI,$39.000,pago punto,-
4214,3544,2026-04-17 22:10:35,mesa 3,NEQUI,$12.000,pago punto,-
4213,3543,2026-04-17 22:08:47,mesa 1,EFECTIVO,$15.000,pago punto,-
4212,3542,2026-04-17 21:57:10,veci batara,EFECTIVO,$15.500,pago punto,-
4211,3541,2026-04-17 21:48:54,punto,NEQUI,$42.000,pago punto,-
4210,3540,2026-04-17 21:37:17,punto,NEQUI,$48.000,pago punto,-
4209,3539,2026-04-17 21:31:56,punto,DAVIPLATA,$38.000,pago punto,-
4208,3538,2026-04-17 21:31:06,punto,EFECTIVO,$36.000,pago punto,-
4207,3537,2026-04-17 21:14:53,punto,EFECTIVO,$18.000,pago punto,-
4206,3536,2026-04-17 21:06:08,mesa 2,NEQUI,$58.000,pago punto,-
4205,3535,2026-04-17 20:48:19,mesa,EFECTIVO,$33.000,pago punto,-
4204,3534,2026-04-17 20:33:06,punto,NEQUI,$26.500,pago punto,-
4203,3533,2026-04-17 20:31:01,punto,EFECTIVO,$37.000,pago punto,-
4202,3532,2026-04-17 20:11:40,punto,NEQUI,$27.500,pago punto,-
4201,3531,2026-04-17 20:11:02,punto,NEQUI,$50.000,pago punto,-
4200,3530,2026-04-17 20:09:06,punto,EFECTIVO,$53.500,pago punto,-
4199,3529,2026-04-17 20:05:03,punto,DAVIPLATA,$58.500,pago punto,-
4198,3528,2026-04-17 19:54:14,mesa 6,EFECTIVO,$48.000,pago punto,-
4197,3527,2026-04-17 19:43:39,mesa 2,EFECTIVO,$90.000,pago punto,-
4196,3526,2026-04-17 19:26:30,mesa doble ,EFECTIVO,$51.000,pago punto,-
4195,3525,2026-04-17 19:00:11,punto,EFECTIVO,$22.000,pago punto,-
4194,3524,2026-04-17 18:56:46,punto,DAVIPLATA,$34.000,pago punto,-
4193,3523,2026-04-16 22:54:35,2891,NEQUI,$24.000,pasan,-
4192,3522,2026-04-16 22:52:51,combo sand,NEQUI,$20.000,pago punto,-
4191,3521,2026-04-16 22:51:23,3481,EFECTIVO,$12.000,industrail,-
4190,3520,2026-04-16 22:49:36,mesa 5,NEQUI,$36.500,pago punto,-
4189,3519,2026-04-16 22:47:16,panaderia,NEQUI,$48.000,pago punto,-
4188,3518,2026-04-16 22:25:04,mesa 1,EFECTIVO|2500.0+NEQUI|17000.0,$19.500,pago punto,-
4187,3517,2026-04-16 22:13:54,5716,NEQUI,$20.000,-,-
4186,3516,2026-04-16 22:07:24,mesa 2 panzes,NEQUI,$43.000,pago punto,-
4185,3515,2026-04-16 22:01:12,5715,NEQUI,$20.000,-,-
4184,3514,2026-04-16 21:41:30,5648,EFECTIVO,$36.000,pasan,-
4183,3513,2026-04-16 21:34:16,8065,NEQUI,$12.000,torre 19,-
4182,3512,2026-04-16 21:33:18,5210,EFECTIVO,$12.000,sie 2,-
4181,3511,2026-04-16 21:32:44,3457,NEQUI,$21.000,Ibis,-
4180,3510,2026-04-16 21:29:05,7465,NEQUI,$51.000,atras ferreterias,-
4179,3509,2026-04-16 21:28:28,7462,NEQUI,$57.000,Sie 2,-
4178,3508,2026-04-16 21:22:52,3158,DAVIPLATA,$34.000,bar penultimo,-
4177,3507,2026-04-16 21:21:14,2901,DAVIPLATA,$48.000,pasan,-
4176,3506,2026-04-16 21:20:23,7341 ,EFECTIVO,$31.000,pasan 9m,-
4175,3505,2026-04-16 21:12:23,4157,NEQUI,$51.000,puertas sol 1,-
4174,3504,2026-04-16 21:11:51,6048,EFECTIVO,$19.500,leo,-
4173,3503,2026-04-16 21:07:17,7002,NEQUI,$32.000,Aracari,-
4172,3502,2026-04-16 21:06:00,1927,EFECTIVO,$19.000,altamorada,-
4171,3501,2026-04-16 21:05:15,6116,EFECTIVO,$34.000,alamos,-
4170,3500,2026-04-16 21:04:45,9309,NEQUI,$32.500,verona,-
4169,3499,2026-04-16 21:02:51,sand,EFECTIVO,$12.000,pago punto,-
4168,3498,2026-04-16 20:49:47,hsmbugurgesa,EFECTIVO,$15.500,pago punto,-
4167,3497,2026-04-16 19:58:18,SANTI,EFECTIVO,$3.500,pago punto,-
4166,3496,2026-04-16 19:49:15,MESA VECI BATARA,EFECTIVO,$11.000,pago punto,-
4165,3495,2026-04-16 19:48:35,MESA 2,NEQUI,$44.000,pago punto,-
4164,3494,2026-04-15 23:04:27,verduras ,EFECTIVO,$-10.000,pago punto,-
4163,3493,2026-04-15 22:59:41,punto,DAVIPLATA,$14.500,pago punto,-
4162,3492,2026-04-15 22:58:58,punto,EFECTIVO,$52.000,pago punto,-
4161,3491,2026-04-15 22:54:26,huevos,EFECTIVO,$-2.000,pago punto,-
4160,3490,2026-04-15 22:54:08,abono pago santi 15 abril,NEQUI,$-10.000,pago punto,-
4159,3489,2026-04-15 22:49:53,000 juan pataquiva,DAVIPLATA,$25.500,torres,-
4158,3488,2026-04-15 22:48:09,7137,NEQUI,$14.500,ibis,-
4157,3487,2026-04-15 22:37:26,mesa 5|,DAVIPLATA,$47.000,pago punto,-
4156,3486,2026-04-15 22:34:35,5831,NEQUI,$22.000,pasan,-
4155,3485,2026-04-15 22:34:01,0790,EFECTIVO,$19.500,pasan,-
4154,3484,2026-04-15 22:33:28,9265,NEQUI,$41.000,virgen,-
4153,3483,2026-04-15 22:19:30,punto,EFECTIVO,$31.500,pago punto,-
4152,3482,2026-04-15 22:07:36,mesa 1,NEQUI,$36.500,pago punto,-
4151,3481,2026-04-15 22:05:59,3658,NEQUI,$14.000,alamos,-
4150,3480,2026-04-15 21:47:11,2658,DAVIPLATA,$19.000,portofino,-
4149,3479,2026-04-15 21:29:59,mesa 7,NEQUI,$34.000,pago punto,-
4148,3478,2026-04-15 21:23:27,pan sand,EFECTIVO,$-3.000,pago punto,-
4147,3477,2026-04-15 21:20:10,9280,EFECTIVO,$16.000,torre 32,-
4146,3476,2026-04-15 21:18:53,0941,NEQUI,$53.000,pasan,-
4145,3475,2026-04-15 21:17:45,7402,DAVIPLATA,$31.000,Amazilia,-
4144,3474,2026-04-15 21:17:02,3457,NEQUI,$24.000,Ibis,-
4143,3473,2026-04-15 21:16:31,0084,NEQUI,$57.000,Jilguero,-
4142,3472,2026-04-15 21:16:01,mixta,DAVIPLATA,$20.500,pago punto,-
4141,3471,2026-04-15 21:15:02,7697,NEQUI,$91.500,carpy,-
4140,3470,2026-04-15 21:14:10,5890,NEQUI,$44.500,altamorada,-
4139,3469,2026-04-15 21:11:35,8597,NEQUI,$45.000,olivos,-
4138,3468,2026-04-15 21:08:42,3290,EFECTIVO,$24.000,Amazilia,-
4137,3467,2026-04-15 21:08:13,2770,NEQUI,$59.000,Milano,-
4136,3466,2026-04-15 21:07:02,3049,DAVIPLATA,$43.000,felicia,-
4135,3465,2026-04-15 21:06:29,8544,NEQUI,$24.000,pasan,-
4134,3464,2026-04-15 21:05:52,7113,NEQUI,$31.000,pasan,-
4133,3463,2026-04-15 21:05:12,7716,NEQUI,$18.500,olivos,-
4132,3462,2026-04-15 21:03:23,9992,EFECTIVO,$48.000,Ibis,-
4131,3461,2026-04-15 20:58:39,mesa 1,NEQUI,$47.000,pago punto,-
4130,3460,2026-04-15 20:31:24,mesa 2,EFECTIVO,$38.000,pago punto,-
4129,3459,2026-04-15 20:29:25,mesa 2 tw,EFECTIVO,$40.000,pago punto,-
4128,3458,2026-04-15 19:52:18,2x twister combo,NEQUI,$40.000,pago punto,-
4127,3457,2026-04-15 19:35:31,nequi,NEQUI,$109.500,-,-
4126,3456,2026-04-15 19:07:53,fact leo,NEQUI,$31.000,pago punto,-
4125,3455,2026-04-14 23:21:16,pago dia 14 abril,NEQUI,$-30.000,pago punto,-
4124,3454,2026-04-14 23:14:16,1114,EFECTIVO,$44.000,Sie 1,-
4123,3453,2026-04-14 22:59:42,7803,NEQUI,$39.000,pasan,-
4122,3452,2026-04-14 22:51:55,3682,NEQUI,$19.000,Frontino,-
4121,3451,2026-04-14 22:35:15,sand combo,NEQUI,$60.000,pago punto,-
4120,3450,2026-04-14 21:57:57,mesa 2,NEQUI,$34.000,pago punto,-
4119,3449,2026-04-14 21:50:43,2521,EFECTIVO,$15.000,tangara,-
4118,3448,2026-04-14 21:39:15,mesa 7,EFECTIVO,$33.500,pago punto,-
4117,3447,2026-04-14 21:20:02,cambio de nequi efectivo,NEQUI,$-35.000,pago punto,-
4116,3446,2026-04-14 21:19:31,cambio de nequi efectivo,EFECTIVO,$35.000,pago punto,-
4115,3445,2026-04-14 21:05:41,papas chip,EFECTIVO,$-11.000,pago punto,-
4114,3444,2026-04-14 20:52:58,0381 domiciolio,NEQUI,$3.000,puertas sol 1,-
4113,3443,2026-04-14 20:50:35,0381,NEQUI,$27.500,puertas sol 1,-
4112,3442,2026-04-14 20:45:42,9851,NEQUI,$39.000,akora,-
4111,3441,2026-04-14 20:45:18,4522,NEQUI,$35.000,capri,-
4110,3440,2026-04-14 20:44:03,7875,NEQUI,$38.000,billar,-
4109,3439,2026-04-14 20:26:54,punto,EFECTIVO,$12.000,pago punto,-
4108,3438,2026-04-14 20:13:16,panzes,EFECTIVO,$7.000,pago punto,-
4107,3437,2026-04-14 20:08:34,panzes,EFECTIVO,$7.000,pago punto,-
4106,3436,2026-04-14 20:03:41,2xmixtas,EFECTIVO,$34.000,pago punto,-
4105,3435,2026-04-14 20:01:59,hamburguesa papa,EFECTIVO,$15.000,pago punto,-
4104,3434,2026-04-14 20:00:44,traile blancpo,EFECTIVO,$42.000,pago punto,-
4103,3433,2026-04-14 19:51:28,mesa 3,EFECTIVO,$31.000,pago punto,-
4102,3432,2026-04-14 19:47:34,mesa 6,DAVIPLATA,$19.000,pago punto,-
4101,3431,2026-04-14 19:46:36,8021,NEQUI,$32.000,Tángara,-
4100,3430,2026-04-14 19:39:04,mesa 1,EFECTIVO,$6.500,pago punto,-
4099,3429,2026-04-14 19:30:47,mesa 2,NEQUI,$39.000,pago punto,-
4098,3428,2026-04-14 19:25:57,mesa sand des,EFECTIVO,$42.000,pago punto,-
4097,3427,2026-04-14 19:23:28,8294,DAVIPLATA,$31.000,capri,-
4096,3426,2026-04-14 19:09:01,mesa 4,NEQUI,$62.000,pago punto,-
4095,3425,2026-04-14 19:07:43,00 ivan,DAVIPLATA,$28.000,pago punto,-
4094,3424,2026-04-14 19:02:20,mesa 7,NEQUI,$19.500,pago punto,-
4093,3423,2026-04-14 18:39:49,salchipapas llevar,NEQUI,$15.000,pago punto,-
4092,3422,2026-04-14 18:28:05,pan Sand ,EFECTIVO,$-22.500,pago punto,-
4091,3421,2026-04-12 00:33:19,2686,DAVIPLATA,$269.500,ebel,-
4090,3420,2026-04-12 00:25:44,san div,NEQUI,$12.000,pago punto,-
4089,3419,2026-04-12 00:20:02,3481,NEQUI|1000.0+EFECTIVO|30000.0,$31.000,pueblo,-
4088,3418,2026-04-12 00:18:14,3 mixtas ,EFECTIVO,$54.500,pasan,-
4087,3417,2026-04-12 00:17:30,9603,NEQUI,$40.000,Aracari,-
4086,3416,2026-04-12 00:16:43,3441,DAVIPLATA,$44.000,Aracari,-
4085,3415,2026-04-12 00:16:06,3658,NEQUI,$26.000,alamos,-
4084,3414,2026-04-12 00:14:55,000 wilmer,EFECTIVO,$26.500,pasan,-
4083,3413,2026-04-12 00:13:58,5972,EFECTIVO,$40.000,manzanos,-
4082,3412,2026-04-12 00:13:04,7530,DAVIPLATA,$14.000,paradise,-
4081,3411,2026-04-12 00:12:24,4040,NEQUI,$44.000,capri,-
4080,3410,2026-04-12 00:10:54,8506,DAVIPLATA,$24.000,Ibis,-
4079,3409,2026-04-12 00:10:22,8625,NEQUI,$24.000,Ibis,-
4078,3408,2026-04-12 00:09:43,9873 johan deudas,NEQUI,$30.000,pasan,-
4077,3407,2026-04-12 00:08:43,9873 johan,NEQUI,$24.000,pasan,-
4076,3406,2026-04-12 00:06:32,5859,NEQUI,$22.000,Frontino,-
4075,3405,2026-04-12 00:05:45,7261,EFECTIVO,$16.000,olivos,-
4074,3404,2026-04-12 00:04:48,pepepr venze,EFECTIVO,$20.000,pago punto,-
4073,3403,2026-04-12 00:03:15,8313,EFECTIVO,$14.000,TONEL,-
4072,3402,2026-04-12 00:01:04,8607,NEQUI,$27.500,Amazilia,-
4071,3401,2026-04-12 00:00:04,7697,NEQUI,$76.000,CAPRI,-
4070,3400,2026-04-11 23:58:13,2817,NEQUI,$22.500,PIZZERIA,-
4069,3399,2026-04-11 23:56:58,8666,NEQUI,$20.500,Sie 3,-
4068,3398,2026-04-11 23:56:31,6245 - 1 MIL,EFECTIVO,$27.000,pago punto,-
4067,3397,2026-04-11 23:53:16,MESA 1 MIXT,NEQUI,$41.000,pago punto,-
4066,3396,2026-04-11 23:52:21,mesa 4,NEQUI,$12.000,pago punto,-
4065,3395,2026-04-11 23:52:06,6474,NEQUI,$15.000,bosques alizos,-
4064,3394,2026-04-11 23:51:25,5850,NEQUI,$17.000,pasan,-
4063,3393,2026-04-11 23:50:44,2333,NEQUI,$39.000,felicia,-
4062,3392,2026-04-11 23:50:09,profe ,EFECTIVO,$19.500,pueblo,-
4061,3391,2026-04-11 23:49:32,6435,NEQUI,$39.500,Milano,-
4060,3390,2026-04-11 23:49:09,6594,NEQUI,$71.000,teka,-
4059,3389,2026-04-11 23:48:36,2392,EFECTIVO,$14.000,Terranova,-
4058,3388,2026-04-11 23:47:01,mesa 3,EFECTIVO,$27.000,pago punto,-
4057,3387,2026-04-11 23:45:11,0044,NEQUI,$16.000,sie 1,-
4056,3386,2026-04-11 23:42:55,4199,EFECTIVO,$22.000,pasan,-
4055,3385,2026-04-11 23:42:09,3714,NEQUI,$32.000,diag milan o,-
4054,3384,2026-04-11 23:36:21,8029,NEQUI,$44.000,Frontino,-
4053,3383,2026-04-11 23:35:42,7321,NEQUI,$12.000,altamorada,-
4052,3382,2026-04-11 23:30:32,000 profe social,EFECTIVO,$42.000,pueblo,-
4051,3381,2026-04-11 23:28:15,0274,NEQUI,$44.000,Sie 1,-
4050,3380,2026-04-11 23:26:15,3663,EFECTIVO,$32.000,callejo panze,-
4049,3379,2026-04-11 23:23:56,9992,NEQUI,$12.000,pasan,-
4048,3378,2026-04-11 23:23:08,mesa 5 bebe,EFECTIVO,$31.000,pago punto,-
4047,3377,2026-04-11 22:45:48,punto,NEQUI,$44.000,pago punto,-
4046,3376,2026-04-11 22:17:46,mesa 1,EFECTIVO,$35.000,pago punto,-
4045,3375,2026-04-11 22:06:50,mesa 2,NEQUI,$26.500,pago punto,-
4044,3374,2026-04-11 21:51:21,mesa 1,EFECTIVO,$19.500,pago punto,-
4043,3373,2026-04-11 21:50:07,mesa 4,NEQUI,$48.000,pago punto,-
4042,3372,2026-04-11 21:47:43,mesa 7 sand 2x,NEQUI,$24.000,pago punto,-
4041,3371,2026-04-11 21:16:35,mixta,EFECTIVO,$17.000,pago punto,-
4040,3370,2026-04-11 21:14:09,platano,EFECTIVO,$-3.500,pago punto,-
4039,3369,2026-04-11 21:13:30,tomates,EFECTIVO,$-6.000,pago punto,-
4038,3368,2026-04-11 21:09:57,marz y salchi,NEQUI,$31.000,pago punto,-
4037,3367,2026-04-11 21:07:18,punto,EFECTIVO,$24.000,pago punto,-
4036,3366,2026-04-11 21:05:39,chaqueta azul,NEQUI,$35.500,pago punto,-
4035,3365,2026-04-11 20:57:38,punto,EFECTIVO,$15.500,pago punto,-
4034,3364,2026-04-11 20:52:54,tinto leo y vecinito,EFECTIVO,$-3.000,pago punto,-
4033,3363,2026-04-11 20:51:57,mesa 3 niño panze,EFECTIVO,$26.000,pago punto,-
4032,3362,2026-04-11 20:49:47,3 especiales,NEQUI,$58.000,pago punto,-
4031,3361,2026-04-11 20:42:32,punto,EFECTIVO,$26.000,pago punto,-
4030,3360,2026-04-11 20:41:27,punto,EFECTIVO,$72.500,pago punto,-
4029,3359,2026-04-11 20:20:28,punto,EFECTIVO,$12.000,pago punto,-
4028,3358,2026-04-11 19:34:06,sand para llevar,NEQUI,$24.000,pago punto,-
4027,3357,2026-04-11 19:28:43,punto,EFECTIVO,$19.500,pago punto,-
4026,3356,2026-04-11 18:45:30,dosbles para llevar,DAVIPLATA,$36.500,pago punto,-
4025,3355,2026-04-11 00:17:14,rokera,EFECTIVO,$36.000,-,-
4024,3354,2026-04-11 00:13:44,5729,EFECTIVO,$35.500,-,-
4023,3353,2026-04-11 00:13:05,bwtra,EFECTIVO,$39.000,-,-
4022,3352,2026-04-11 00:12:18,0790,EFECTIVO,$39.000,-,-
4021,3351,2026-04-11 00:11:42,paradaise,EFECTIVO,$21.000,-,-
4020,3350,2026-04-11 00:11:11,9123,EFECTIVO,$25.000,-,-
4019,3349,2026-04-11 00:10:23,4426,EFECTIVO,$48.000,-,-
4018,3348,2026-04-11 00:10:02,1866,EFECTIVO,$24.000,ibis,-
4017,3347,2026-04-11 00:09:16,5994,EFECTIVO,$22.000,callejon,-
4016,3346,2026-04-11 00:08:35,7908,EFECTIVO,$15.500,Aracari,-
4015,3345,2026-04-11 00:07:50,4715,EFECTIVO,$35.000,Andaríos,-
4014,3344,2026-04-11 00:04:35,4145,EFECTIVO,$102.000,romboy rojo,-
4013,3343,2026-04-10 23:48:24,dobles rokero,NEQUI,$39.000,-,-
4012,3342,2026-04-10 23:47:55,administrador ,NEQUI,$73.500,-,-
4011,3341,2026-04-10 23:30:50,7202,NEQUI,$24.000,pasan,-
4010,3340,2026-04-10 23:16:44,0516,NEQUI,$12.000,al frente iglesia,-
4009,3339,2026-04-10 23:16:16,2120,DAVIPLATA,$14.000,paradise,-
4008,3338,2026-04-10 23:15:51,0044,NEQUI,$31.500,sie 1,-
4007,3337,2026-04-10 23:15:10,7467,NEQUI,$31.000,sie 2,-
4006,3336,2026-04-10 23:14:38,8625,NEQUI,$12.000,Ibis,-
4005,3335,2026-04-10 23:14:06,mesa 1 ,NEQUI,$31.500,pago punto,-
4004,3334,2026-04-10 23:12:53,9994,NEQUI,$90.500,acacias,-
4003,3333,2026-04-10 23:11:57,1306,NEQUI,$39.000,Batará,-
4002,3332,2026-04-10 23:11:32,5627,NEQUI,$28.000,Frontino,-
4001,3331,2026-04-10 23:10:55,0000 nativos,NEQUI,$22.000,pasan,-
4000,3330,2026-04-10 23:09:50,0000 robinso,NEQUI,$5.000,Taller Motos,-
3999,3329,2026-04-10 22:59:11,mesa 2,NEQUI,$81.000,pago punto,-
3998,3328,2026-04-10 22:25:06,mesa 5,EFECTIVO,$9.000,pago punto,-
3997,3327,2026-04-10 22:15:45,punto,NEQUI,$44.000,pago punto,-
3996,3326,2026-04-10 22:14:31,andres bosques faltaron 2 mil,NEQUI,$33.000,bosques arrayan,-
3995,3325,2026-04-10 22:12:04,6572,NEQUI,$16.000,bosques arrayan,-
3994,3324,2026-04-10 22:08:14,2151,NEQUI,$39.500,Frontino,-
3993,3323,2026-04-10 22:05:28,7057,DAVIPLATA,$33.000,Aracari,-
3992,3322,2026-04-10 22:04:53,4356,DAVIPLATA,$30.500,Ibis,-
3991,3321,2026-04-10 22:00:31,ebel,NEQUI,$130.000,-,-
3990,3320,2026-04-10 21:58:22,panze santi,NEQUI,$3.500,pago punto,-
3989,3319,2026-04-10 21:54:21,sand para llevar,EFECTIVO,$12.000,pago punto,-
3988,3318,2026-04-10 21:07:26,punto,NEQUI,$31.000,pago punto,-
3987,3317,2026-04-10 21:05:17,punto,EFECTIVO,$60.000,pago punto,-
3986,3316,2026-04-10 21:04:01,punto,NEQUI,$24.000,pago punto,-
3985,3315,2026-04-10 21:03:42,punto,EFECTIVO,$44.000,pago punto,-
3984,3314,2026-04-10 20:50:30,desmechada para llevar,EFECTIVO,$26.000,pago punto,-
3983,3313,2026-04-10 20:25:09,punto,EFECTIVO,$16.000,pago punto,-
3982,3312,2026-04-10 20:22:39,mesa 1,EFECTIVO,$70.000,pago punto,-
3981,3311,2026-04-10 20:10:16,punto,NEQUI,$16.000,pago punto,-
3980,3310,2026-04-10 19:54:04,punto,EFECTIVO,$24.500,pago punto,-
3979,3309,2026-04-10 19:08:40,para llebar dobles,EFECTIVO,$41.000,pago punto,-
3978,3308,2026-04-10 18:50:03,pan de sand,EFECTIVO,$-50.000,pago punto,-
3977,3307,2026-04-10 18:24:02,punto,NEQUI,$49.000,pago punto,-
3976,3306,2026-04-09 23:22:53,mesa 1,EFECTIVO,$27.500,pago punto,-
3975,3305,2026-04-09 23:21:37,papas veronica,EFECTIVO,$-20.000,pago punto,-
3974,3304,2026-04-09 23:21:03,4512,EFECTIVO,$39.000,Batará,-
3973,3303,2026-04-09 23:19:39,mesa 2,NEQUI,$25.500,pago punto,-
3972,3302,2026-04-09 23:15:16,mesa 3,NEQUI,$19.500,pago punto,-
3971,3301,2026-04-09 23:14:57,mesa 3 ,NEQUI,$19.500,pago punto,-
3970,3300,2026-04-09 23:14:37,mesa 3,NEQUI,$19.500,pago punto,-
3969,3299,2026-04-09 23:13:20,taxi mesa 3,EFECTIVO,$19.500,pago punto,-
3968,3298,2026-04-09 23:12:31,mesa 3,EFECTIVO,$24.500,pago punto,-
3967,3297,2026-04-09 22:58:18,mesa 1,DAVIPLATA,$78.000,pago punto,-
3966,3296,2026-04-09 22:56:45,sand perro,EFECTIVO,$32.000,pago punto,-
3965,3295,2026-04-09 22:49:47,mesa 2,NEQUI,$41.000,pago punto,-
3964,3294,2026-04-09 22:41:09,agua veronica,EFECTIVO,$-6.000,pago punto,-
3963,3293,2026-04-09 22:40:50,3457,NEQUI,$26.500,ibiz,-
3962,3292,2026-04-09 22:22:31,twister 10,NEQUI,$15.500,pasan,-
3961,3291,2026-04-09 22:12:18,PUNTO,NEQUI,$33.000,pago punto,-
3960,3290,2026-04-09 21:54:59,MESA 2,NEQUI,$46.500,pago punto,-
3959,3289,2026-04-09 21:50:18,trailes nuevos,NEQUI,$82.000,pago punto,-
3958,3288,2026-04-09 21:49:01,mesa 1,EFECTIVO,$70.500,pago punto,-
3957,3287,2026-04-09 21:45:20,8895,NEQUI,$29.000,Amazilia,-
3956,3286,2026-04-09 21:44:59,twister ,NEQUI,$12.000,pago punto,-
3955,3285,2026-04-09 21:44:30,5280,NEQUI,$12.000,Sie 2,-
3954,3284,2026-04-09 21:43:55,jhoan,NEQUI,$30.000,pasan,-
3953,3283,2026-04-09 21:43:26,0747,NEQUI,$38.000,PASAN,-
3952,3282,2026-04-09 21:32:38,MESA 3,EFECTIVO,$23.000,pago punto,-
3951,3281,2026-04-09 21:28:35,para llevar,NEQUI,$35.000,pago punto,-
3950,3280,2026-04-09 21:10:21,dharma,EFECTIVO,$50.000,pago punto,-
3949,3279,2026-04-09 20:45:59,6189 dalmata,DAVIPLATA,$20.500,Batará,-
3948,3278,2026-04-09 20:36:01,adelanto anyelo,NEQUI,$-10.000,pago punto,-
3947,3277,2026-04-09 20:27:11,7193,DAVIPLATA,$78.000,Frontino,-
3946,3276,2026-04-09 20:25:54,6025,EFECTIVO,$61.500,alamos,-
3945,3275,2026-04-09 20:12:19,8069,NEQUI,$27.000,pasan,-
3944,3274,2026-04-09 20:03:44,mesa 1,EFECTIVO,$28.000,pago punto,-
3943,3273,2026-04-09 20:02:45,mesa 3  : (,NEQUI,$72.000,pago punto,-
3942,3272,2026-04-09 19:58:51,mesa 1,EFECTIVO,$69.000,pago punto,-
3941,3271,2026-04-09 19:56:41,0332,NEQUI,$64.000,Amazilia,-
3940,3270,2026-04-09 19:55:47,7252,NEQUI,$36.000,portofino,-
3939,3269,2026-04-09 19:54:26,6282,DAVIPLATA,$40.000,Amazilia,-
3938,3268,2026-04-09 19:52:27,3001,NEQUI,$24.000,acacias,-
3937,3267,2026-04-09 19:51:46,1187,NEQUI,$12.000,sie 2,-
3936,3266,2026-04-09 19:47:27,sand llevar,EFECTIVO,$12.000,pago punto,-
3935,3265,2026-04-09 19:45:40,7975,DAVIPLATA|6000.0+EFECTIVO|1000.0,$7.000,Jilguero,-
3934,3264,2026-04-09 19:13:33,mesa apra llevar,EFECTIVO,$29.000,pago punto,-
3933,3263,2026-04-09 19:08:43,mesa 2,EFECTIVO,$59.000,pago punto,-
3932,3262,2026-04-09 18:16:17,pan sand,EFECTIVO,$-15.000,pago punto,-
3931,3261,2026-04-09 18:15:56,veci ferreteria,EFECTIVO,$24.500,pago punto,-
3930,3260,2026-04-08 23:54:53,pago dia 08 miercoles,NEQUI,$-40.000,pago punto,-
3929,3259,2026-04-08 23:46:36,mesa 5 joker pizza,NEQUI,$45.500,pago punto,-
3928,3258,2026-04-08 23:42:24,gaseosa santi,NEQUI,$3.500,pago punto,-
3927,3257,2026-04-08 23:08:55,mixta para llevar,EFECTIVO,$20.500,pago punto,-
3926,3256,2026-04-08 23:06:21,1114,EFECTIVO,$18.500,felicia,-
3925,3255,2026-04-08 23:05:38,9976,NEQUI,$41.000,Amazilia,-
3924,3254,2026-04-08 23:02:08,5972,EFECTIVO,$23.000,manzanos,-
3923,3253,2026-04-08 23:01:07,6871,NEQUI,$20.500,Aracari,-
3922,3252,2026-04-08 22:49:10,PUNTO,EFECTIVO,$20.000,pago punto,-
3921,3251,2026-04-08 22:40:24,PUNTO,EFECTIVO,$27.000,pago punto,-
3920,3250,2026-04-08 22:38:15,PUNTO,NEQUI,$76.500,pago punto,-
3919,3249,2026-04-08 21:59:03,para llevar 3x sand,EFECTIVO,$48.000,pago punto,-
3918,3248,2026-04-08 21:11:11,1079,EFECTIVO,$12.500,pago punto,-
3917,3247,2026-04-08 20:49:46,pan de sand,EFECTIVO,$-15.000,pago punto,-
3916,3246,2026-04-08 20:35:14,7115,NEQUI,$19.000,Sie 1,-
3915,3245,2026-04-08 20:34:49,000 milton,NEQUI,$31.000,pasan,-
3914,3244,2026-04-08 20:34:20,3663,NEQUI,$12.000,callejo panze,-
3913,3243,2026-04-08 20:33:26,5567,NEQUI,$36.000,gym pueblo,-
3912,3242,2026-04-08 20:32:47,teka,NEQUI,$36.000,teka,-
3911,3241,2026-04-08 20:32:16,7238,EFECTIVO,$39.000,sie 2,-
3910,3240,2026-04-08 20:30:32,2817,EFECTIVO,$16.000,casa pizzeria,-
3909,3239,2026-04-08 20:29:53,9694,EFECTIVO,$26.500,Batará,-
3908,3238,2026-04-08 20:28:45,5637,NEQUI,$32.500,Frontino,-
3905,3235,2026-04-07 23:46:15,7004,EFECTIVO,$19.500,pasan,-
3904,3234,2026-04-07 23:45:18,2927,NEQUI,$29.000,pasa,-
3903,3233,2026-04-07 23:28:35,pan de sand,EFECTIVO,$-12.500,pago punto,-
3902,3232,2026-04-07 23:27:55,verduras ,EFECTIVO,$-9.500,pago punto,-
3901,3231,2026-04-07 23:24:17,altamorada,NEQUI,$19.000,altamorada,-
3900,3230,2026-04-07 23:21:38,0664,EFECTIVO,$12.000,Torre de San Juan 9B,-
3899,3229,2026-04-07 23:20:06,8993,NEQUI,$45.000,Andaríos,-
3898,3228,2026-04-07 23:17:14,7004,EFECTIVO,$19.500,pasan,-
3897,3227,2026-04-07 23:15:15,1264,NEQUI,$35.500,pasan,-
3896,3226,2026-04-07 23:07:37,8901 perrito,EFECTIVO,$51.000,Batará,-
3895,3225,2026-04-07 23:06:53,9416,NEQUI,$22.000,GRAN SABANA,-
3894,3224,2026-04-07 23:06:20,0790,EFECTIVO,$39.000,pasan,-
3893,3223,2026-04-07 23:04:30,pasan,EFECTIVO,$29.000,pasan,-
3892,3222,2026-04-07 23:00:59,000 danna abono deuda,EFECTIVO,$4.000,casa,-
3891,3221,2026-04-07 23:00:27,000 danna,EFECTIVO,$11.000,casa,-
3890,3220,2026-04-07 22:59:02,4694,NEQUI,$33.000,monte verde,-
3889,3219,2026-04-07 22:55:43,7908,NEQUI,$33.000,Aracari,-
3888,3218,2026-04-07 22:55:07,5149,NEQUI,$26.500,pasan,-
3887,3217,2026-04-07 22:50:59,mama anyelo,NEQUI,$12.000,casa,-
3886,3216,2026-04-07 22:50:27,2145,NEQUI,$53.500,altamorada,-
3885,3215,2026-04-07 22:49:41,5850,NEQUI,$24.000,sie 1,-
3884,3214,2026-04-07 22:43:26,mesa para llevar salch,NEQUI,$33.000,pago punto,-
3883,3213,2026-04-07 22:39:10,5523,DAVIPLATA,$68.000,ebel,-
3882,3212,2026-04-07 22:38:15,1927,EFECTIVO,$19.000,altamorada,-
3881,3211,2026-04-07 22:37:31,6594,NEQUI,$26.000,teka,-
3880,3210,2026-04-07 22:27:53,sand para llevar,EFECTIVO,$12.000,pago punto,-
3879,3209,2026-04-07 22:19:52,mesa 5 jhon dharma ,NEQUI,$15.500,pago punto,-
3878,3208,2026-04-07 22:18:27,mesa 3,NEQUI,$33.000,pago punto,-
3877,3207,2026-04-07 21:27:20,mesa 1,NEQUI,$52.000,pago punto,-
3876,3206,2026-04-07 21:05:21,mesa alodras,NEQUI,$96.000,pago punto,-
3875,3205,2026-04-07 20:36:28,mesa 5,EFECTIVO,$40.000,pago punto,-
3874,3204,2026-04-07 20:02:40,panze,EFECTIVO,$3.500,pago punto,-
3873,3203,2026-04-07 19:51:41,punto,EFECTIVO,$23.000,-,-
3872,3202,2026-04-07 19:50:28,punto,EFECTIVO,$31.000,-,-
3871,3201,2026-04-07 19:45:35,mesa 1,NEQUI,$40.000,pago punto,-
3870,3200,2026-04-07 19:44:47,mesa 3 ,DAVIPLATA,$54.000,pago punto,-
3869,3199,2026-04-07 19:41:07,mesa 2 ,NEQUI,$38.000,pago punto,-
3868,3198,2026-04-07 19:27:04,1051,EFECTIVO,$12.000,-,-
3867,3197,2026-04-07 19:11:53,mesa des combo,NEQUI,$40.000,pago punto,-
3866,3196,2026-04-07 00:02:13,desechables,EFECTIVO,$-10.000,pago punto,-
3865,3195,2026-04-06 23:27:56,sand para llevar,NEQUI,$12.000,pago punto,-
3864,3194,2026-04-06 23:26:35,8901 perrito,EFECTIVO,$31.000,Batará,-
3863,3193,2026-04-06 23:24:50,5280,NEQUI,$12.000,Sie 2,-
3862,3192,2026-04-06 23:24:24,0516,NEQUI,$25.000,puertas sol 2,-
3861,3191,2026-04-06 23:23:52,9725,NEQUI,$67.000,cc 360,-
3860,3190,2026-04-06 23:23:10,2333,EFECTIVO,$75.000,felicia,-
3859,3189,2026-04-06 23:22:16,8993,NEQUI,$75.000,Andaríos,-
3858,3188,2026-04-06 23:21:53,1800 ing cristian,NEQUI,$24.000,Milano,-
3857,3187,2026-04-06 23:20:47,0000 ivan alta morada,NEQUI,$24.000,altamorada,-
3856,3186,2026-04-06 23:19:51,mesa 5 ,NEQUI,$30.000,pago punto,-
3855,3185,2026-04-06 23:18:15,000 wilmer,EFECTIVO,$12.000,pasan,-
3854,3184,2026-04-06 23:14:33,6758,NEQUI,$48.000,Sie 3,-
3853,3183,2026-04-06 22:57:04,PUNTO,EFECTIVO,$39.000,pago punto,-
3852,3182,2026-04-06 22:54:54,PUNTO,EFECTIVO,$28.500,pago punto,-
3851,3181,2026-04-06 22:31:09,MESA 5 FRIEND TONEL,EFECTIVO,$40.000,pago punto,-
3850,3180,2026-04-06 22:19:03,MESA 3,NEQUI,$42.500,pago punto,-
3849,3179,2026-04-06 22:02:15,MESA 1,NEQUI,$46.000,pago punto,-
3848,3178,2026-04-06 21:10:20,mesa 2 ,DAVIPLATA,$61.500,pago punto,-
3847,3177,2026-04-06 20:35:21,mesa 5 energia,EFECTIVO,$26.500,pago punto,-
3846,3176,2026-04-06 20:12:29,mesa crespo,NEQUI,$49.000,pago punto,-
3845,3175,2026-04-06 20:06:41,0790,EFECTIVO,$35.500,pasan,-
3844,3174,2026-04-06 19:58:33,mesa 5,EFECTIVO|3000.0+NEQUI|19000.0,$22.000,pago punto,-
3843,3173,2026-04-06 19:48:18,3867,EFECTIVO,$22.000,Aracari,-
3842,3172,2026-04-06 19:44:55,7238,NEQUI,$39.000,sie 2,-
3841,3171,2026-04-06 19:43:44,mesa 3  juan,NEQUI,$30.000,pago punto,-
3840,3170,2026-04-06 18:44:48,verduras,EFECTIVO,$-15.000,pago punto,-
3839,3169,2026-04-06 18:42:26,pan sand,EFECTIVO,$-14.000,pago punto,-
3838,3168,2026-04-05 23:34:03,sand,EFECTIVO,$39.500,pago punto,-
3837,3167,2026-04-05 22:59:25,sand ultmi,NEQUI,$24.000,pago punto,-
3836,3166,2026-04-05 22:42:48,7925,EFECTIVO,$15.000,pueblo,-
3835,3165,2026-04-05 22:35:09,pago anyelo,NEQUI,$-10.000,pago punto,-
3834,3164,2026-04-05 22:34:07,domigo 05,EFECTIVO,$-15.000,pago anyelo,-
3833,3163,2026-04-05 22:31:36,mesa 3 div man,NEQUI,$57.500,pago punto,-
3832,3162,2026-04-05 22:29:20,mesa 5,EFECTIVO,$74.000,pago punto,-
3831,3161,2026-04-05 22:20:17,mesa 1,NEQUI,$14.500,pago punto,-
3830,3160,2026-04-05 22:04:42,mesa 3 div caballero,NEQUI,$60.500,pago punto,-
3829,3159,2026-04-05 21:50:55,6288,EFECTIVO,$15.500,Sie 1,-
3828,3158,2026-04-05 21:50:20,1173,NEQUI,$31.000,Frontino,-
3827,3157,2026-04-05 21:38:58,camineta doble es,NEQUI,$27.000,pago punto,-
3826,3156,2026-04-05 21:25:03,mazor papa,EFECTIVO,$40.000,pago punto,-
3825,3155,2026-04-05 21:23:13,mesa 6 le sobra jeje,EFECTIVO,$53.000,pago punto,-
3824,3154,2026-04-05 21:03:24,mama ayelo,EFECTIVO,$7.000,pago punto,-
3823,3153,2026-04-05 21:02:56,mesa 5 mitad,EFECTIVO,$33.000,pago punto,-
3822,3152,2026-04-05 21:01:44,mesa 5 mitad,NEQUI,$31.000,pago punto,-
3821,3151,2026-04-05 20:58:33,mesa 3,EFECTIVO,$27.500,pago punto,-
3820,3150,2026-04-05 20:54:10,0044,NEQUI,$19.500,pasan,-
3819,3149,2026-04-05 20:33:35,4918,NEQUI,$33.000,Amazilia,-
3818,3148,2026-04-05 20:33:06,3867,NEQUI,$22.000,Aracari,-
3817,3147,2026-04-05 20:19:53,0422,NEQUI,$24.000,Jilguero,-
3816,3146,2026-04-05 20:19:22,mesa 1 ,NEQUI,$42.000,pago punto,-
3815,3145,2026-04-05 20:17:08,9171,NEQUI,$18.500,cementerio pueblo,-
3814,3144,2026-04-05 20:00:29,salchipapas,EFECTIVO,$30.000,pago punto,-
3813,3143,2026-04-05 19:48:33,6961,EFECTIVO,$48.000,mirador campo,-
3812,3142,2026-04-05 19:30:03,8184,EFECTIVO,$41.000,torres 14,-
3811,3141,2026-04-05 19:23:13,wilmer,EFECTIVO,$15.500,pago punto,-
3810,3140,2026-04-05 19:19:07,mesa 4,EFECTIVO,$30.000,pago punto,-
3809,3139,2026-04-05 19:00:48,6871,NEQUI,$36.500,Aracari,-
3808,3138,2026-04-05 18:57:26,VERDURAS,EFECTIVO,$-9.500,pago punto,-
3807,3137,2026-04-05 18:56:36,PAN SAND,EFECTIVO,$-15.000,pago punto,-
3806,3136,2026-04-05 01:02:16,sie 3,NEQUI,$31.000,Sie 3,-
3805,3135,2026-04-05 01:01:34,0790,NEQUI,$58.500,pasan,-
3804,3134,2026-04-05 01:00:56,5715,NEQUI,$12.000,Amazilia,-
3803,3133,2026-04-05 01:00:31,5266,NEQUI,$22.000,Amazilia,-
3802,3132,2026-04-05 01:00:09,7115,NEQUI,$24.000,sie 4,-
3801,3131,2026-04-05 00:59:53,3481,NEQUI,$15.500,al frente iglesia,-
3800,3130,2026-04-05 00:59:14,000 juan,NEQUI,$12.000,Amazilia,-
3799,3129,2026-04-05 00:58:38,jhon,NEQUI,$19.500,pasan,-
3798,3128,2026-04-05 00:57:52,1770,EFECTIVO,$26.000,morely,-
3797,3127,2026-04-05 00:56:14,mesa 2,EFECTIVO,$33.500,pago punto,-
3796,3126,2026-04-05 00:55:07,1082,NEQUI,$47.500,Batará,-
3795,3125,2026-04-05 00:54:24,8186,NEQUI,$21.000,Frontino,-
3794,3124,2026-04-05 00:50:29,0730,EFECTIVO,$45.000,Ibis,-
3793,3123,2026-04-05 00:49:46,9879,EFECTIVO,$24.000,Sie 3,-
3792,3122,2026-04-05 00:45:42,5761,EFECTIVO,$27.000,tonel,-
3791,3121,2026-04-05 00:44:29,1198,NEQUI,$15.000,Andaríos,-
3790,3120,2026-04-05 00:43:39,0233,NEQUI,$52.000,Jilguero,-
3789,3119,2026-04-05 00:26:35,8607,NEQUI,$14.500,Amazilia,-
3788,3118,2026-04-05 00:26:01,4968,NEQUI,$73.000,puertas sol 3,-
3787,3117,2026-04-05 00:25:15,0044,NEQUI,$17.500,pasan,-
3786,3116,2026-04-05 00:24:19,7193,NEQUI,$75.000,Frontino,-
3785,3115,2026-04-05 00:23:42,000 wilmer,EFECTIVO,$17.000,PASAn,-
3784,3114,2026-04-05 00:23:01,6573,EFECTIVO,$15.500,Frontino,-
3783,3113,2026-04-05 00:22:04,4784,NEQUI,$30.000,bosques arrayan,-
3782,3112,2026-04-05 00:21:01,5498,NEQUI,$31.500,altamorada,-
3781,3111,2026-04-05 00:07:05,8544,DAVIPLATA,$55.000,Tángara,-
3780,3110,2026-04-05 00:06:06,3488,DAVIPLATA,$26.000,manzanos,-
3779,3109,2026-04-05 00:03:25,cambio de nequi a efectivo,EFECTIVO,$-1.000,pago punto,-
3778,3108,2026-04-05 00:03:06,cambio de nequi a efectivo,NEQUI,$1.000,pago punto,-
3777,3107,2026-04-05 00:02:28,mesa 3,NEQUI,$23.500,pago punto,-
3776,3106,2026-04-05 00:01:29,5605,NEQUI,$24.000,pasan,-
3775,3105,2026-04-05 00:00:55,000 chica 7,DAVIPLATA,$15.000,acacias,-
3774,3104,2026-04-04 23:55:27,mesa 5,NEQUI,$24.000,pago punto,-
3773,3103,2026-04-04 23:49:30,punto,EFECTIVO|1500.0+NEQUI|30000.0,$31.500,pago punto,-
3772,3102,2026-04-04 23:37:45,mesa 6 fum,EFECTIVO,$18.500,pago punto,-
3771,3101,2026-04-04 23:23:10,mesa 2 marzor 20k,DAVIPLATA,$52.000,pago punto,-
3770,3100,2026-04-04 23:18:24,punto niña,NEQUI,$65.000,pago punto,-
3769,3099,2026-04-04 23:09:43,mesa 5,EFECTIVO,$41.000,pago punto,-
3768,3098,2026-04-04 23:07:20,mesa 1,NEQUI,$46.000,pago punto,-
3767,3097,2026-04-04 22:59:54,mesa 6 para llevar moto,EFECTIVO,$12.000,pago punto,-
3766,3096,2026-04-04 22:56:39,mesa 2 panaderia,EFECTIVO,$48.000,pago punto,-
3765,3095,2026-04-04 22:56:13,mesa lulo,EFECTIVO,$44.000,pago punto,-
3764,3094,2026-04-04 22:30:55,mesa 2,NEQUI,$31.000,pago punto,-
3763,3093,2026-04-04 22:14:17,punto,NEQUI,$38.000,pago punto,-
3762,3092,2026-04-04 21:58:20,mesa 3,NEQUI,$35.000,pago punto,-
3761,3091,2026-04-04 21:44:46,doble para colmbo,EFECTIVO,$24.000,pago punto,-
3760,3090,2026-04-04 21:43:53,sand des,DAVIPLATA,$26.000,pago punto,-
3759,3089,2026-04-04 21:41:53,mesa 1,EFECTIVO,$41.500,pago punto,-
3758,3088,2026-04-04 21:40:33,sand para llevar,NEQUI,$27.500,pago punto,-
3757,3087,2026-04-04 21:33:40,mesa 4,NEQUI,$56.000,pago punto,-
3756,3086,2026-04-04 21:02:07,mesa 5,NEQUI,$30.000,pago punto,-
3755,3085,2026-04-04 21:00:58,mesa 1,NEQUI,$51.000,pago punto,-
3754,3084,2026-04-04 20:58:49,mesa 2,NEQUI,$39.000,pago punto,-
3753,3083,2026-04-04 20:35:32,sand desmechada,NEQUI,$30.000,pago punto,-
3752,3082,2026-04-04 20:29:56,mesa 3,EFECTIVO,$35.000,pago punto,-
3751,3081,2026-04-04 20:23:18,para llevar,EFECTIVO,$8.000,pago punto,-
3750,3080,2026-04-04 20:05:01,para llevar ,NEQUI,$45.000,pago punto,-
3749,3079,2026-04-04 20:00:29,mesa 2,NEQUI,$22.000,pago punto,-
3748,3078,2026-04-04 19:34:50,mesa 2 ,NEQUI,$55.000,pago punto,-
3747,3077,2026-04-04 19:31:38,mesa 1 ,NEQUI,$60.000,pago punto,-
3746,3076,2026-04-04 18:54:45,punto,EFECTIVO,$17.500,pago punto,-
3745,3075,2026-04-04 18:50:34,punto,NEQUI,$35.500,pago punto,-
3744,3074,2026-04-04 18:44:04,punto,DAVIPLATA,$31.500,pago punto,-
3743,3073,2026-04-04 18:11:46,pan sand ,EFECTIVO,$-30.000,pago punto,-
3742,3072,2026-04-01 23:58:02,3050,EFECTIVO,$32.000,-,-
3741,3071,2026-04-01 23:57:36,señor gas,EFECTIVO,$30.000,-,-
3740,3070,2026-04-01 23:57:06,alta morada,NEQUI,$36.500,-,-
3739,3069,2026-04-01 23:55:53,amazilia regalo,NEQUI,$16.000,-,-
3738,3068,2026-04-01 23:55:23,7076,NEQUI,$19.500,-,-
3737,3067,2026-04-01 23:54:48,9286,NEQUI,$22.000,-,-
3736,3066,2026-04-01 23:54:23,4692,NEQUI,$32.000,-,-
3735,3065,2026-04-01 23:54:03,4851,NEQUI,$16.000,-,-
3734,3064,2026-04-01 23:53:42,robinson,NEQUI,$17.000,-,-
3733,3063,2026-04-01 23:53:26,2057,NEQUI,$31.000,-,-
3732,3062,2026-04-01 23:53:05,6991,NEQUI,$30.000,-,-
3731,3061,2026-04-01 23:52:34,6435,NEQUI,$45.000,-,-
3730,3060,2026-04-01 23:51:48,3457,EFECTIVO,$31.000,-,-
3729,3059,2026-04-01 23:51:23,0249,EFECTIVO,$27.500,-,-
3728,3058,2026-04-01 23:50:44,5850,NEQUI,$24.000,-,-
3727,3057,2026-04-01 23:50:28,9848,EFECTIVO,$27.500,-,-
3726,3056,2026-04-01 23:50:00,4258,NEQUI,$50.000,-,-
3725,3055,2026-04-01 23:49:40,0276,NEQUI,$40.000,-,-
3724,3054,2026-04-01 23:49:16,7209,NEQUI,$23.000,-,-
3723,3053,2026-04-01 23:48:50,5874,NEQUI,$120.000,-,-
3722,3052,2026-04-01 23:32:07,sandwich desmecada,NEQUI,$14.000,-,-
3721,3051,2026-04-01 23:31:04,sandra,EFECTIVO,$51.000,-,-
3720,3050,2026-04-01 23:26:18,chico,EFECTIVO,$32.000,-,-
3719,3049,2026-04-01 23:14:20,punto,EFECTIVO,$31.500,pago punto,-
3718,3048,2026-04-01 23:06:52,punto,EFECTIVO,$26.000,pago punto,-
3717,3047,2026-04-01 23:02:45,punto,NEQUI,$35.000,pago punto,-
3716,3046,2026-04-01 22:07:10,dobles,EFECTIVO,$72.000,-,-
3715,3045,2026-04-01 22:05:16,pareja,NEQUI,$35.500,-,-
3714,3044,2026-04-01 21:58:19,veci gafas,NEQUI,$54.500,-,-
3713,3043,2026-04-01 21:37:21,punto,EFECTIVO,$7.000,pago punto,-
3712,3042,2026-04-01 21:36:58,punto,NEQUI,$34.000,pago punto,-
3711,3041,2026-04-01 21:33:47,punto,EFECTIVO,$113.500,pago punto,-
3710,3040,2026-04-01 21:29:11,punto,NEQUI,$16.000,pago punto,-
3709,3039,2026-04-01 21:27:50,punto,NEQUI,$11.000,pago punto,-
3708,3038,2026-04-01 21:26:50,punto,EFECTIVO,$34.000,pago punto,-
3707,3037,2026-04-01 21:16:09,punto,NEQUI,$54.000,pago punto,-
3706,3036,2026-04-01 20:56:52,punto,EFECTIVO,$27.500,pago punto,-
3705,3035,2026-04-01 20:47:37,punto,EFECTIVO,$45.000,pago punto,-
3704,3034,2026-04-01 20:34:06,punto,EFECTIVO,$59.500,pago punto,-
3703,3033,2026-04-01 20:32:26,punto,NEQUI,$61.500,pago punto,-
3702,3032,2026-04-01 20:29:22,punto,NEQUI,$42.500,pago punto,-
3701,3031,2026-04-01 20:27:25,punto,NEQUI,$37.500,pago punto,-
3700,3030,2026-04-01 20:24:08,punto,EFECTIVO,$12.000,pago punto,-
3699,3029,2026-04-01 20:11:36,punto,NEQUI,$17.500,pago punto,-
3698,3028,2026-04-01 20:11:13,punto,NEQUI,$16.000,pago punto,-
3697,3027,2026-04-01 19:53:21,punto,EFECTIVO,$31.500,pago punto,-
3696,3026,2026-04-01 19:42:43,punto,EFECTIVO,$39.000,pago punto,-
3695,3025,2026-04-01 19:41:06,punto,NEQUI,$40.000,pago punto,-
3694,3024,2026-04-01 19:39:44,punto,NEQUI,$39.500,pago punto,-
3693,3023,2026-04-01 19:34:12,punto,NEQUI,$27.000,pago punto,-
3692,3022,2026-04-01 00:44:36,verduras,EFECTIVO,$-4.000,pago punto,-
3691,3021,2026-04-01 00:39:55,9477,NEQUI,$29.000,verona,-
3690,3020,2026-04-01 00:39:07,1863,NEQUI,$29.000,pasan,-
3689,3019,2026-04-01 00:38:40,0000 danna deuda,EFECTIVO,$3.000,casa,-
3688,3018,2026-04-01 00:38:12,000 danna,EFECTIVO,$17.000,casa,-
3687,3017,2026-04-01 00:36:58,3839,NEQUI,$25.500,pasan,-
3686,3016,2026-04-01 00:34:35,4095,NEQUI|5500.0+EFECTIVO|20000.0,$25.500,bosques arrayan,-
3685,3015,2026-04-01 00:33:50,6037,NEQUI,$29.000,puertas sol 2,-
3684,3014,2026-04-01 00:33:15,3214787729,NEQUI,$33.000,Jilguero,-
3683,3013,2026-04-01 00:32:51,2170,NEQUI,$53.000,caseta,-
3682,3012,2026-04-01 00:30:35,3663,NEQUI,$11.000,cacha tejo,-
3681,3011,2026-04-01 00:27:46,2747,NEQUI,$89.500,altamorada,-
3680,3010,2026-04-01 00:27:09,4346,NEQUI,$32.000,altamorada,-
3679,3009,2026-04-01 00:26:42,2497,EFECTIVO,$36.500,Sie 1,-
3678,3008,2026-04-01 00:21:52,3080,NEQUI,$26.500,pasan,-
3677,3007,2026-04-01 00:20:19,5588,EFECTIVO,$11.000,Andaríos,-
3676,3006,2026-04-01 00:18:50,6069,NEQUI,$26.000,teka,-
3675,3005,2026-04-01 00:18:24,8072,NEQUI,$31.000,verona,-
3674,3004,2026-04-01 00:16:57,5567,EFECTIVO,$72.000,santaderano,-
3673,3003,2026-04-01 00:13:19,5703,EFECTIVO,$71.000,expotenis,-
3672,3002,2026-04-01 00:12:25,2172,EFECTIVO,$61.500,pasan,-
3671,3001,2026-04-01 00:03:14,mesa 5 ,EFECTIVO,$6.500,pago punto,-
3670,3000,2026-04-01 00:02:58,mesa 3,NEQUI,$28.000,pago punto,-
3669,2999,2026-03-31 23:58:09,5588,EFECTIVO,$11.000,andarios,-
3668,2998,2026-03-31 22:41:04,2x especailes ,NEQUI,$22.000,pago punto,-
3667,2997,2026-03-31 22:24:18,4x especiales,NEQUI,$44.000,pago punto,-
3666,2996,2026-03-31 22:14:19,mesa 1 ,EFECTIVO,$19.500,pago punto,-
3665,2995,2026-03-31 22:11:43,"4 especiales 10,9",NEQUI,$43.500,pago punto,-
3664,2994,2026-03-31 22:11:14,mesa3,NEQUI,$25.500,pago punto,-
3663,2993,2026-03-31 21:34:14,mesa 1 ,NEQUI,$69.000,pago punto,-
3662,2992,2026-03-31 21:28:43,mesa 2,NEQUI,$56.000,pago punto,-
3661,2991,2026-03-31 21:08:23,punto,EFECTIVO,$33.500,pago punto,-
3660,2990,2026-03-31 21:05:08,punto,EFECTIVO,$18.500,pago punto,-
3659,2989,2026-03-31 21:02:55,punto,DAVIPLATA,$39.000,pago punto,-
3658,2988,2026-03-31 21:01:23,punto,EFECTIVO,$7.000,punto,-
3657,2987,2026-03-31 20:56:44,galletas,NEQUI,$12.000,pago punto,-
3656,2986,2026-03-31 20:53:07,punto,NEQUI,$12.000,pago punto,-
3655,2985,2026-03-31 20:49:41,sadn y panze,EFECTIVO,$15.500,pago punto,-
3654,2984,2026-03-31 20:45:28,punto,EFECTIVO,$11.000,punto,-
3653,2983,2026-03-31 20:43:14,j'gal,EFECTIVO,$31.000,pago punto,-
3652,2982,2026-03-31 20:35:52,mesa  1,EFECTIVO,$30.000,pago punto,-
3651,2981,2026-03-31 20:26:47,doble papas,NEQUI,$41.000,pago punto,-
3650,2980,2026-03-31 20:19:58,mesa 2 ,EFECTIVO,$43.500,pago punto,-
3649,2979,2026-03-31 19:44:54,mesa 5,NEQUI,$51.000,pago punto,-
3648,2978,2026-03-31 19:41:19,mesa 4 ,NEQUI,$24.000,pago punto,-
3647,2977,2026-03-31 19:34:48,mesa 2 ,NEQUI,$31.500,pago punto,-
3646,2976,2026-03-30 23:38:24,8929,EFECTIVO,$33.000,Ibis,-
3645,2975,2026-03-30 23:37:56,4108,EFECTIVO,$20.500,Aracari,-
3644,2974,2026-03-30 23:37:22,0516,NEQUI,$12.000,al frente iglesia,-
3643,2973,2026-03-30 23:37:02,5588,EFECTIVO,$18.000,acacias,-
3642,2972,2026-03-30 23:35:52,5785,NEQUI,$18.500,Amazilia,-
3641,2971,2026-03-30 23:35:32,0787,EFECTIVO,$44.000,Ibis,-
3640,2970,2026-03-30 23:35:06,7028,NEQUI,$25.000,teka,-
3639,2969,2026-03-30 23:34:06,7591,NEQUI,$34.000,Ibis,-
3638,2968,2026-03-30 23:33:43,6730,NEQUI,$44.500,venti,-
3637,2967,2026-03-30 23:30:53,000 danna,NEQUI,$11.000,casa,-
3636,2966,2026-03-30 23:30:13,8047,NEQUI,$38.500,Sie 1,-
3635,2965,2026-03-30 23:28:47,8272,EFECTIVO,$12.000,al frente iglesioa,-
3634,2964,2026-03-30 23:28:15,4749,EFECTIVO,$42.000,acacias maderos,-
3633,2963,2026-03-30 23:24:25,8666,NEQUI,$24.000,Sie 3,-
3632,2962,2026-03-30 23:23:37,0274,EFECTIVO,$44.000,sie 1,-
3631,2961,2026-03-30 23:22:30,2817,NEQUI,$22.500,pizzeria,-
3630,2960,2026-03-30 23:22:03,4282w,NEQUI,$83.000,restuarates violetas,-
3629,2959,2026-03-30 23:21:21,3481,NEQUI,$30.000,san carlos,-
3628,2958,2026-03-30 23:19:20,mesa 4,NEQUI,$47.000,pago punto,-
3627,2957,2026-03-30 23:12:51,9992,EFECTIVO,$24.000,Ibis,-
3626,2956,2026-03-30 23:03:54,mesa 3 ,EFECTIVO,$48.000,pago punto,-
3625,2955,2026-03-30 23:00:23,mesa 5 ,DAVIPLATA,$25.000,pago punto,-
3624,2954,2026-03-30 22:50:36,mesa robinson,NEQUI,$41.000,pago punto,-
3623,2953,2026-03-30 22:40:53,mesa 2 ,NEQUI,$16.000,pago punto,-
3622,2952,2026-03-30 21:58:53,mesa 2,EFECTIVO,$34.000,pago punto,-
3621,2951,2026-03-30 21:47:12,punto,EFECTIVO,$31.000,pago punto,-
3620,2950,2026-03-30 20:56:14,punto,EFECTIVO,$11.000,pago punto,-
3619,2949,2026-03-30 20:50:52,mesa 2 romance,NEQUI,$40.000,pago punto,-
3618,2948,2026-03-30 20:49:55,mesa 4,DAVIPLATA,$21.500,pago punto,-
3617,2947,2026-03-30 20:44:41,mesa 1 ,NEQUI,$34.000,pago punto,-
3616,2946,2026-03-30 20:40:46,sand pan perro,NEQUI,$12.000,pago punto,-
3615,2945,2026-03-30 20:39:39,2 especiales ,NEQUI,$22.000,pago punto,-
3614,2944,2026-03-30 20:32:52,mesa 5 ,DAVIPLATA,$44.000,pago punto,-
3613,2943,2026-03-30 20:31:42,mesa perrito ,NEQUI,$51.500,pago punto,-
3612,2942,2026-03-30 19:44:26,vegetales,EFECTIVO,$-8.000,pago punto,-
3611,2941,2026-03-30 19:37:39,sand pan,EFECTIVO,$-15.000,pago punto,-
3610,2940,2026-03-28 23:49:33,veci moto,NEQUI,$17.500,pago punto,-
3609,2939,2026-03-28 23:39:40,mesa 1 5 dobles,NEQUI,$124.000,pago punto,-
3608,2938,2026-03-28 23:08:14,5873,DAVIPLATA,$11.000,Milano,-
3607,2937,2026-03-28 23:07:48,5715,NEQUI|20800.0+EFECTIVO|200.0,$21.000,Amazilia,-
3606,2936,2026-03-28 23:07:01,9873,NEQUI,$9.000,pasan,-
3605,2935,2026-03-28 23:06:15,3341,EFECTIVO,$24.000,Torre de San Juan 35B,-
3604,2934,2026-03-28 23:05:16,00 gas sie ,EFECTIVO,$24.000,pasan,-
3603,2933,2026-03-28 23:04:13,4352,NEQUI,$36.500,altamorada,-
3602,2932,2026-03-28 23:02:37,0604 alondra,NEQUI,$32.000,Alondra,-
3601,2931,2026-03-28 22:58:47,00 wilmer,NEQUI,$12.000,pasan,-
3600,2930,2026-03-28 22:58:18,3060,NEQUI,$18.000,olivos,-
3599,2929,2026-03-28 22:57:42,9873 johan,NEQUI,$22.000,pasan,-
3598,2928,2026-03-28 22:56:38,2451,EFECTIVO,$18.500,Terranova,-
3597,2927,2026-03-28 22:55:58,6991,NEQUI,$18.000,verona,-
3596,2926,2026-03-28 22:53:33,6430,NEQUI,$31.000,Amazilia,-
3595,2925,2026-03-28 22:53:12,0479,NEQUI,$19.000,bosques arrayan,-
3594,2924,2026-03-28 22:52:31,5627,NEQUI,$40.000,Frontino,-
3593,2923,2026-03-28 22:52:02,6046,EFECTIVO,$32.000,Milano,-
3592,2922,2026-03-28 22:51:39,4346,EFECTIVO,$16.000,altamorada,-
3591,2921,2026-03-28 22:51:17,3156,NEQUI,$38.000,Sie 1,-
3590,2920,2026-03-28 22:50:33,6197,NEQUI,$31.500,Aracari,-
3589,2919,2026-03-28 22:50:01,6392,NEQUI,$24.000,Amazilia,-
3588,2918,2026-03-28 22:49:39,8867,NEQUI,$24.000,Sie 2,-
3587,2917,2026-03-28 22:49:19,4784,EFECTIVO,$27.000,bosques arrayan,-
3586,2916,2026-03-28 22:48:48,00 danna,NEQUI,$11.000,casa,-
3585,2915,2026-03-28 22:48:24,5280,NEQUI,$26.000,Sie 2,-
3584,2914,2026-03-28 22:47:25,4114,NEQUI,$20.500,Aracari,-
3583,2913,2026-03-28 22:46:47,8495,NEQUI,$19.500,Ibis,-
3582,2912,2026-03-28 22:46:24,2000,NEQUI,$39.000,Amazilia,-
3581,2911,2026-03-28 22:45:25,6676,EFECTIVO,$42.000,Terranova,-
3580,2910,2026-03-28 22:38:51,0332,NEQUI,$33.000,Amazilia,-
3579,2909,2026-03-28 22:22:04,CHICOS MAZORPAPA,EFECTIVO,$40.000,pago punto,-
3578,2908,2026-03-28 22:19:32,2X ESPECAILES,NEQUI,$22.000,pago punto,-
3577,2907,2026-03-28 21:35:14,SANDWICH,EFECTIVO,$60.000,pago punto,-
3576,2906,2026-03-28 21:15:35,OTRA SEMANA LLEVAR,NEQUI,$41.500,pago punto,-
3575,2905,2026-03-28 21:12:50,3X SAND,DAVIPLATA,$36.000,pago punto,-
3574,2904,2026-03-28 20:51:28,MESA 1,EFECTIVO,$18.000,pago punto,-
3573,2903,2026-03-28 20:49:58,MESA 3,NEQUI,$39.000,pago punto,-
3572,2902,2026-03-28 20:27:33,MESA 1 GRAN FAMILY,DAVIPLATA,$78.500,pago punto,-
3571,2901,2026-03-28 20:24:58,DOBLE PARA LLEVAR,EFECTIVO,$16.000,pago punto,-
3570,2900,2026-03-28 20:24:36, 3X ESP,EFECTIVO,$48.000,pago punto,-
3569,2899,2026-03-28 20:09:57,PUNTO,EFECTIVO,$40.000,pago punto,-
3568,2898,2026-03-28 20:00:51,TARJETA NEQUI,NEQUI,$28.000,pago punto,-
3567,2897,2026-03-28 19:59:36,SAND LLEVAR,EFECTIVO,$12.000,pago punto,-
3566,2896,2026-03-28 19:48:15,MESA 1 PT 2,DAVIPLATA,$17.500,pago punto,-
3565,2895,2026-03-28 19:47:16,MESA 1 PT,EFECTIVO,$14.500,pago punto,-
3564,2894,2026-03-28 19:44:57,mesa 2,EFECTIVO,$23.500,pago punto,-
3563,2893,2026-03-28 19:38:05,mesa 2,NEQUI,$31.000,pago punto,-
3562,2892,2026-03-28 19:36:59,veci can,EFECTIVO,$6.500,pago punto,-
3561,2891,2026-03-28 19:29:49,mesa 1 ,EFECTIVO,$47.500,pago punto,-
3560,2890,2026-03-28 19:19:04,mesa 2,NEQUI,$39.000,pago punto,-
3559,2889,2026-03-28 19:17:18,sand ebel,EFECTIVO,$24.000,pago punto,-
3558,2888,2026-03-27 23:45:24,cliente ,NEQUI,$31.500,-,-
3557,2887,2026-03-27 23:35:37,7833,NEQUI,$56.000,-,-
3556,2886,2026-03-27 23:34:40,3441,NEQUI,$20.500,-,-
3555,2885,2026-03-27 23:34:20,3707,EFECTIVO,$47.000,-,-
3554,2884,2026-03-27 23:33:57,9859,DAVIPLATA,$33.000,-,-
3553,2883,2026-03-27 23:33:14,wilmer,EFECTIVO,$15.000,-,-
3552,2882,2026-03-27 23:32:50,5864,NEQUI,$32.000,-,-
3551,2881,2026-03-27 23:32:09,clientef,NEQUI,$50.000,-,-
3550,2880,2026-03-27 23:31:06,8360,EFECTIVO,$17.000,-,-
3549,2879,2026-03-27 23:30:05,7561,NEQUI,$26.000,-,-
3548,2878,2026-03-27 23:29:31,4512,EFECTIVO,$39.000,-,-
3547,2877,2026-03-27 23:26:51,8423,NEQUI,$24.000,-,-
3546,2876,2026-03-27 23:26:32,sandwich,NEQUI,$12.000,-,-
3545,2875,2026-03-27 23:26:15,7789,EFECTIVO,$41.000,-,-
3544,2874,2026-03-27 23:24:41,5642,EFECTIVO,$16.000,-,-
3543,2873,2026-03-27 23:24:01,4412,EFECTIVO,$28.000,-,-
3542,2872,2026-03-27 23:23:27,4992,EFECTIVO,$63.000,-,-
3541,2871,2026-03-27 23:22:50,pareja,NEQUI,$23.000,-,-
3540,2870,2026-03-27 23:22:01,6713,EFECTIVO,$41.000,-,-
3539,2869,2026-03-27 23:21:07,electricos,EFECTIVO,$20.000,-,-
3538,2868,2026-03-27 23:20:39,tonel,EFECTIVO,$37.000,-,-
3537,2867,2026-03-27 23:20:09,0422,NEQUI,$96.000,-,-
3536,2866,2026-03-27 23:19:20,arturo,NEQUI,$45.500,-,-
3535,2865,2026-03-27 23:18:31,9914,NEQUI,$24.000,-,-
3534,2864,2026-03-27 23:18:05,1264,NEQUI,$17.000,-,-
3533,2863,2026-03-27 23:17:35,2441,NEQUI,$26.000,-,-
3532,2862,2026-03-27 23:17:01,4725,NEQUI,$16.000,-,-
3531,2861,2026-03-27 23:16:41,4694,EFECTIVO,$22.000,-,-
3530,2860,2026-03-27 23:16:03,fer,NEQUI,$46.500,-,-
3529,2859,2026-03-27 23:15:30,5611,NEQUI,$16.500,-,-
3528,2858,2026-03-27 23:15:07,7797,NEQUI,$31.500,-,-
3527,2857,2026-03-27 23:14:21,ebel,DAVIPLATA,$159.000,-,-
3526,2856,2026-03-27 22:49:39,taxis,EFECTIVO,$19.500,-,-
3525,2855,2026-03-27 22:49:02,50000,EFECTIVO,$35.000,-,-
3524,2854,2026-03-27 22:48:07,cliente doble,NEQUI,$19.500,-,-
3523,2853,2026-03-27 22:42:50,cliente ,NEQUI,$12.000,-,-
3522,2852,2026-03-27 22:42:04,cliente especial,NEQUI,$14.500,-,-
3521,2851,2026-03-27 22:25:28,cliente musica,EFECTIVO,$28.000,-,-
3520,2850,2026-03-27 22:22:38,negrita,NEQUI,$30.000,-,-
3519,2849,2026-03-27 22:18:38,vecinito,EFECTIVO,$12.000,-,-
3518,2848,2026-03-27 22:10:20,batara,EFECTIVO,$15.000,-,-
3517,2847,2026-03-27 22:02:17,gafas perro,NEQUI,$30.000,-,-
3516,2846,2026-03-27 20:45:27,robinson,EFECTIVO,$15.500,pago punto,-
3515,2845,2026-03-27 20:06:43,cliente gafas,EFECTIVO,$38.000,-,-
3514,2844,2026-03-27 19:55:31,punto,NEQUI,$59.500,pago punto,-
3513,2843,2026-03-27 19:49:28,mesa 2 ,NEQUI,$43.500,pago punto,-
3512,2842,2026-03-27 19:48:37,mesa 1 gran comida,EFECTIVO,$63.500,pago punto,-
3511,2841,2026-03-27 19:41:25,santi panze,NEQUI,$3.500,pago punto,-
3510,2840,2026-03-27 19:34:36,veci 8:10,NEQUI,$56.000,pago punto,-
3509,2839,2026-03-27 19:06:19,mesa 1,NEQUI,$19.500,pago punto,-
3508,2838,2026-03-27 18:36:26,mesa 1c ,NEQUI,$15.500,pago punto,-
3507,2837,2026-03-27 00:03:23,3481,NEQUI,$18.500,industrial,-
3506,2836,2026-03-27 00:02:49,3481,NEQUI,$18.500,casa deyver,-
3505,2835,2026-03-27 00:02:16,9313,NEQUI,$20.000,Batará,-
3504,2834,2026-03-27 00:01:55,9419,NEQUI,$21.000,gran sabana,-
3503,2833,2026-03-27 00:01:06,3645,EFECTIVO,$32.000,Andaríos,-
3502,2832,2026-03-26 23:54:48,mama santi domi,EFECTIVO,$3.000,texaco,-
3501,2831,2026-03-26 23:53:51,mesa 5 15 min,NEQUI,$15.500,pasan,-
3500,2830,2026-03-26 23:53:13,2844,NEQUI,$43.000,pasa,-
3499,2829,2026-03-26 23:52:15,mama santi,NEQUI,$32.000,texaco,-
3498,2828,2026-03-26 23:43:50,6394,EFECTIVO,$24.000,pasan,-
3497,2827,2026-03-26 23:43:12,0851,EFECTIVO,$27.000,pueblo,-
3496,2826,2026-03-26 23:41:53,9976,NEQUI,$42.000,Amazilia,-
3495,2825,2026-03-26 23:39:37,0337,NEQUI,$9.000,Sie 4,-
3494,2824,2026-03-26 23:35:21,9763,EFECTIVO|30000.0+NEQUI|11000.0,$41.000,Tángara,-
3493,2823,2026-03-26 23:34:37,3457,NEQUI,$15.500,Ibis,-
3492,2822,2026-03-26 23:34:15,5642,NEQUI,$15.500,Milano,-
3491,2821,2026-03-26 23:33:59,3663,DAVIPLATA,$24.000,canchac tejo,-
3490,2820,2026-03-26 23:33:40,2143,NEQUI,$23.000,Sie 3,-
3489,2819,2026-03-26 23:33:19,6294,NEQUI,$45.000,ajendria,-
3488,2818,2026-03-26 23:32:21,7238,NEQUI,$30.000,sie 2,-
3487,2817,2026-03-26 23:31:16,6430,EFECTIVO,$31.000,Amazilia,-
3486,2816,2026-03-26 23:30:48,7892,EFECTIVO,$11.000,Milano,-
3485,2815,2026-03-26 23:28:27,2014,NEQUI,$27.000,Aracari,-
3484,2814,2026-03-26 23:16:45,0413,NEQUI,$27.500,pueblo,-
3483,2813,2026-03-26 23:15:25,4199,EFECTIVO,$36.000,Amazilia,-
3482,2812,2026-03-26 23:10:49,mesa 2,NEQUI,$24.500,pasan,-
3481,2811,2026-03-26 23:08:50,3050,EFECTIVO,$19.000,olivos,-
3480,2810,2026-03-26 22:46:16,punto,NEQUI,$12.000,pago punto,-
3479,2809,2026-03-26 22:42:44,punto,NEQUI,$15.500,pago punto,-
3478,2808,2026-03-26 22:41:22,punto,NEQUI,$53.000,pago punto,-
3477,2807,2026-03-26 22:34:50,pan sand ,EFECTIVO,$-10.500,pago punto,-
3476,2806,2026-03-26 22:31:18,0581,NEQUI,$15.500,ibiz,-
3475,2805,2026-03-26 22:30:40,1800,EFECTIVO,$27.000,Milano,-
3474,2804,2026-03-26 22:18:12,mesa 1 agua,NEQUI,$31.000,pago punto,-
3473,2803,2026-03-26 21:20:59,punto,EFECTIVO,$18.500,pago punto,-
3472,2802,2026-03-26 21:15:12,vcecino perrito,EFECTIVO,$24.000,pago punto,-
3471,2801,2026-03-26 20:43:26,punto,EFECTIVO,$50.500,pago punto,-
3470,2800,2026-03-26 20:09:06,mesa 5 familia niña,NEQUI,$54.000,pago punto,-
3469,2799,2026-03-26 20:06:41,mesa 1 mazorcada,EFECTIVO,$16.000,pago punto,-
3468,2798,2026-03-26 19:57:25,mesa 4 romance,NEQUI,$39.000,pago punto,-
3467,2797,2026-03-26 19:55:34,mesa 2c para llevar,EFECTIVO,$16.500,pago punto,-
3466,2796,2026-03-26 19:38:42,mesa 2 doble pt2,NEQUI,$23.500,pago punto,-
3465,2795,2026-03-26 19:36:19,mesa 2 dobel pt1,EFECTIVO,$23.500,pago punto,-
3464,2794,2026-03-26 18:57:53,tapabocas,EFECTIVO,$-2.000,pago punto,-
3463,2793,2026-03-26 18:57:38,pan sand,EFECTIVO,$-17.500,pago punto,-
3462,2792,2026-03-25 23:09:38,0516,NEQUI,$9.000,al frente iglesia,-
3461,2791,2026-03-25 23:09:18,6846,NEQUI,$19.500,Batará,-
3460,2790,2026-03-25 23:08:50,5561,EFECTIVO,$20.000,Amazilia,-
3459,2789,2026-03-25 23:08:24,7193,DAVIPLATA,$67.000,Frontino,-
3458,2788,2026-03-25 23:07:48,9440,NEQUI,$52.000,Amazilia,-
3456,2786,2026-03-25 22:57:42,6282,NEQUI,$31.000,Amazilia,-
3455,2785,2026-03-25 22:55:28,7975,DAVIPLATA,$15.000,Jilguero,-
3454,2784,2026-03-25 22:55:06,9873,NEQUI,$51.500,pasan,-
3453,2783,2026-03-25 22:54:30,7429,NEQUI,$36.500,Amazilia,-
3452,2782,2026-03-25 22:53:35,7321,NEQUI,$15.500,altamorada,-
3451,2781,2026-03-25 22:53:17,00 CHICA 7,NEQUI,$15.000,ALAMEDA,-
3450,2780,2026-03-25 22:45:43,PANZES NEW,EFECTIVO,$10.500,pago punto,-
3449,2779,2026-03-25 22:40:07,ESPECIALES LLEVAR,NEQUI,$44.000,pago punto,-
3448,2778,2026-03-25 22:38:46,MESA 1 SADN PARA LLEVAR,EFECTIVO,$24.000,pago punto,-
3447,2777,2026-03-25 21:33:44,PROPINA MESA 3 ,NEQUI,$5.000,pago punto,-
3446,2776,2026-03-25 21:29:48,MESA 3 ,NEQUI,$21.000,pago punto,-
3445,2775,2026-03-25 21:17:08,MESA 1 CHORRI,NEQUI,$35.000,pago punto,-
3444,2774,2026-03-25 20:59:02,MESA 2 SAND DES,EFECTIVO,$29.000,pago punto,-
3443,2773,2026-03-25 20:29:29,MESA 4 PARA LLEVAR,NEQUI,$22.000,pago punto,-
3442,2772,2026-03-25 20:13:08,MESA 5,EFECTIVO,$18.000,pago punto,-
3441,2771,2026-03-25 19:49:54,mesa 3 ,NEQUI,$41.000,pago punto,-
3440,2770,2026-03-25 19:46:12,mesa 4 panze,EFECTIVO,$39.000,pago punto,-
3439,2769,2026-03-25 19:30:26,mesa 2 bebida tomate,NEQUI,$50.500,pago punto,-
3438,2768,2026-03-25 19:29:02,mesa 5 combo,EFECTIVO,$20.000,pago punto,-
3437,2767,2026-03-25 19:28:28,mesa 4,EFECTIVO,$16.000,pago punto,-
3436,2766,2026-03-25 18:41:38,tapabocas,EFECTIVO,$-1.000,pago punto,-
3435,2765,2026-03-25 18:28:31,verduras ,EFECTIVO,$-14.000,pago punto,-
3434,2764,2026-03-25 18:26:08,pan sand,EFECTIVO,$-15.000,pago punto,-
3433,2763,2026-03-24 22:35:57,pan de sand,EFECTIVO,$-7.500,pago punto,-
3432,2762,2026-03-24 22:18:58,mesa 5,EFECTIVO,$39.000,pago punto,-
3431,2761,2026-03-24 22:13:23,6573,NEQUI,$21.500,puertas sol 2,-
3430,2760,2026-03-24 22:12:55,6573,NEQUI,$24.000,Frontino,-
3429,2759,2026-03-24 22:11:40,2631,NEQUI,$11.000,Aracari,-
3428,2758,2026-03-24 22:07:54,7700,NEQUI,$28.500,Amazilia,-
3427,2757,2026-03-24 22:06:55,5232,NEQUI,$12.000,torre de san juan 15b,-
3426,2756,2026-03-24 22:06:17,8901,EFECTIVO,$28.000,pago punto,-
3425,2755,2026-03-24 22:04:58,6151,NEQUI,$39.000,Andaríos,-
3424,2754,2026-03-24 22:04:16,mesa 1 ajis,NEQUI,$32.000,pago punto,-
3423,2753,2026-03-24 22:03:20,4992,EFECTIVO,$43.000,felicia,-
3422,2752,2026-03-24 22:01:26,3595,NEQUI,$59.000,altamorada,-
3421,2751,2026-03-24 22:00:59,5455,NEQUI,$24.000,Amazilia,-
3420,2750,2026-03-24 22:00:20,1927,EFECTIVO,$19.000,altamorada,-
3419,2749,2026-03-24 21:59:33,5850,EFECTIVO,$24.000,pasan,-
3418,2748,2026-03-24 21:59:03,00 social,EFECTIVO,$75.500,pueblo,-
3417,2747,2026-03-24 21:36:55,punto,EFECTIVO,$20.500,pago punto,-
3416,2746,2026-03-24 21:26:34,mesa 2 ,EFECTIVO,$35.000,pago punto,-
3415,2745,2026-03-24 21:06:17,mesa 1 chori,NEQUI,$9.000,pago punto,-
3414,2744,2026-03-24 21:05:40,mesa 1 chori,EFECTIVO,$18.000,pago punto,-
3413,2743,2026-03-24 20:29:47,mesa 2,EFECTIVO,$31.000,pago punto,-
3412,2742,2026-03-24 19:36:54,mesa  4  darma,NEQUI,$35.000,pago punto,-
3411,2741,2026-03-24 19:33:37,2x esp,EFECTIVO,$22.000,pago punto,-
3410,2740,2026-03-24 19:05:20,mesa 5 fresa,NEQUI,$15.500,pago punto,-
3409,2739,2026-03-24 18:35:30,pan de sand,EFECTIVO,$-10.000,pago punto,-
3408,2738,2026-03-22 22:55:56,5715,NEQUI,$24.000,-,-
3407,2737,2026-03-22 22:55:04,sector tolima ,NEQUI,$34.000,-,-
3406,2736,2026-03-22 22:51:10,callejon,NEQUI,$19.500,-,-
3405,2735,2026-03-22 22:45:34,9403,NEQUI,$35.000,-,-
3404,2734,2026-03-22 22:43:03,señoritas,NEQUI,$40.000,-,-
3403,2733,2026-03-22 22:40:01,3386,NEQUI,$32.000,-,-
3402,2732,2026-03-22 22:39:36,6429,EFECTIVO,$60.000,-,-
3401,2731,2026-03-22 22:39:05,8031,NEQUI,$24.000,-,-
3400,2730,2026-03-22 22:35:26,3774,NEQUI,$29.000,-,-
3399,2729,2026-03-22 22:34:59,9241,NEQUI,$35.000,-,-
3398,2728,2026-03-22 22:34:25,3790,EFECTIVO,$15.000,-,-
3397,2727,2026-03-22 22:33:59,0861,NEQUI,$49.000,-,-
3396,2726,2026-03-22 22:33:18,0974,DAVIPLATA,$23.500,-,-
3395,2725,2026-03-22 22:32:47,9529,NEQUI,$46.000,-,-
3394,2724,2026-03-22 22:32:21,johan ,EFECTIVO,$7.000,-,-
3393,2723,2026-03-22 22:31:48,johan,NEQUI|5.0+NEQUI|4555.0,$12.000,-,-
3392,2722,2026-03-22 22:30:27,4044,NEQUI,$40.000,-,-
3391,2721,2026-03-22 22:29:11,1827,NEQUI,$14.500,-,-
3390,2720,2026-03-22 22:28:44,6961,EFECTIVO,$33.000,-,-
3389,2719,2026-03-22 22:02:40,perro,EFECTIVO,$6.500,-,-
3388,2718,2026-03-22 21:40:08,mixtas punto,EFECTIVO,$64.000,-,-
3387,2717,2026-03-22 21:22:32,hamburguesas,NEQUI,$36.500,-,-
3386,2716,2026-03-22 20:37:54,sandwich ajo,NEQUI,$31.000,-,-
3385,2715,2026-03-22 20:25:07,twister,NEQUI,$24.000,-,-
3384,2714,2026-03-22 20:19:54,punto,NEQUI,$14.500,pago punto,-
3383,2713,2026-03-22 20:01:54,gafas,EFECTIVO,$28.000,-,-
3382,2712,2026-03-22 19:53:16,cliente ,NEQUI,$49.000,-,-
3381,2711,2026-03-22 19:16:38,punto,NEQUI,$58.000,pago punto,-
3380,2710,2026-03-22 19:06:03,punto,NEQUI,$3.500,pago punto,-
3379,2709,2026-03-22 18:56:35,punto,NEQUI,$47.500,pago punto,-
3378,2708,2026-03-22 00:39:17,pan sand,EFECTIVO,$-20.000,pago punto,-
3377,2707,2026-03-22 00:23:33,8354,EFECTIVO,$19.500,-,-
3376,2706,2026-03-22 00:22:30,4916,EFECTIVO,$33.000,-,-
3375,2705,2026-03-22 00:22:05,4576,NEQUI,$38.000,-,-
3374,2704,2026-03-22 00:21:37,8596,NEQUI,$51.000,-,-
3373,2703,2026-03-22 00:21:13,2891,NEQUI,$27.500,-,-
3372,2702,2026-03-22 00:20:50,4771,NEQUI,$36.000,-,-
3371,2701,2026-03-22 00:20:23,8666,NEQUI,$24.000,-,-
3370,2700,2026-03-22 00:19:53,5149,NEQUI,$25.000,-,-
3369,2699,2026-03-22 00:19:22,4095,EFECTIVO,$12.000,-,-
3368,2698,2026-03-22 00:18:49,1154,NEQUI,$32.500,-,-
3367,2697,2026-03-22 00:18:15,1955,NEQUI,$13.500,-,-
3366,2696,2026-03-22 00:17:28,4161,NEQUI,$67.000,-,-
3365,2695,2026-03-22 00:17:06,5135,EFECTIVO,$12.000,-,-
3364,2694,2026-03-22 00:16:45,7247,EFECTIVO,$12.000,-,-
3363,2693,2026-03-22 00:15:15,9326,NEQUI,$33.000,-,-
3362,2692,2026-03-22 00:14:45,7193,DAVIPLATA,$56.000,-,-
3361,2691,2026-03-22 00:14:04,8313,EFECTIVO,$25.000,-,-
3360,2690,2026-03-22 00:13:15,7728,NEQUI|40000.0+EFECTIVO|20000.0,$60.000,-,-
3359,2689,2026-03-22 00:12:23,5926,NEQUI,$153.500,-,-
3358,2688,2026-03-22 00:11:26,6430,EFECTIVO,$15.500,-,-
3357,2687,2026-03-22 00:10:58,1198,EFECTIVO,$30.000,-,-
3356,2686,2026-03-22 00:10:12,2134,NEQUI,$31.000,-,-
3355,2685,2026-03-22 00:09:51,3013,NEQUI,$35.500,-,-
3354,2684,2026-03-22 00:09:12,5831,NEQUI,$11.000,-,-
3353,2683,2026-03-22 00:08:48,5014,NEQUI,$30.500,-,-
3352,2682,2026-03-22 00:08:16,2329,NEQUI,$18.000,-,-
3351,2681,2026-03-22 00:07:52,7456,NEQUI,$56.000,-,-
3350,2680,2026-03-22 00:06:23,9975,NEQUI,$38.000,pasan,-
3349,2679,2026-03-22 00:05:54,4231,NEQUI,$56.000,Sie 4,-
3348,2678,2026-03-22 00:05:23,9080,EFECTIVO,$26.000,-,-
3347,2677,2026-03-22 00:04:10,0422,NEQUI,$36.500,-,-
3346,2676,2026-03-22 00:02:57,2909,NEQUI,$18.500,-,-
3345,2675,2026-03-22 00:02:32,4784,EFECTIVO,$18.500,bosques alizos,-
3344,2674,2026-03-21 23:59:04,0880,EFECTIVO,$46.000,Aracari,-
3343,2673,2026-03-21 23:58:03,1595,EFECTIVO,$11.000,Sie 1,-
3342,2672,2026-03-21 23:36:53,mesa 9,NEQUI,$35.000,pago punto,-
3341,2671,2026-03-21 23:35:52,mesa 5 ,EFECTIVO,$39.500,pago punto,-
3340,2670,2026-03-21 23:14:32,mesa 3 tri combo,EFECTIVO,$55.500,pago punto,-
3339,2669,2026-03-21 22:54:14,deyver,NEQUI,$9.000,pago punto,-
3338,2668,2026-03-21 22:53:23,deyver,NEQUI,$3.500,pago punto,-
3337,2667,2026-03-21 22:51:12,veronica 2 bebidas,EFECTIVO,$16.000,pago punto,-
3336,2666,2026-03-21 22:42:38,mesa 1 ,EFECTIVO,$63.000,pago punto,-
3335,2665,2026-03-21 22:36:28,taxi 3,NEQUI,$19.500,pago punto,-
3334,2664,2026-03-21 22:36:00,taxi 2,EFECTIVO,$19.500,pago punto,-
3333,2663,2026-03-21 22:34:59,taxi 1,EFECTIVO,$19.500,pago punto,-
3332,2662,2026-03-21 22:22:43,mesa 7 ,EFECTIVO,$46.500,pago punto,-
3331,2661,2026-03-21 22:11:54,mesa 3 jessy,EFECTIVO,$18.000,pago punto,-
3330,2660,2026-03-21 21:52:18,punto,EFECTIVO,$27.500,pago punto,-
3329,2659,2026-03-21 21:41:40,punto,NEQUI,$24.000,pago punto,-
3328,2658,2026-03-21 21:36:49,sandra ,EFECTIVO,$51.500,pago punto,-
3327,2657,2026-03-21 21:19:37,mesa 9,EFECTIVO,$34.000,pago punto,-
3326,2656,2026-03-21 21:18:18,No especificado,EFECTIVO,$12.000,-,-
3325,2655,2026-03-21 21:17:07,mesa 7,NEQUI,$36.000,pago punto,-
3324,2654,2026-03-21 21:15:09,sand llevar,NEQUI,$32.000,pago punto,-
3323,2653,2026-03-21 21:14:09,3 esp combo,EFECTIVO,$57.000,pago punto,-
3322,2652,2026-03-21 20:56:47,punto,NEQUI,$16.000,pago punto,-
3321,2651,2026-03-21 20:38:05,mesa 3 two esp,EFECTIVO,$22.000,pago punto,-
3320,2650,2026-03-21 20:37:23,mesa 1 ,NEQUI,$31.000,pago punto,-
3319,2649,2026-03-21 20:35:58,mesa 4,NEQUI,$30.500,pago punto,-
3318,2648,2026-03-21 20:31:38,mesa 5 mini especial,EFECTIVO,$62.000,pago punto,-
3317,2647,2026-03-21 20:23:40,mesa 6,EFECTIVO,$35.000,pago punto,-
3316,2646,2026-03-21 20:20:34,mesa 2 four marzo,NEQUI,$71.000,pago punto,-
3315,2645,2026-03-21 20:00:19,sand parqa llevar,EFECTIVO,$12.000,pago punto,-
3314,2644,2026-03-21 19:59:18,mesa 7  dobles combo,EFECTIVO,$70.500,pago punto,-
3313,2643,2026-03-21 19:52:05,mesa 3 gran banquete,EFECTIVO,$199.000,pago punto,-
3312,2642,2026-03-21 19:47:03,mesa 1 ,EFECTIVO,$25.000,pago punto,-
3311,2641,2026-03-20 23:52:06,MESA 2,EFECTIVO,$28.000,pago punto,-
3310,2640,2026-03-20 23:41:16,mesa 8,EFECTIVO,$27.500,pago punto,-
3309,2639,2026-03-20 23:35:17,pedrinho,NEQUI,$209.000,industrila ebel,-
3308,2638,2026-03-20 23:29:50,0933,NEQUI,$13.000,parking,-
3307,2637,2026-03-20 23:28:44,mesa 4,EFECTIVO,$25.500,pago punto,-
3306,2636,2026-03-20 23:27:38,6130,NEQUI,$65.000,venti,-
3305,2635,2026-03-20 23:26:46,9080,NEQUI,$15.500,altamorada,-
3304,2634,2026-03-20 23:25:12,4512,EFECTIVO,$39.000,Batará,-
3303,2633,2026-03-20 23:24:00,2037,NEQUI,$19.000,Amazilia,-
3302,2632,2026-03-20 23:23:03,0000 lorena,NEQUI,$16.000,Andaríos,-
3301,2631,2026-03-20 23:18:43,sopa jessy,EFECTIVO,$-7.000,pago punto,-
3300,2630,2026-03-20 23:18:19,9460,NEQUI,$39.000,lucta,-
3299,2629,2026-03-20 23:13:53,00 brayan,NEQUI,$19.500,ubiicacion,-
3298,2628,2026-03-20 23:13:05,4114,NEQUI,$20.500,Aracari,-
3297,2627,2026-03-20 23:12:42,1769,NEQUI,$32.000,Milano,-
3296,2626,2026-03-20 23:11:45,3979,NEQUI,$20.500,Ibis,-
3295,2625,2026-03-20 23:05:11,mesa 1 para levar esp,EFECTIVO,$43.500,pago punto,-
3294,2624,2026-03-20 23:01:42,00 milton gacha,NEQUI,$43.500,pasan,-
3293,2623,2026-03-20 23:00:54,panaderia pollo,EFECTIVO,$48.000,pago punto,-
3292,2622,2026-03-20 23:00:08,7627,EFECTIVO,$36.500,Amazilia,-
3291,2621,2026-03-20 22:58:17,5018,NEQUI,$48.000,Amazilia,-
3290,2620,2026-03-20 22:57:49,4299,EFECTIVO,$51.000,Batará,-
3289,2619,2026-03-20 22:56:12,6707,NEQUI,$18.500,bosques arrayan,-
3288,2618,2026-03-20 22:38:57,4356,NEQUI,$11.000,pasan,-
3287,2617,2026-03-20 22:38:20,"marzoca 1,5",NEQUI,$24.000,pago punto,-
3286,2616,2026-03-20 22:07:00,mesa 7,EFECTIVO,$18.500,pago punto,-
3285,2615,2026-03-20 22:06:01,mesa 9 ,EFECTIVO,$35.000,pago punto,-
3284,2614,2026-03-20 21:52:50,mesa 2 ,EFECTIVO,$39.000,pago punto,-
3283,2613,2026-03-20 21:45:45,mesa 1  gran familia,NEQUI,$92.000,pago punto,-
3282,2612,2026-03-20 21:05:58,punto,NEQUI,$60.500,pago punto,-
3281,2611,2026-03-20 20:55:55,punto,NEQUI,$12.000,pago punto,-
3280,2610,2026-03-20 20:47:15,mesa 4 niño thanos,NEQUI,$47.000,pago punto,-
3279,2609,2026-03-20 20:35:12,mesa 9 como grande,NEQUI,$88.500,pago punto,-
3278,2608,2026-03-20 20:28:45,mesa 7,NEQUI,$48.500,pago punto,-
3277,2607,2026-03-20 20:18:27,mesa 6 buzo gris,EFECTIVO,$58.000,pago punto,-
3276,2606,2026-03-20 20:11:38,mesa 1 marzo twis,NEQUI,$4.000,pago punto,-
3275,2605,2026-03-20 20:08:32,mesa 2 mu romance,NEQUI,$39.000,pago punto,-
3274,2604,2026-03-20 20:06:11,mesa 5 mazor,EFECTIVO,$42.500,pago punto,-
3273,2603,2026-03-20 19:58:25,mesa 1 para llevar,NEQUI,$28.000,pago punto,-
3272,2602,2026-03-20 19:57:43,mesa 8 llevar,NEQUI,$31.000,pago punto,-
3271,2601,2026-03-20 19:56:30,mesa 3,EFECTIVO,$31.500,pago punto,-
3270,2600,2026-03-20 19:49:05,leo sal,EFECTIVO,$-3.000,pago punto,-
3269,2599,2026-03-20 19:48:44,deyver pan sand,EFECTIVO,$-4.000,pago punto,-
3268,2598,2026-03-20 19:39:43,mesa 6,NEQUI,$36.000,pago punto,-
3267,2597,2026-03-20 19:38:22,mesa 4,NEQUI,$39.500,pago punto,-
3266,2596,2026-03-20 19:35:39,mesa 9 para llevar,DAVIPLATA,$33.000,pago punto,-
3265,2595,2026-03-20 19:17:04,emeson sand,EFECTIVO,$15.500,pago punto,-
3264,2594,2026-03-20 19:14:29,desmechad llevar,EFECTIVO,$14.000,pago punto,-
3263,2593,2026-03-20 19:11:20,espacial con papas llevar,EFECTIVO,$15.500,pago punto,-
3262,2592,2026-03-20 19:06:49,mesa 2 panzes,NEQUI,$25.500,pago punto,-
3261,2591,2026-03-19 23:48:04,social,EFECTIVO,$27.500,pago punto,-
3260,2590,2026-03-19 23:03:54,5642,NEQUI,$15.500,Milano,-
3259,2589,2026-03-19 23:02:18,4711 llamada,EFECTIVO,$34.000,Batará,-
3258,2588,2026-03-19 23:00:10,9873,EFECTIVO,$25.000,pasan,-
3257,2587,2026-03-19 22:58:42,0747,NEQUI|10000.0+EFECTIVO|2000.0,$12.000,Sie 1,-
3256,2586,2026-03-19 22:57:56,8341,NEQUI,$15.500,reja milano,-
3255,2585,2026-03-19 22:57:14,3790,EFECTIVO,$24.000,pasan,-
3254,2584,2026-03-19 22:56:40,6048,EFECTIVO,$19.500,Jilguero,-
3253,2583,2026-03-19 22:54:00,5604,NEQUI,$27.500,Frontino,-
3252,2582,2026-03-19 22:52:07,mesa 5,NEQUI,$31.000,pago punto,-
3251,2581,2026-03-19 22:51:03,9426,NEQUI,$24.000,pasan,-
3250,2580,2026-03-19 22:49:56,8407,NEQUI,$34.000,Terranova,-
3249,2579,2026-03-19 22:48:31,mesa 3 esp sand,NEQUI,$41.000,pago punto,-
3248,2578,2026-03-19 22:44:38,2010,NEQUI,$29.000,Alondra,-
3247,2577,2026-03-19 22:43:39,7321,NEQUI,$27.500,altamorada,-
3246,2576,2026-03-19 22:42:11,9992,NEQUI,$24.000,Ibis,-
3245,2575,2026-03-19 22:37:30,mesa 1 sand para llevar,NEQUI,$12.000,pago punto,-
3244,2574,2026-03-19 22:08:32,mazorcada pro,EFECTIVO,$32.000,pago punto,-
3243,2573,2026-03-19 21:53:10,mesa 5,NEQUI,$31.500,pago punto,-
3242,2572,2026-03-19 21:33:03,MESA 2 TWSIYER,EFECTIVO,$49.000,pago punto,-
3241,2571,2026-03-19 21:16:58,MESA 9 TWS,NEQUI,$51.500,pago punto,-
3240,2570,2026-03-19 21:09:22,MESA 3 BB ,NEQUI,$32.000,pago punto,-
3239,2569,2026-03-19 21:03:17,MESA 5 ,EFECTIVO,$42.000,pago punto,-
3238,2568,2026-03-19 21:01:42,DOMI MIX,EFECTIVO,$4.500,PASAN,-
3237,2567,2026-03-19 21:01:08,DOMI 5 MX,NEQUI,$94.000,PASAN,-
3236,2566,2026-03-19 20:40:21,MESA 1,EFECTIVO,$14.500,pago punto,-
3235,2565,2026-03-19 20:36:02,mesa 6 ,EFECTIVO,$27.000,pago punto,-
3234,2564,2026-03-19 20:32:42,mesa 2 mazorcada,NEQUI,$67.000,pago punto,-
3233,2563,2026-03-19 20:20:41,MESA 3 SADND NEW,EFECTIVO,$33.000,pago punto,-
3232,2562,2026-03-19 20:13:00,MESA 1 DOBLES COMBO COOL,EFECTIVO,$81.000,pago punto,-
3231,2561,2026-03-19 20:10:18,TWISTER ,EFECTIVO,$12.000,pago punto,-
3230,2560,2026-03-19 19:34:11,MESA 2 PARA LLEVAR DOBLE,NEQUI,$41.000,pago punto,-
3229,2559,2026-03-19 19:15:00,MESA 1,DAVIPLATA,$30.000,pago punto,-
3228,2558,2026-03-19 19:06:34,MESA 5 FAMILIA,NEQUI,$38.500,pago punto,-
3227,2557,2026-03-19 19:02:30,MESA 5 COSITILLAS,NEQUI,$15.000,pago punto,-
3226,2556,2026-03-18 23:22:53,JEFE ADMIN,NEQUI,$15.000,pago punto,-
3225,2555,2026-03-18 23:08:58,ENCENDEDOR,EFECTIVO,$-2.000,pago punto,-
3224,2554,2026-03-18 23:08:35,PANES SAND,EFECTIVO,$-20.000,pago punto,-
3223,2553,2026-03-18 23:01:41,4803,NEQUI,$32.500,Ibis,-
3222,2552,2026-03-18 23:00:35,0516,NEQUI,$12.000,al frente iglesia,-
3221,2551,2026-03-18 23:00:10,9720,NEQUI,$56.000,VENTI,-
3220,2550,2026-03-18 22:59:37,3934,NEQUI,$28.500,CANCHA BOMBEROS,-
3219,2549,2026-03-18 22:57:25,6189,DAVIPLATA,$20.500,Batará,-
3218,2548,2026-03-18 22:56:06,2938,DAVIPLATA,$23.000,PASAN,-
3217,2547,2026-03-18 22:55:36,7057,DAVIPLATA,$33.000,Aracari,-
3216,2546,2026-03-18 22:54:40,1415,NEQUI,$24.000,CALLEJON PAN Y VINO,-
3215,2545,2026-03-18 22:51:45,PANADERIA PECHUGA,EFECTIVO,$48.000,pago punto,-
3214,2544,2026-03-18 22:48:40,MESA 3 TWISTER,NEQUI,$12.000,pago punto,-
3213,2543,2026-03-18 22:47:09,4523,EFECTIVO,$37.500,bosques arrayan,-
3212,2542,2026-03-18 22:46:20,0838,EFECTIVO,$48.500,Sie 1,-
3211,2541,2026-03-18 22:45:41,5611,EFECTIVO,$16.500,Aracari,-
3210,2540,2026-03-18 22:40:15,MESA 4,EFECTIVO,$16.000,pago punto,-
3209,2539,2026-03-18 22:25:15,MESA 1 ,EFECTIVO,$70.000,pago punto,-
3208,2538,2026-03-18 21:46:45,mesa 4,NEQUI,$42.500,pago punto,-
3207,2537,2026-03-18 21:45:52,darma domiciliario,NEQUI,$31.000,pago punto,-
3206,2536,2026-03-18 21:14:37,chica ibiz mazor,EFECTIVO,$16.000,pago punto,-
3205,2535,2026-03-18 21:14:07,domi marzorcada,EFECTIVO,$25.000,pago punto,-
3204,2534,2026-03-18 21:04:34,mesa 5 ,NEQUI,$35.000,pago punto,-
3203,2533,2026-03-18 20:59:25,mesa 3,NEQUI,$31.500,pago punto,-
3202,2532,2026-03-18 20:54:54,mesa 1  ,NEQUI,$19.000,pago punto,-
3201,2531,2026-03-18 20:48:28,mesa 2 desmechada,NEQUI,$17.500,pago punto,-
3200,2530,2026-03-18 19:48:48,mesa 5 chubaca,NEQUI,$37.000,pago punto,-
3199,2529,2026-03-18 19:23:20,sie 1 moto,NEQUI,$3.500,pago punto,-
3198,2528,2026-03-17 23:36:24,darma,EFECTIVO,$3.500,pago punto,-
3197,2527,2026-03-17 23:20:17,0000 deyver,NEQUI,$15.500,industrial,-
3196,2526,2026-03-17 23:17:23,mesa 2 ,EFECTIVO,$35.500,pago punto,-
3195,2525,2026-03-17 23:01:09,4352,NEQUI,$16.500,altamorada,-
3194,2524,2026-03-17 22:47:17,sand new ,NEQUI,$31.000,pago punto,-
3193,2523,2026-03-17 22:42:37,taxista,EFECTIVO,$19.500,pago punto,-
3192,2522,2026-03-17 22:41:51,amigo wilmer,NEQUI,$31.500,pago punto,-
3191,2521,2026-03-17 22:40:11,doble taxi,EFECTIVO,$19.500,pago punto,-
3190,2520,2026-03-17 22:38:59,mazrocada para llevar,EFECTIVO,$16.000,pago punto,-
3189,2519,2026-03-17 22:30:01,9076,NEQUI,$14.000,portofino,-
3188,2518,2026-03-17 22:29:24,6779,EFECTIVO,$20.000,bosques arrayan,-
3187,2517,2026-03-17 21:53:51,0000 DANNA,NEQUI,$19.500,CASA DANNA,-
3186,2516,2026-03-17 21:53:14,5280,NEQUI,$12.000,Sie 2,-
3185,2515,2026-03-17 21:52:53,1800,NEQUI,$24.000,Jilguero,-
3184,2514,2026-03-17 21:52:24,0381,NEQUI,$35.000,PUERTAS SOL 1,-
3183,2513,2026-03-17 21:51:35,7729,NEQUI,$36.000,Jilguero,-
3182,2512,2026-03-17 21:50:45,4784,EFECTIVO|7000.0+NEQUI|21000.0,$28.000,bosque arranya,-
3181,2511,2026-03-17 21:45:38,4512,EFECTIVO,$39.000,Batará,-
3180,2510,2026-03-17 21:44:49,9529,NEQUI,$24.000,Amazilia,-
3179,2509,2026-03-17 21:44:26,7321,NEQUI,$24.000,altamorada,-
3178,2508,2026-03-17 21:44:08,4046,NEQUI,$12.000,Batará,-
3177,2507,2026-03-17 21:43:20,0063,EFECTIVO,$51.000,TOCARINA,-
3176,2506,2026-03-17 21:42:56,0928,DAVIPLATA,$44.000,Milano,-
3175,2505,2026-03-17 21:39:00,MESA 5 TWISTER,NEQUI,$34.000,pago punto,-
3174,2504,2026-03-17 20:57:42,punto,NEQUI,$32.000,pago punto,-
3173,2503,2026-03-17 20:47:33,mesa 1 ,NEQUI,$32.000,pago punto,-
3172,2502,2026-03-17 20:17:50,BOSS panaderia,EFECTIVO,$12.000,pago punto,-
3171,2501,2026-03-17 20:13:21,MESA 3/4,EFECTIVO,$120.000,pago punto,-
3170,2500,2026-03-17 20:10:35,SAND USA,NEQUI,$12.000,pago punto,-
3169,2499,2026-03-17 20:07:09,MESA 2 SADN,NEQUI,$31.000,pago punto,-
3168,2498,2026-03-17 19:21:12,MESA 2 ,NEQUI,$27.500,pago punto,-
3167,2497,2026-03-17 18:19:41,6X PAN SAND,EFECTIVO,$-15.000,pago punto,-
3166,2496,2026-03-16 22:28:12,DOBLE,EFECTIVO,$19.500,-,-
3165,2495,2026-03-16 22:24:43,PORTOFINO,NEQUI,$16.000,-,-
3164,2494,2026-03-16 22:24:20,9603,NEQUI,$30.000,-,-
3163,2493,2026-03-16 22:23:48,ROBINSON,NEQUI,$19.000,-,-
3162,2492,2026-03-16 22:23:25,7700,NEQUI,$33.000,-,-
3161,2491,2026-03-16 22:23:06,WILMER,EFECTIVO,$14.000,-,-
3160,2490,2026-03-16 22:22:43,3167,NEQUI,$12.000,-,-
3159,2489,2026-03-16 22:22:24,6429,EFECTIVO,$22.000,-,-
3158,2488,2026-03-16 22:21:58,CASA,EFECTIVO,$12.000,-,-
3157,2487,2026-03-16 22:21:30,5715,NEQUI,$36.000,-,-
3156,2486,2026-03-16 22:21:05,SIE1,EFECTIVO|20000.0+NEQUI|2000.0,$22.000,-,-
3155,2485,2026-03-16 22:19:57,PIZZERIA,EFECTIVO,$12.000,-,-
3154,2484,2026-03-16 22:19:32,7088,DAVIPLATA,$35.000,-,-
3153,2483,2026-03-16 22:18:51,CLIENTE MAZORCADA,EFECTIVO,$35.500,-,-
3152,2482,2026-03-16 22:18:23,6777,NEQUI,$38.000,-,-
3151,2481,2026-03-16 22:17:50,0271,NEQUI,$48.500,-,-
3150,2480,2026-03-16 22:17:20,5627,NEQUI,$24.000,-,-
3149,2479,2026-03-16 22:17:03,2658,NEQUI,$30.000,-,-
3148,2478,2026-03-16 22:16:36,CHICA,NEQUI,$12.000,-,-
3147,2477,2026-03-16 22:16:12,4918,NEQUI,$39.000,-,-
3146,2476,2026-03-16 21:23:59,PUNTO,NEQUI,$31.000,pago punto,-
3145,2475,2026-03-16 20:12:15,PUNTO,NEQUI,$29.500,pago punto,-
3144,2474,2026-03-16 19:50:51,JHONATAN,EFECTIVO,$11.000,pago punto,-
3143,2473,2026-03-16 19:50:25,PUNTO,EFECTIVO,$46.000,pago punto,-
3142,2472,2026-03-15 22:57:28,CHICOS TAXIS,NEQUI,$37.000,-,-
3141,2471,2026-03-15 22:34:06,veci frio,EFECTIVO,$48.000,pago punto,-
3140,2470,2026-03-15 22:26:29,8607,NEQUI,$12.000,-,-
3139,2469,2026-03-15 22:25:08,1454,EFECTIVO,$76.000,-,-
3138,2468,2026-03-15 22:24:26,1154,NEQUI,$22.500,-,-
3137,2467,2026-03-15 22:23:45,sandoval,NEQUI,$40.000,-,-
3136,2466,2026-03-15 22:23:06,wilmer,EFECTIVO,$22.500,-,-
3135,2465,2026-03-15 22:22:30,bavaria,EFECTIVO,$25.500,-,-
3134,2464,2026-03-15 22:20:31,ibiza,EFECTIVO,$15.000,-,-
3133,2463,2026-03-15 22:16:21,1198,NEQUI,$46.000,Andaríos,-
3132,2462,2026-03-15 22:15:53,0000 emerson,EFECTIVO,$12.000,Batará,-
3131,2461,2026-03-15 22:14:45,00933,EFECTIVO,$24.000,parkink torres,-
3130,2460,2026-03-15 22:14:12,4683,EFECTIVO,$15.500,Terranova,-
3129,2459,2026-03-15 22:13:35,8607,NEQUI,$12.000,Amazilia,-
3128,2458,2026-03-15 22:13:17,7821,EFECTIVO,$89.000,felicia,-
3127,2457,2026-03-15 22:10:51,1800,EFECTIVO,$28.000,Jilguero,-
3126,2456,2026-03-15 22:10:15,8176,NEQUI,$36.000,DROGUERIA,-
3125,2455,2026-03-15 22:09:40,2745,EFECTIVO,$51.000,ARBOLEDA,-
3124,2454,2026-03-15 22:08:49,4512,EFECTIVO,$19.500,Batará,-
3123,2453,2026-03-15 22:07:59,3663,NEQUI,$19.000,cancha tenjo,-
3122,2452,2026-03-15 22:07:21,Danna,NEQUI,$12.000,casa nequi,-
3121,2451,2026-03-15 21:47:38,PECHUGA CHAMÍÑON,EFECTIVO,$14.000,-,-
3120,2450,2026-03-15 21:47:09,PUNTO,EFECTIVO|16000.0+NEQUI|9500.0,$25.500,pago punto,-
3119,2449,2026-03-15 21:33:08,PUNTO,NEQUI,$33.000,pago punto,-
3118,2448,2026-03-15 20:58:15,PUNTO,EFECTIVO,$35.500,pago punto,-
3117,2447,2026-03-15 20:57:14,PUNTO,NEQUI,$62.000,pago punto,-
3116,2446,2026-03-15 20:51:48,MESA 3 AMIGO HERMANOS,NEQUI,$35.000,pago punto,-
3115,2445,2026-03-15 20:18:07,mesa 1 SALCHIPAPA,NEQUI,$67.000,pago punto,-
3114,2444,2026-03-15 20:10:35,sand chaqueta negra,NEQUI,$24.000,pago punto,-
3113,2443,2026-03-15 19:55:34,marzorcada llevar,EFECTIVO,$32.000,pago punto,-
3112,2442,2026-03-15 19:52:28,mesa 2 ,NEQUI,$38.000,pago punto,-
3111,2441,2026-03-15 19:48:15,mesa 3 panaderia,EFECTIVO,$74.000,pago punto,-
3110,2440,2026-03-15 19:44:16,amigo santi,EFECTIVO,$11.000,pago punto,-
3109,2439,2026-03-15 19:42:39,mesa 5 motociclista,NEQUI,$42.500,pago punto,-
3108,2438,2026-03-15 19:37:15,juliana,EFECTIVO,$15.500,pago punto,-
3107,2437,2026-03-15 18:48:10,sand para llevar vecinito,EFECTIVO,$24.000,pago punto,-
3106,2436,2026-03-14 23:58:36,quala,EFECTIVO,$67.000,-,-
3105,2435,2026-03-14 23:57:51,8065,EFECTIVO,$16.000,-,-
3104,2434,2026-03-14 23:57:25,8734,EFECTIVO,$20.000,-,-
3103,2433,2026-03-14 23:43:19,0664,NEQUI,$24.000,Torre de San Juan 9B,-
3102,2432,2026-03-14 23:41:40,8942 para llevar,DAVIPLATA,$29.000,sie 4,-
3101,2431,2026-03-14 23:39:35,2153,NEQUI,$19.500,pasan,-
3100,2430,2026-03-14 23:38:56,5420,EFECTIVO,$14.500,Alondra,-
3099,2429,2026-03-14 23:37:51,0000 sandra godoy,DAVIPLATA,$31.000,pasan,-
3098,2428,2026-03-14 23:35:24,3156,EFECTIVO,$44.000,frente milano,-
3097,2427,2026-03-14 23:34:10,3861,NEQUI,$22.500,portofino,-
3096,2426,2026-03-14 23:33:19,5642,NEQUI,$15.500,Milano,-
3095,2425,2026-03-14 23:32:59,5554,EFECTIVO,$49.000,callejon pan y vino,-
3094,2424,2026-03-14 23:32:17,1487,EFECTIVO,$14.000,tonel,-
3093,2423,2026-03-14 23:31:32,8625,NEQUI,$24.000,Ibis,-
3092,2422,2026-03-14 23:31:02,8176,NEQUI,$48.000,drogueria,-
3091,2421,2026-03-14 23:30:27,4426,EFECTIVO,$16.000,Tángara,-
3090,2420,2026-03-14 23:29:49,4220,EFECTIVO,$36.000,Ibis,-
3089,2419,2026-03-14 23:29:13,6294,EFECTIVO,$43.000,alejandria,-
3088,2418,2026-03-14 23:27:40,5627,EFECTIVO,$35.000,Sie 4,-
3087,2417,2026-03-14 23:26:54,7138,NEQUI,$70.000,Aracari,-
3086,2416,2026-03-14 23:26:22,8294,DAVIPLATA,$27.000,capri,-
3085,2415,2026-03-14 23:25:52,2000,NEQUI,$48.000,Amazilia,-
3084,2414,2026-03-14 23:25:32,0406,EFECTIVO,$65.000,pasan,-
3083,2413,2026-03-14 23:24:24,4352,EFECTIVO,$30.500,Sie 1,-
3082,2412,2026-03-14 23:23:47,9573,NEQUI,$37.500,pasan,-
3081,2411,2026-03-14 23:22:15,5266,NEQUI,$41.000,Amazilia,-
3080,2410,2026-03-14 23:21:27,3714,EFECTIVO,$36.500,bolirana,-
3079,2409,2026-03-14 23:20:13,2259 30n 6f m1 ,NEQUI|30000.0+EFECTIVO|6000.0,$36.000,pasan,-
3078,2408,2026-03-14 23:04:31,7096,EFECTIVO,$64.500,pasa,-
3077,2407,2026-03-14 22:46:39,les veci sie 3 ,NEQUI,$18.000,pago punto,-
3076,2406,2026-03-14 22:21:41,spite llevar,EFECTIVO,$19.000,pago punto,-
3075,2405,2026-03-14 22:20:21,mesa 10 faltaba 1000,EFECTIVO,$1.000,pago punto,-
3074,2404,2026-03-14 22:18:21,mesa 10 chagueta negra,NEQUI,$34.000,pago punto,-
3073,2403,2026-03-14 22:15:42,dey ver debe 2000,EFECTIVO,$2.000,pago punto,-
3072,2402,2026-03-14 22:14:46,deyver,EFECTIVO,$12.000,pago punto,-
3071,2401,2026-03-14 22:10:02,punto,NEQUI,$54.000,pago punto,-
3070,2400,2026-03-14 22:08:12,punto,NEQUI,$47.500,pago punto,-
3069,2399,2026-03-14 22:06:16,punto,EFECTIVO,$43.000,pago punto,-
3068,2398,2026-03-14 21:56:18,punto,NEQUI,$39.000,pago punto,-
3067,2397,2026-03-14 21:55:17,punto,EFECTIVO,$36.000,pago punto,-
3066,2396,2026-03-14 21:53:36,punto,NEQUI,$15.500,pago punto,-
3065,2395,2026-03-14 21:45:42,punto,NEQUI,$14.000,pago punto,-
3064,2394,2026-03-14 21:44:03,punto,NEQUI,$35.000,pago punto,-
3063,2393,2026-03-14 21:37:36,punto,NEQUI,$19.500,pago punto,-
3062,2392,2026-03-14 21:31:46,punto,NEQUI,$29.500,pago punto,-
3061,2391,2026-03-14 21:25:44,mesa 1 chica buzo blanco,NEQUI,$66.000,pago punto,-
3060,2390,2026-03-14 21:19:36,mesa 7 rockero,NEQUI,$65.000,pago punto,-
3059,2389,2026-03-14 21:15:28,mesa 4 ,NEQUI,$24.000,pago punto,-
3058,2388,2026-03-14 21:13:58,mesa 8,EFECTIVO,$34.000,pago punto,-
3057,2387,2026-03-14 21:03:13,mesa 3 ,DAVIPLATA,$22.000,pago punto,-
3056,2386,2026-03-14 20:49:59,mesa 2 papa e hija,NEQUI,$39.000,pago punto,-
3055,2385,2026-03-14 20:46:47,mesa 4 mazorcada papas,EFECTIVO,$67.500,pago punto,-
3054,2384,2026-03-14 20:40:17,ham para llevar,EFECTIVO,$15.500,pago punto,-
3053,2383,2026-03-14 20:38:27,mesa 8 buzo azul,EFECTIVO,$45.500,pago punto,-
3052,2382,2026-03-14 20:27:51,punto 3 panzes ,NEQUI,$17.000,pago punto,-
3051,2381,2026-03-14 20:17:28,mesa 3 rosado,EFECTIVO,$34.000,pago punto,-
3050,2380,2026-03-14 20:02:12,mesa 5 dobles ,EFECTIVO,$59.500,pago punto,-
3049,2379,2026-03-14 19:41:56,mesa 9 doble maz,EFECTIVO,$43.000,pago punto,-
3048,2378,2026-03-14 19:33:53,mesa 1 amazilia,DAVIPLATA,$24.000,pago punto,-
3047,2377,2026-03-14 19:13:08,mesa 2 panze,NEQUI,$19.000,pago punto,-
3046,2376,2026-03-13 23:38:53,8901,EFECTIVO,$38.000,alfrende babaria,-
3045,2375,2026-03-13 23:37:49,ESPECIAL PARA  llevar,EFECTIVO,$14.500,pago punto,-
3044,2374,2026-03-13 23:35:47,2358,NEQUI,$21.500,Sie 1,-
3043,2373,2026-03-13 23:34:48,9851,NEQUI,$51.000,acora,-
3042,2372,2026-03-13 23:33:04,mesa 2 dobles,NEQUI,$89.000,pago punto,-
3041,2371,2026-03-13 23:22:48,SAND PARA LLEVAR,NEQUI,$12.000,pago punto,-
3040,2370,2026-03-13 23:13:41,pan de sandwich deyver,EFECTIVO,$-10.000,pago punto,-
3039,2369,2026-03-13 23:05:27,2333,NEQUI,$28.000,Milano,-
3038,2368,2026-03-13 23:04:51,5642,NEQUI,$15.500,pasan,-
3037,2367,2026-03-13 23:04:22,8607,NEQUI,$12.000,Amazilia,-
3036,2366,2026-03-13 23:03:58,0000 wilmer,EFECTIVO,$12.000,pasa,-
3035,2365,2026-03-13 22:59:50,5280,EFECTIVO,$12.000,sie 2,-
3034,2364,2026-03-13 22:59:22,3481,NEQUI,$18.000,san carlos,-
3033,2363,2026-03-13 22:56:17,7193,DAVIPLATA,$63.000,Frontino,-
3032,2362,2026-03-13 22:55:31,8089,EFECTIVO,$18.000,puertas sol 2,-
3031,2361,2026-03-13 22:54:47,8500,NEQUI,$34.500,Sie 2,-
3030,2360,2026-03-13 22:52:30,9617,DAVIPLATA,$30.500,detras 360,-
3029,2359,2026-03-13 22:50:03,5605,EFECTIVO,$23.000,Sie 1,-
3028,2358,2026-03-13 22:49:21,3931,NEQUI,$38.000,altamorada,-
3027,2357,2026-03-13 22:47:20,9283,EFECTIVO,$51.000,milano,-
3026,2356,2026-03-13 22:44:07,5627,NEQUI,$36.000,Frontino,-
3025,2355,2026-03-13 22:43:48,5315,NEQUI,$12.000,Sie 2,-
3024,2354,2026-03-13 22:43:21,4729,NEQUI,$27.500,Sie 4,-
3023,2353,2026-03-13 22:42:59,0337,EFECTIVO,$20.500,Sie 1,-
3022,2352,2026-03-13 22:42:26,4121,NEQUI,$56.000,Amazilia,-
3021,2351,2026-03-13 22:41:56,1800,NEQUI,$24.000,Milano,-
3020,2350,2026-03-13 22:41:32,7780,NEQUI,$15.500,Sie 1,-
3019,2349,2026-03-13 22:40:45,1283,NEQUI,$55.500,2 piso panaderia,-
3018,2348,2026-03-13 22:40:02,sand combo para llevar,NEQUI,$40.000,pago punto,-
3017,2347,2026-03-13 22:38:40,2151,EFECTIVO|4000.0+DAVIPLATA|53000.0,$57.000,pasan,-
3016,2346,2026-03-13 22:32:55,7908,DAVIPLATA,$25.500,Aracari,-
3015,2345,2026-03-13 22:32:09,mesa 1 perrito tierno,NEQUI,$49.000,pago punto,-
3014,2344,2026-03-13 22:30:55,7321,NEQUI,$15.500,altamorada,-
3013,2343,2026-03-13 22:30:26,5280,EFECTIVO,$12.000,pasan,-
3012,2342,2026-03-13 22:30:02,6552,NEQUI,$26.000,acacias,-
3011,2341,2026-03-13 22:29:13,0581,EFECTIVO,$15.500,pasan,-
3010,2340,2026-03-13 22:26:52,3609,EFECTIVO,$11.000,Sie 4,-
3009,2339,2026-03-13 22:26:21,9992,EFECTIVO,$48.000,Ibis,-
3008,2338,2026-03-13 22:25:52,7716,EFECTIVO,$31.500,olivos,-
3007,2337,2026-03-13 22:11:57,5490,NEQUI,$15.000,alameda,-
3006,2336,2026-03-13 22:05:57,2 especial combo,NEQUI,$38.000,pago punto,-
3005,2335,2026-03-13 21:55:48,mesa 3 panzes,NEQUI,$16.000,pago punto,-
3004,2334,2026-03-13 21:52:30,mesa 2 familia div,NEQUI,$54.500,pago punto,-
3003,2333,2026-03-13 21:51:21,mesa 2 familia div,NEQUI,$56.500,pago punto,-
3002,2332,2026-03-13 21:38:14,mesa 5 amigas ,NEQUI,$35.500,pago punto,-
3001,2331,2026-03-13 21:37:18,marzo para llevar,DAVIPLATA,$18.000,pago punto,-
3000,2330,2026-03-13 21:36:23,mesa 8,EFECTIVO,$28.000,pago punto,-
2999,2329,2026-03-13 21:28:38,mesa 1 familia big,NEQUI,$95.000,pago punto,-
2998,2328,2026-03-13 21:04:10,mesa 6 cuerno negro,NEQUI,$43.000,pago punto,-
2997,2327,2026-03-13 21:02:15,mesa 4 ,EFECTIVO,$30.000,pago punto,-
2996,2326,2026-03-13 20:49:08,mesa 1 milano,NEQUI,$45.000,pago punto,-
2995,2325,2026-03-13 20:47:14,mesa 3 mader he hija,EFECTIVO,$58.500,pago punto,-
2994,2324,2026-03-13 20:42:38,mesa 2 chaqueta gris,EFECTIVO,$36.000,pago punto,-
2993,2323,2026-03-13 20:41:10,mesa 5 pantineta,EFECTIVO,$36.500,pago punto,-
2992,2322,2026-03-13 20:37:31,deyver sand,NEQUI,$12.000,pago punto,-
2991,2321,2026-03-13 20:19:16,mesa 4 amigo sando,EFECTIVO,$27.500,pago punto,-
2990,2320,2026-03-13 20:16:24,mesa 7 mazor,EFECTIVO,$40.000,pago punto,-
2989,2319,2026-03-13 20:15:15,mesa 1 sand combo,NEQUI,$55.000,pago punto,-
2988,2318,2026-03-13 20:13:40,dobles combos ,EFECTIVO,$48.000,pago punto,-
2987,2317,2026-03-13 19:54:07,punto combo ,EFECTIVO,$30.000,pago punto,-
2986,2316,2026-03-13 19:49:28,mesa 3 familia hija,EFECTIVO,$50.500,pago punto,-
2985,2315,2026-03-13 19:45:31,señor es y chor,NEQUI,$17.500,pago punto,-
2984,2314,2026-03-13 19:42:04,mesa 2 moto panze,NEQUI,$19.500,pago punto,-
2983,2313,2026-03-13 19:27:34,PUNTO,NEQUI,$19.500,pago punto,-
2982,2312,2026-03-13 19:23:28,PUNTO MESA CENTRO ,NEQUI,$80.500,pago punto,-
2981,2311,2026-03-13 19:20:20,PUNTO,EFECTIVO,$23.000,pago punto,-
2980,2310,2026-03-13 00:07:29,12 NEQUI,NEQUI,$12.000,pago punto,-
2979,2309,2026-03-12 23:55:37,SAND DOMICILIO GRANDE,NEQUI,$126.000,DOMICILIO,-
2978,2308,2026-03-12 23:45:24,VECI TRANNSPORTE,NEQUI,$14.500,pago punto,-
2977,2307,2026-03-12 23:38:17,MESA 4,NEQUI,$58.500,pago punto,-
2976,2306,2026-03-12 23:09:55,5524,NEQUI,$12.000,Amazilia,-
2975,2305,2026-03-12 23:09:39,5014,NEQUI,$27.000,Andaríos,-
2974,2304,2026-03-12 23:09:09,vogilante sie 4,EFECTIVO,$7.000,sie 4,-
2973,2303,2026-03-12 23:08:45,6961,EFECTIVO,$34.000,mirador campo,-
2972,2302,2026-03-12 23:07:20,wilmer,EFECTIVO,$11.000,pasan,-
2971,2301,2026-03-12 23:06:25,6777,NEQUI,$24.000,Sie 1,-
2970,2300,2026-03-12 23:06:01,0337,EFECTIVO|1500.0+NEQUI|25000.0,$26.500,sie 4,-
2969,2299,2026-03-12 23:05:11,1243,EFECTIVO|30000.0+NEQUI|10500.0,$40.500,puertas,-
2968,2298,2026-03-12 23:00:34,8597,EFECTIVO,$38.000,Olivos maderas,-
2967,2297,2026-03-12 22:59:22,6038,EFECTIVO,$39.000,Amazilia,-
2966,2296,2026-03-12 22:58:40,1255,EFECTIVO,$31.000,Amazilia,-
2965,2295,2026-03-12 22:55:16,0479,NEQUI,$20.000,bosques arrayan,-
2964,2294,2026-03-12 22:53:49,pechugasc panaderia,EFECTIVO,$48.000,pago punto,-
2963,2293,2026-03-12 22:51:58,chorriperro hit,EFECTIVO,$17.000,pago punto,-
2962,2292,2026-03-12 22:15:14,FE por whats Distribuidora Toyota,NEQUI,$24.000,pago punto,-
2961,2291,2026-03-12 22:13:20,2327,EFECTIVO,$19.500,pago punto,-
2960,2290,2026-03-12 21:58:52,pasan auto gris,EFECTIVO,$27.000,pasan,-
2959,2289,2026-03-12 21:40:51,h. especial 1 propina,EFECTIVO,$12.000,pago punto,-
2958,2288,2026-03-12 21:31:53,8294,DAVIPLATA,$21.000,capri,-
2957,2287,2026-03-12 21:31:14,toca,EFECTIVO,$11.000,Amazilia,-
2956,2286,2026-03-12 21:30:34,8104,EFECTIVO,$38.000,acacias,-
2955,2285,2026-03-12 21:24:50,twister para llevar,EFECTIVO,$15.500,pago punto,-
2954,2284,2026-03-12 21:24:11,vecino centrista,DAVIPLATA,$12.000,pago punto,-
2953,2283,2026-03-12 21:20:05,punto,NEQUI,$47.000,pago punto,-
2952,2282,2026-03-12 21:11:32,Santi ♦,NEQUI,$3.500,pago punto,-
2951,2281,2026-03-12 21:09:10,especial combo azul,EFECTIVO,$18.500,pago punto,-
2950,2280,2026-03-12 20:33:28,mesa 1,EFECTIVO,$29.500,-,-
2949,2279,2026-03-12 20:16:24,mesa 2 combo,NEQUI,$37.000,pago punto,-
2948,2278,2026-03-12 20:15:40,mesa 3 familia super,EFECTIVO|30000.0+EFECTIVO|12000.0,$42.000,pago punto,-
2947,2277,2026-03-12 20:10:02,especial para llevar,EFECTIVO,$11.000,pago punto,-
2946,2276,2026-03-12 19:41:04,punto,EFECTIVO,$14.000,pago punto,-
2945,2275,2026-03-12 19:38:58,punto,NEQUI,$4.000,pago punto,-
2944,2274,2026-03-12 19:38:18,mazorcadas,NEQUI,$52.000,-,-
2943,2273,2026-03-12 19:37:26,punto,NEQUI,$28.000,pago punto,-
2942,2272,2026-03-12 19:21:30,punto,NEQUI,$18.500,pago punto,-
2941,2271,2026-03-12 19:20:16,señor panze,EFECTIVO,$25.500,-,-
2940,2270,2026-03-11 23:43:20,admins,NEQUI,$58.500,pago punto,-
2939,2269,2026-03-11 23:31:26,0516,NEQUI,$11.000,al frente iglesia,-
2938,2268,2026-03-11 23:02:26,panes sand,EFECTIVO,$-10.000,pago punto,-
2937,2267,2026-03-11 23:01:38,"verduras 5,3,1",EFECTIVO,$-17.000,pago punto,-
2936,2266,2026-03-11 22:52:35,3441,EFECTIVO,$20.500,Aracari,-
2935,2265,2026-03-11 22:51:51,0000 emerson,EFECTIVO,$20.000,Batará,-
2934,2264,2026-03-11 22:50:55,1264,NEQUI,$116.000,Torre de San Juan 21B,-
2933,2263,2026-03-11 22:49:55,0000 ivan altamorada,NEQUI,$24.000,altamorada,-
2932,2262,2026-03-11 22:49:18,5627,EFECTIVO,$24.000,Frontino,-
2931,2261,2026-03-11 22:40:21,MESA 4 SIN TOMATE,EFECTIVO,$43.000,pago punto,-
2930,2260,2026-03-11 22:23:47,MESA 2 H ESPECIAL,EFECTIVO,$14.500,pago punto,-
2929,2259,2026-03-11 22:22:30,SANTI ♦,NEQUI,$12.000,pago punto,-
2928,2258,2026-03-11 22:12:54,MESA 1 SAND,EFECTIVO,$38.500,pago punto,-
2927,2257,2026-03-11 22:07:58,mesa 6,EFECTIVO,$31.000,pago punto,-
2926,2256,2026-03-11 22:05:56,mesa 2 familia,NEQUI,$58.500,pago punto,-
2925,2255,2026-03-11 22:00:04,choriperro especial,NEQUI,$9.000,pago punto,-
2924,2254,2026-03-11 21:59:21,espacial para lleavr,DAVIPLATA,$11.000,pago punto,-
2923,2253,2026-03-11 21:59:00,mesa 5 pareja twis,NEQUI,$52.000,pago punto,-
2922,2252,2026-03-11 20:04:47,mesa 3 moto,EFECTIVO,$34.500,pago punto,-
2921,2251,2026-03-11 19:50:56,4694,EFECTIVO,$23.000,pasan,-
2920,2250,2026-03-11 19:46:38,gran familiar,NEQUI,$88.000,pago punto,-
2919,2249,2026-03-11 19:44:19,mesa 3 mazroca,EFECTIVO,$32.000,pago punto,-
2918,2248,2026-03-11 19:40:17,sandoval,NEQUI,$3.500,pago punto,-
2917,2247,2026-03-11 19:36:43,mesa 1 pareja gotica,EFECTIVO,$35.000,pago punto,-
2916,2246,2026-03-11 19:21:11,mesa 2 familiar,EFECTIVO,$50.500,pago punto,-
2915,2245,2026-03-11 19:03:42,3601,NEQUI,$72.000,pasan,-
2914,2244,2026-03-11 18:58:50,5850,NEQUI,$24.000,Sie 1,-
2913,2243,2026-03-11 18:51:29,sand para llevar,EFECTIVO,$12.000,pago punto,-
2912,2242,2026-03-11 18:50:50,gaseosa,EFECTIVO,$17.500,pago punto,-
2911,2241,2026-03-11 18:37:44,gaseosa Moshe,EFECTIVO,$2.000,pago punto,-
2910,2240,2026-03-10 23:46:37,pan y gaeosas,EFECTIVO,$-65.000,-,-
2909,2239,2026-03-10 23:45:42,pueblo,NEQUI,$48.000,-,-
2908,2238,2026-03-10 23:44:55,pan y vino,NEQUI,$55.000,-,-
2907,2237,2026-03-10 23:44:27,7657,EFECTIVO,$40.000,-,-
2906,2236,2026-03-10 23:43:41,9477,NEQUI,$9.000,-,-
2905,2235,2026-03-10 23:43:21,5890,EFECTIVO,$38.000,-,-
2904,2234,2026-03-10 23:42:32,1595,NEQUI|27000.0+EFECTIVO|1000.0,$28.000,-,-
2903,2233,2026-03-10 23:41:29,batara,EFECTIVO,$11.000,-,-
2902,2232,2026-03-10 23:41:00,5667,NEQUI,$27.000,-,-
2901,2231,2026-03-10 23:39:41,1291,EFECTIVO,$28.000,-,-
2900,2230,2026-03-10 23:38:55,0044,NEQUI,$17.500,-,-
2899,2229,2026-03-10 23:38:24,felicia,NEQUI,$43.000,-,-
2898,2228,2026-03-10 23:37:53,pizzeria,NEQUI,$16.000,-,-
2897,2227,2026-03-10 23:37:01,1910,NEQUI,$47.000,-,-
2896,2226,2026-03-10 23:36:29,5490,NEQUI,$14.000,-,-
2895,2225,2026-03-10 23:13:17,punto,EFECTIVO,$90.000,pago punto,-
2894,2224,2026-03-10 22:51:11,amigo leo mesa 1,NEQUI,$18.500,pago punto,-
2893,2223,2026-03-10 22:41:54,punto,NEQUI,$32.000,pago punto,-
2892,2222,2026-03-10 22:33:09,mesa 2 amigos ,NEQUI,$32.000,pago punto,-
2891,2221,2026-03-10 22:32:22,mixtas ,DAVIPLATA,$34.000,pago punto,-
2890,2220,2026-03-10 22:01:53,punto,EFECTIVO,$27.500,pago punto,-
2889,2219,2026-03-10 21:55:53,punto ,DAVIPLATA,$32.000,pago punto,-
2888,2218,2026-03-10 21:45:24,punto,DAVIPLATA,$44.000,pago punto,-
2887,2217,2026-03-10 21:39:15,2817,NEQUI,$16.000,pizzeria casa,-
2886,2216,2026-03-10 20:50:20,0044,NEQUI,$17.500,pasan,-
2885,2215,2026-03-10 20:49:18,chica blogger,EFECTIVO,$30.000,pago punto,-
2884,2214,2026-03-10 20:40:45,cliente sadwich ,EFECTIVO,$27.500,-,-
2883,2213,2026-03-10 20:02:51,punto,NEQUI,$37.500,pago punto,-
2882,2212,2026-03-10 19:46:21,miguel batara,NEQUI,$51.000,pago punto,-
2881,2211,2026-03-10 19:37:22,1910,NEQUI,$47.000,Amazilia,-
2880,2210,2026-03-10 19:35:06,mesa 2 peliroja,EFECTIVO,$15.500,pago punto,-
2879,2209,2026-03-10 19:32:10,0000 wilmer,EFECTIVO,$12.000,pago punto,-
2878,2208,2026-03-10 19:27:14,punto,NEQUI,$30.000,pago punto,-
2877,2207,2026-03-10 19:14:41,mesa 5,EFECTIVO,$27.000,pago punto,-
2876,2206,2026-03-10 19:13:35,mesa  4,EFECTIVO,$24.000,pago punto,-
2875,2205,2026-03-10 19:12:29,mesa 1 ,EFECTIVO,$25.000,pago punto,-
2874,2204,2026-03-10 19:02:35,cela batara ,NEQUI,$51.000,pago punto,-
2873,2203,2026-03-10 18:33:40,5490,NEQUI,$14.000,alameda,-
2872,2202,2026-03-10 18:30:20,panzes,EFECTIVO,$10.500,pago punto,-
2871,2201,2026-03-09 00:02:13,antony,EFECTIVO,$30.000,pago punto,-
2870,2200,2026-03-08 23:59:37,chaquena negra ,EFECTIVO,$23.000,pago punto,-
2869,2199,2026-03-08 23:45:39,agua flaco,EFECTIVO,$3.500,pago punto,-
2868,2198,2026-03-08 23:44:47,catalella,EFECTIVO,$16.000,pago punto,-
2867,2197,2026-03-08 23:44:10,edwien pro,EFECTIVO,$45.500,pago punto,-
2866,2196,2026-03-08 23:38:45,edwin flaco,EFECTIVO,$32.500,pago punto,-
2865,2195,2026-03-08 23:37:49,luis grupo,EFECTIVO,$31.500,pago punto,-
2864,2194,2026-03-08 23:33:20,chaqueta negra ,NEQUI,$32.000,pago punto,-
2863,2193,2026-03-08 22:35:41,mesa 5,EFECTIVO,$19.500,pago punto,-
2862,2192,2026-03-08 22:33:52,mesa 3,EFECTIVO,$28.500,pago punto,-
2861,2191,2026-03-08 22:22:05,chicos new div,NEQUI,$35.000,pago punto,-
2860,2190,2026-03-08 22:13:56,mesa 2 mazo,EFECTIVO,$35.500,pago punto,-
2859,2189,2026-03-08 22:01:44,3529,NEQUI,$17.000,sie 3,-
2858,2188,2026-03-08 22:00:57,8207,NEQUI,$15.000,milenio,-
2857,2187,2026-03-08 21:45:17,papas chips,EFECTIVO,$-14.000,pago punto,-
2856,2186,2026-03-08 21:44:46,panes de hamburguesa,EFECTIVO,$-25.000,pago punto,-
2855,2185,2026-03-08 21:43:27,1585,EFECTIVO,$34.000,Sie 1,-
2854,2184,2026-03-08 21:33:51,esp davi ,DAVIPLATA,$11.000,pago punto,-
2853,2183,2026-03-08 21:24:59,8901,EFECTIVO,$55.000,Batará,-
2852,2182,2026-03-08 21:22:14,9276 carta,NEQUI,$16.000,pago punto,-
2851,2181,2026-03-08 20:57:17,9795,DAVIPLATA,$12.000,altamorada,-
2850,2180,2026-03-08 20:48:25,6129,EFECTIVO,$15.500,Batará,-
2849,2179,2026-03-08 20:47:21,6116,EFECTIVO,$39.000,Aracari,-
2848,2178,2026-03-08 20:45:02,1703,EFECTIVO,$48.000,Sie 4,-
2847,2177,2026-03-08 20:36:56,0377 -500,EFECTIVO,$20.000,pago punto,-
2846,2176,2026-03-08 20:35:32,7716,EFECTIVO,$19.500,olivos,-
2845,2175,2026-03-08 20:34:36,4277,NEQUI,$42.000,bomberos,-
2844,2174,2026-03-08 20:33:57,danna,EFECTIVO,$11.000,casa danna,-
2843,2173,2026-03-08 20:32:47,9171,NEQUI,$18.500,los tilos,-
2842,2172,2026-03-08 20:32:12,2770,NEQUI,$40.000,Milano,-
2841,2171,2026-03-08 20:26:12,mujer twister,NEQUI,$15.500,pago punto,-
2840,2170,2026-03-08 19:41:34,mesa 1 comida varidas,EFECTIVO,$72.500,pago punto,-
2839,2169,2026-03-08 19:00:58,punto,EFECTIVO,$12.500,pago punto,-
2838,2168,2026-03-07 23:29:28,danna,EFECTIVO,$11.000,-,-
2837,2167,2026-03-07 23:29:05,6338,NEQUI,$22.000,-,-
2836,2166,2026-03-07 23:28:44,4095,EFECTIVO,$12.000,-,-
2835,2165,2026-03-07 23:28:14,7137,NEQUI,$25.500,-,-
2834,2164,2026-03-07 23:27:43,5642,NEQUI,$16.000,-,-
2833,2163,2026-03-07 23:27:22,8186,NEQUI,$24.000,-,-
2832,2162,2026-03-07 23:26:44,3803,NEQUI,$27.000,-,-
2831,2161,2026-03-07 23:25:52,0044,NEQUI,$14.500,-,-
2830,2160,2026-03-07 23:24:54,5498,EFECTIVO,$48.000,-,-
2829,2159,2026-03-07 23:24:31,5554,EFECTIVO,$12.000,panaderia holi,-
2828,2158,2026-03-07 23:24:00,8660,EFECTIVO,$16.000,Sie 1,-
2827,2157,2026-03-07 23:23:07,6713,NEQUI|21000.0+EFECTIVO|3000.0,$24.000,algun lugar,-
2826,2156,2026-03-07 23:20:44,4803,NEQUI,$107.500,milenio,-
2825,2155,2026-03-07 23:19:42,1639,NEQUI,$25.000,porto fino,-
2824,2154,2026-03-07 23:18:34,5420,EFECTIVO,$22.000,Alondra,-
2823,2153,2026-03-07 23:18:01,2848,EFECTIVO|34000.0+NEQUI|34000.0,$68.000,cacha de tejo,-
2822,2152,2026-03-07 23:15:25,mesa 3/4 Smart,EFECTIVO,$43.000,pago punto,-
2821,2151,2026-03-07 23:14:30,mesa pollo chaqueta cafe,EFECTIVO,$27.000,pago punto,-
2820,2150,2026-03-07 23:13:25,MESA 5 free fire,EFECTIVO,$25.500,pago punto,-
2819,2149,2026-03-07 23:11:39,4784,NEQUI,$32.000,bosques arrayan,-
2818,2148,2026-03-07 23:09:21,6493,EFECTIVO,$44.000,Sie 1,-
2817,2147,2026-03-07 23:01:35,MESA 2,NEQUI,$50.000,pago punto,-
2816,2146,2026-03-07 22:56:25,MESA 8 AMIGOS COMBO,NEQUI|54000.0+EFECTIVO|50000.0,$104.000,pago punto,-
2815,2145,2026-03-07 22:43:30,mesa 4,NEQUI,$26.500,pago punto,-
2814,2144,2026-03-07 22:42:56,mixtas para llevar,EFECTIVO,$21.500,pago punto,-
2813,2143,2026-03-07 22:41:39,toca 1,NEQUI,$19.500,sie 1,-
2812,2142,2026-03-07 22:37:22,5864,NEQUI,$20.500,Frontino,-
2811,2141,2026-03-07 22:32:00,mesa 6 mixtas,EFECTIVO,$41.000,pago punto,-
2810,2140,2026-03-07 22:28:56,mesa 6 amigo teka,EFECTIVO,$71.000,pago punto,-
2809,2139,2026-03-07 22:21:57,mesa 3/4 twister,EFECTIVO,$35.500,pago punto,-
2808,2138,2026-03-07 22:16:26,mesa 1 mazorcda,NEQUI,$39.000,pago punto,-
2807,2137,2026-03-07 22:07:22,mesa 2 combo doble,NEQUI,$66.500,pago punto,-
2806,2136,2026-03-07 21:37:16,mesa 8,NEQUI,$38.000,pago punto,-
2805,2135,2026-03-07 21:36:11,Mesa 8,NEQUI,$27.500,pago punto,-
2804,2134,2026-03-07 21:26:34,0000 WILMER,EFECTIVO,$17.500,pago punto,-
2803,2133,2026-03-07 21:24:50,mesa 6 ,NEQUI,$36.000,pago punto,-
2802,2132,2026-03-07 21:23:28, CHAMPI AMIGO JUAN,NEQUI,$2.000,pago punto,-
2801,2131,2026-03-07 21:21:15,MESA 2 SIN GASEOSAS,EFECTIVO,$35.000,pago punto,-
2800,2130,2026-03-07 21:15:42,MESA 5,EFECTIVO,$44.000,pago punto,-
2799,2129,2026-03-07 21:13:37,MESA 1,EFECTIVO,$31.000,pago punto,-
2798,2128,2026-03-07 21:12:33,MESA 3/4,EFECTIVO,$91.000,pago punto,-
2797,2127,2026-03-07 21:09:41,amigo juan,NEQUI,$43.000,pago punto,-
2796,2126,2026-03-07 21:04:31,mesa 8,NEQUI,$15.500,pago punto,-
2795,2125,2026-03-07 20:51:12,8 sandwichs,NEQUI,$96.000,pago punto,-
2794,2124,2026-03-07 20:43:28,mesa 2 familia verde,EFECTIVO,$38.500,pago punto,-
2793,2123,2026-03-07 20:32:31,mesa 5 amigas balaca,EFECTIVO,$34.000,pago punto,-
2792,2122,2026-03-07 20:30:59,mesa 1 padre e hijo,EFECTIVO,$24.000,pago punto,-
2791,2121,2026-03-07 20:30:18,mesa 1 cerveza,DAVIPLATA,$42.500,pago punto,-
2790,2120,2026-03-07 20:28:30,para llevar gorra roja,EFECTIVO,$32.000,pago punto,-
2789,2119,2026-03-07 20:12:21,veci new,EFECTIVO,$11.000,pago punto,-
2788,2118,2026-03-07 20:10:01,mesa 8,DAVIPLATA,$24.000,pago punto,-
2787,2117,2026-03-07 20:07:26,mesa 2 familia,NEQUI,$58.000,pago punto,-
2786,2116,2026-03-07 19:59:11,mesa 6,NEQUI,$27.500,pago punto,-
2785,2115,2026-03-07 19:44:08,chico panze,EFECTIVO,$3.500,pago punto,-
2784,2114,2026-03-07 19:43:03,mesa 2 pareja,EFECTIVO,$42.000,pago punto,-
2783,2113,2026-03-07 19:40:34,menos nequi jessy,NEQUI,$-45.000,pago punto,-
2782,2112,2026-03-07 19:07:35,punto,NEQUI,$22.000,pago punto,-
2781,2111,2026-03-07 19:02:15,sandoval,NEQUI,$3.500,pago punto,-
2780,2110,2026-03-07 19:00:29,punto,NEQUI,$31.500,pago punto,-
2779,2109,2026-03-07 18:52:17,juan ,NEQUI,$20.500,pago punto,-
2778,2108,2026-03-07 18:46:32,domicilio sadn hit,NEQUI|38000.0+EFECTIVO|1500.0,$39.500,5523,-
2777,2107,2026-03-07 18:21:06,mesa 3 pri cliente (4 productos),EFECTIVO,$68.000,pago punto,-
2776,2106,2026-03-06 23:32:39,2 especiales para llevar,NEQUI,$30.000,pago punto,-
2775,2105,2026-03-06 23:05:39,Mazorcada para llevar,EFECTIVO,$16.000,pago punto,-
2774,2104,2026-03-06 22:59:19,6244,EFECTIVO,$50.000,alejandria,-
2773,2103,2026-03-06 22:58:32,panzes efectivo,EFECTIVO,$7.000,pago punto,-
2772,2102,2026-03-06 22:53:30,veci panaderia,NEQUI,$48.000,pago punto,-
2771,2101,2026-03-06 22:44:50,punto,NEQUI,$20.500,pago punto,-
2770,2100,2026-03-06 22:43:03,punto,EFECTIVO,$36.000,pago punto,-
2769,2099,2026-03-06 22:39:15,punto,EFECTIVO,$49.000,pago punto,-
2768,2098,2026-03-06 22:33:28,punto,NEQUI,$7.000,pago punto,-
2767,2097,2026-03-06 21:51:18,6691,NEQUI,$19.000,Amazilia,-
2766,2096,2026-03-06 21:50:55,6714 angie rivera,NEQUI,$11.000,Batará,-
2765,2095,2026-03-06 21:50:22,0561,EFECTIVO,$27.000,teka,-
2764,2094,2026-03-06 21:45:18,5912,NEQUI,$14.000,tonel,-
2763,2093,2026-03-06 21:44:39,4258,NEQUI,$42.500,teka,-
2762,2092,2026-03-06 21:44:00,1808,DAVIPLATA,$16.000,Jilguero,-
2761,2091,2026-03-06 21:43:17,6796,NEQUI,$41.000,Frontino,-
2760,2090,2026-03-06 21:42:28,0000 robinson,NEQUI,$38.000,pago punto,-
2759,2089,2026-03-06 21:34:26,0271,NEQUI,$60.000,verona,-
2758,2088,2026-03-06 21:30:31,0249,DAVIPLATA,$45.000,pago punto,-
2757,2087,2026-03-06 21:29:58,0880,NEQUI,$19.000,Aracari,-
2756,2086,2026-03-06 21:29:10,5018,NEQUI,$48.000,Amazilia,-
2755,2085,2026-03-06 21:28:34,1520,DAVIPLATA,$48.000,Batará,-
2754,2084,2026-03-06 21:28:07,8562,NEQUI,$16.000,bosques alizos,-
2753,2083,2026-03-06 21:27:48,9992,NEQUI,$24.000,Ibis,-
2752,2082,2026-03-06 21:20:00,pan sand 3 tanda,EFECTIVO,$-12.000,pago punto,-
2751,2081,2026-03-06 21:19:33,pan sand 2 tanda,EFECTIVO,$-15.000,pago punto,-
2750,2080,2026-03-06 21:18:25,mesa 8 para lllevar mazr,EFECTIVO,$32.000,pago punto,-
2749,2079,2026-03-06 21:17:30,pan sand primera tanda,EFECTIVO,$-7.500,pago punto,-
2748,2078,2026-03-06 21:10:46,mesa 1 para llevar 3 sand,EFECTIVO,$39.500,pago punto,-
2747,2077,2026-03-06 21:09:30,mesa 4 rap,EFECTIVO,$30.000,pago punto,-
2746,2076,2026-03-06 20:59:03,mesa 5 mazor,EFECTIVO,$42.500,pago punto,-
2745,2075,2026-03-06 20:55:20,mesa 6 mixtas,NEQUI,$50.000,pago punto,-
2744,2074,2026-03-06 20:54:50,mesa 3 ,NEQUI,$14.500,pago punto,-
2743,2073,2026-03-06 20:43:20,mesa 8,NEQUI,$30.500,pago punto,-
2742,2072,2026-03-06 20:38:22,combo esp perro (4 productos),NEQUI,$38.000,pago punto,-
2741,2071,2026-03-06 20:29:34,mesa 6 ,NEQUI,$24.000,pago punto,-
2740,2070,2026-03-06 20:28:39,mesa 7,NEQUI,$59.500,pago punto,-
2739,2069,2026-03-06 20:28:21,domiclio,EFECTIVO,$23.000,pasan,-
2738,2068,2026-03-06 20:26:22,marzcoarcada para llevar F!,NEQUI,$32.000,pago punto,-
2737,2067,2026-03-06 20:20:32,mesa  4,EFECTIVO,$18.500,pago punto,-
2736,2066,2026-03-06 20:12:33,mesa 5 desmechada,NEQUI,$52.500,pago punto,-
2735,2065,2026-03-06 20:11:12,mesa1 para llevar,EFECTIVO,$19.500,pago punto,-
2734,2064,2026-03-06 20:10:08,mesa 2 new,NEQUI,$37.000,pago punto,-
2733,2063,2026-03-06 19:54:38,mesa 8,EFECTIVO,$68.000,pago punto,-
2732,2062,2026-03-06 19:47:29,mesa 1 ,EFECTIVO,$68.000,pago punto,-
2731,2061,2026-03-06 19:44:04,veci mostaza,EFECTIVO,$16.000,pago punto,-
2730,2060,2026-03-06 19:41:09,mesa niña piña,NEQUI,$6.500,pago punto,-
2729,2059,2026-03-06 19:36:57,mesa 6 cerv,EFECTIVO,$35.000,pago punto,-
2728,2058,2026-03-06 19:11:14,mesa 3 sand elec,NEQUI,$59.500,pago punto,-
2727,2057,2026-03-06 19:02:55,marzo para llevar,NEQUI,$16.000,pago punto,-
2726,2056,2026-03-06 19:02:00,mesa 4 div,EFECTIVO,$15.500,-,-
2725,2055,2026-03-06 18:58:20,mesa 1 familia,EFECTIVO,$39.000,pago punto,-
2724,2054,2026-03-06 18:54:41,especial para llevar,NEQUI,$11.000,pago punto,-
2723,2053,2026-03-06 18:48:27,mesa 5,EFECTIVO,$33.000,pago punto,-
2722,2052,2026-03-06 18:30:04,mesa 2 sand desmechadas,NEQUI|50500.0+EFECTIVO|10000.0,$60.500,pago punto,-
2721,2051,2026-03-05 23:17:35,veronica,EFECTIVO,$8.000,pago punto,-
2720,2050,2026-03-05 23:09:20,mesa 5 mix,EFECTIVO,$41.000,pago punto,-
2719,2049,2026-03-05 23:07:18,tomates,EFECTIVO,$-6.000,pago punto,-
2718,2048,2026-03-05 23:06:54,panes de ham,EFECTIVO,$-25.000,pago punto,-
2717,2047,2026-03-05 23:04:44,papas chip,EFECTIVO,$-18.000,pago punto,-
2716,2046,2026-03-05 23:03:56,cuarderno y lapices,EFECTIVO,$-6.500,pago punto,-
2715,2045,2026-03-05 23:02:41,pan sand,EFECTIVO,$-20.000,pago punto,-
2714,2044,2026-03-05 22:57:51,6393,DAVIPLATA,$47.500,Aracari,-
2713,2043,2026-03-05 22:57:22,2333,EFECTIVO,$48.000,Milano,-
2712,2042,2026-03-05 22:56:22,6429,NEQUI,$22.000,Frontino,-
2711,2041,2026-03-05 22:54:04,7360,NEQUI,$12.000,Sie 1,-
2710,2040,2026-03-05 22:52:07,2134,NEQUI,$35.500,Frontino,-
2709,2039,2026-03-05 22:51:17,7113,NEQUI,$24.000,pasan,-
2708,2038,2026-03-05 22:46:53,sand para llevar,EFECTIVO,$12.000,pago punto,-
2707,2037,2026-03-05 22:46:15,sand perro,NEQUI,$24.000,pago punto,-
2706,2036,2026-03-05 22:42:23,4117,NEQUI,$36.000,tangara,-
2705,2035,2026-03-05 22:35:34,danna,NEQUI,$24.000,casa danna,-
2704,2034,2026-03-05 22:34:43,3290,EFECTIVO,$24.000,Amazilia,-
2703,2033,2026-03-05 22:32:49,2817,NEQUI,$41.000,pizzerias 2 snd,-
2702,2032,2026-03-05 22:27:16,1938,EFECTIVO,$17.500,PUERTAS SOL 1,-
2701,2031,2026-03-05 22:26:31,1154,NEQUI,$83.000,PUEBLO,-
2700,2030,2026-03-05 22:25:02,0581,NEQUI,$15.500,Ibis,-
2699,2029,2026-03-05 22:22:58,0974,NEQUI,$60.000,BICICLETERIA,-
2698,2028,2026-03-05 22:00:15,buzo negro llevar,NEQUI,$19.500,pago punto,-
2697,2027,2026-03-05 21:07:37,mesa 2 mixtas,NEQUI,$61.500,pago punto,-
2696,2026,2026-03-05 21:02:14,Twister,NEQUI,$24.000,pago punto,-
2695,2025,2026-03-05 20:34:29,sand llevar new,EFECTIVO,$12.000,pago punto,-
2694,2024,2026-03-05 20:13:59,7821,NEQUI|24000.0+EFECTIVO|20000.0,$44.000,pasan,-
2693,2023,2026-03-05 20:07:23,mesa 1,EFECTIVO,$24.000,pago punto,-
2692,2022,2026-03-05 20:01:34,mesa 3,EFECTIVO,$25.500,pago punto,-
2691,2021,2026-03-05 19:46:30,mesa 4 mazorcada,EFECTIVO,$39.000,pago punto,-
2690,2020,2026-03-05 19:45:09,mesa 5 sand ,NEQUI,$31.000,pago punto,-
2689,2019,2026-03-05 19:30:48,mesa 2 dobles ,NEQUI,$39.000,pago punto,-
2688,2018,2026-03-05 19:19:59,pasan,DAVIPLATA,$64.000,pasan,-
2687,2017,2026-03-05 19:10:08,7202 sand div,NEQUI,$24.000,pasan,-
2686,2016,2026-03-05 19:00:48,panzes para llevar,EFECTIVO,$7.000,pago punto,-
2685,2015,2026-03-05 00:31:40,panes sand,EFECTIVO,$-10.000,pago punto,-
2684,2014,2026-03-04 23:49:01,aida combo especial,NEQUI,$69.000,pago punto,-
2683,2013,2026-03-04 23:47:52,panes ,EFECTIVO,$-17.500,pago punto,-
2682,2012,2026-03-04 23:30:28,mesa 1,EFECTIVO,$32.000,pago punto,-
2681,2011,2026-03-04 23:22:11,mesa 5 taxis,EFECTIVO,$35.000,pago punto,-
2680,2010,2026-03-04 23:21:13,mesa 5 taxis,EFECTIVO,$14.500,pago punto,-
2679,2009,2026-03-04 23:13:40,8895,NEQUI,$22.000,Andaríos,-
2678,2008,2026-03-04 23:13:11,7700,NEQUI,$33.000,Amazilia,-
2677,2007,2026-03-04 23:12:38,5394,NEQUI,$30.500,pasan,-
2676,2006,2026-03-04 23:11:53,6573,EFECTIVO,$18.000,Frontino,-
2675,2005,2026-03-04 23:10:49,3185759154,EFECTIVO,$12.000,-,-
2674,2004,2026-03-04 23:08:45,0000 deyver,EFECTIVO,$31.000,pueblo deyver,-
2673,2003,2026-03-04 23:07:35,5604,EFECTIVO,$23.000,Frontino,-
2672,2002,2026-03-04 23:06:19,3549,NEQUI,$12.000,ffrontino,-
2671,2001,2026-03-04 23:05:46,8901,EFECTIVO,$53.500,Sie 4,-
2670,2000,2026-03-04 23:02:48,9379,EFECTIVO,$48.000,frente milano,-
2669,1999,2026-03-04 23:00:02,9529,NEQUI,$24.000,Amazilia,-
2668,1998,2026-03-04 22:58:41,5392,NEQUI,$37.000,palacio de justicia,-
2667,1997,2026-03-04 22:49:04,MESA 2 MILLOS,EFECTIVO,$18.000,pago punto,-
2666,1996,2026-03-04 22:48:37,MESA 4 TWISTER,NEQUI,$12.000,pago punto,-
2665,1995,2026-03-04 22:48:12,MESA 4 ,EFECTIVO,$12.000,pago punto,-
2664,1994,2026-03-04 22:19:04,mesa 2 mujer virtuosa,NEQUI,$29.000,mesa 2,-
2663,1993,2026-03-04 22:12:26,mesa sand,NEQUI,$24.000,pago punto,-
2662,1992,2026-03-04 21:54:28,mesa 4,NEQUI,$48.000,pago punto,-
2661,1991,2026-03-04 21:52:59,para llevar,NEQUI|22000.0+EFECTIVO|1000.0,$23.000,pago punto,-
2660,1990,2026-03-04 21:35:18,emerson,EFECTIVO,$19.000,pago punto,-
2659,1989,2026-03-04 21:24:54,sand para llevar ,EFECTIVO,$12.000,pago punto,-
2658,1988,2026-03-04 21:12:46,mesa 2,EFECTIVO,$39.000,pago punto,-
2657,1987,2026-03-04 21:11:34,mesa 1 chori y especiales,DAVIPLATA,$68.000,pago punto,-
2656,1986,2026-03-04 20:43:40,mesa 1 sand 2 gas,NEQUI,$31.000,pago punto,-
2655,1985,2026-03-04 20:32:12,vecis sand hija,EFECTIVO,$58.500,pago punto,-
2654,1984,2026-03-04 20:25:17,primo anyelo,EFECTIVO,$18.000,pago punto,-
2653,1983,2026-03-04 19:39:37,mesa 2 sand amigos,NEQUI,$31.000,pago punto,-
2652,1982,2026-03-04 19:25:10,danna,EFECTIVO,$34.500,pago punto,-
2651,1981,2026-03-04 19:24:15,Especial en combo chica,NEQUI,$19.000,pago punto,-
2650,1980,2026-03-04 19:21:48,5850,NEQUI,$23.000,Sie 1,-
2649,1979,2026-03-04 19:20:42,6691,NEQUI,$24.000,Amazilia,-
2648,1978,2026-03-04 19:12:58,0944 sand con veg,NEQUI,$14.000,pasan,-
2647,1977,2026-03-04 19:11:17,adelanto de sueldo anyelo,NEQUI,$-20.000,pago punto,-
2646,1976,2026-03-04 18:57:50,0408,NEQUI,$58.000,Tangara,-
2645,1975,2026-03-04 00:28:28,4987,NEQUI,$24.000,ibiz,-
2644,1974,2026-03-03 23:15:14,4771,NEQUI,$24.000,bar,-
2643,1973,2026-03-03 23:14:39,5715,NEQUI,$11.000,pasan,-
2642,1972,2026-03-03 22:54:10,mesa 2 hm div,NEQUI,$11.000,pago punto,-
2641,1971,2026-03-03 22:34:44,mesa 4 tonel,NEQUI|40000.0+EFECTIVO|2000.0,$42.000,pasan,-
2640,1970,2026-03-03 22:24:14,mesa 5  hamburguesa,NEQUI,$50.000,pago punto,-
2639,1969,2026-03-03 22:23:02,3167,NEQUI,$12.000,Jilguero,-
2638,1968,2026-03-03 22:22:07,mesa 2,NEQUI,$29.000,pago punto,-
2637,1967,2026-03-03 22:14:36,5421,NEQUI,$98.000,pasan,-
2636,1966,2026-03-03 22:07:49,mesa 3 ,NEQUI,$50.000,pago punto,-
2635,1965,2026-03-03 21:49:11,wilmer,EFECTIVO,$15.500,pasa,-
2634,1964,2026-03-03 21:44:32,profe,NEQUI,$31.000,pago punto,-
2633,1963,2026-03-03 21:44:11,CHICA SAND PARA LLEVAR,NEQUI,$31.000,pago punto,-
2632,1962,2026-03-03 21:25:13,4728,NEQUI,$22.000,Frontino,-
2631,1961,2026-03-03 21:22:48,2825,NEQUI,$11.000,Amazilia,-
2630,1960,2026-03-03 21:22:26,4095,EFECTIVO,$35.000,bosques arrayan,-
2629,1959,2026-03-03 21:12:23,MESA 5 SERVI,DAVIPLATA,$46.500,pago punto,-
2628,1958,2026-03-03 21:07:10,PANZE PARA LLEVAR,NEQUI,$3.500,pago punto,-
2627,1957,2026-03-03 21:02:36,gasto de pan sand,EFECTIVO,$-2.000,pago punto,-
2626,1956,2026-03-03 20:41:26,0337 + maiz,NEQUI,$15.000,Sie 4,-
2625,1955,2026-03-03 20:40:29,7893,NEQUI,$15.500,andarios,-
2624,1954,2026-03-03 20:39:00,9463,EFECTIVO,$40.000,tangara,-
2623,1953,2026-03-03 20:33:06,para llevar pechuga,NEQUI,$32.000,pago punto,-
2621,1951,2026-03-03 20:12:10,mesa 1 doble,NEQUI,$39.000,pago punto,-
2620,1950,2026-03-03 20:11:26,mesa 2,NEQUI,$51.000,pago punto,-
2619,1949,2026-03-03 19:51:23,4624,NEQUI,$50.000,puertas sol 1,-
2618,1948,2026-03-03 19:49:37,0274,EFECTIVO,$32.000,pago punto,-
2617,1947,2026-03-03 19:45:26,mesa 1 ,NEQUI,$27.500,pago punto,-
2616,1946,2026-03-03 19:32:00,emerson,EFECTIVO,$17.500,pago punto,-
2615,1945,2026-03-03 19:27:43,mesa 5,EFECTIVO,$35.500,pago punto,-
2614,1944,2026-03-03 19:20:09,chorri perrp new,EFECTIVO,$6.500,pago punto,-
2613,1943,2026-03-03 19:12:24,mami santi carne desmechada,NEQUI,$6.000,puertas sol 1,-
2612,1942,2026-03-03 19:06:44,mama Santi,NEQUI,$36.000,puertas sol,-
2611,1941,2026-03-03 18:56:05,danna,EFECTIVO,$11.000,pasan,-
2610,1940,2026-03-03 18:51:44,mesa 2 ,DAVIPLATA,$31.000,pago punto,-
2609,1939,2026-03-03 18:39:44,gasto de pan y encendedor,EFECTIVO,$-12.000,pago punto,-
2608,1938,2026-03-03 18:32:12,0406,NEQUI,$22.000,pasan,-
2607,1937,2026-03-02 23:15:31,skate friend,NEQUI,$35.500,pago punto,-
2606,1936,2026-03-02 22:46:47,taxi friend  ,NEQUI,$19.500,pago punto,-
2605,1935,2026-03-02 22:18:40,7729,NEQUI,$44.000,Jilguero,-
2604,1934,2026-03-02 22:08:30,para llevar,NEQUI,$21.000,pago punto,-
2603,1933,2026-03-02 22:06:50,2242,EFECTIVO,$19.000,puertas sol 1,-
2602,1932,2026-03-02 22:03:18,9228,NEQUI,$41.000,puertas sol 2,-
2601,1931,2026-03-02 21:41:05,danna,NEQUI,$19.500,casa danna,-
2600,1930,2026-03-02 21:40:39,7820,NEQUI,$24.000,Amazilia,-
2599,1929,2026-03-02 21:40:14,2817,NEQUI,$22.500,pizzeria,-
2598,1928,2026-03-02 21:39:16,4692,NEQUI,$50.000,gran sabana,-
2597,1927,2026-03-02 21:38:37,rut celadora,NEQUI,$24.000,Milano,-
2596,1926,2026-03-02 21:37:14,7321,EFECTIVO,$23.000,altamorada,-
2595,1925,2026-03-02 21:29:18,8562,EFECTIVO,$16.000,bosques alizos,-
2594,1924,2026-03-02 21:27:17,emerson,EFECTIVO,$24.000,pago punto,-
2593,1923,2026-03-02 19:50:44,punto,EFECTIVO,$12.000,pago punto,-
2592,1922,2026-03-02 19:40:05,4301 tatiana,NEQUI,$48.500,pasan,-
2591,1921,2026-03-02 19:22:30,punto,NEQUI,$12.000,pago punto,-
2590,1920,2026-03-02 19:00:05,mesa 5 ing,EFECTIVO,$39.000,pago punto,-
2589,1919,2026-03-02 18:57:19,mesa 2,NEQUI,$34.000,pago punto,-
2588,1918,2026-03-01 00:20:02,2953,NEQUI,$23.000,-,-
2587,1917,2026-03-01 00:19:33,profe,NEQUI,$42.000,-,-
2586,1916,2026-03-01 00:19:02,ivan,NEQUI,$53.000,-,-
2585,1915,2026-03-01 00:18:05,obre iglesi,NEQUI,$12.000,-,-
2584,1914,2026-03-01 00:17:42,6474,NEQUI,$15.000,-,-
2583,1913,2026-03-01 00:17:20,7821,NEQUI,$59.000,-,-
2582,1912,2026-03-01 00:15:43,1208,NEQUI,$24.000,-,-
2581,1911,2026-03-01 00:15:15,0666,NEQUI,$27.000,-,-
2580,1910,2026-03-01 00:14:16,6569,DAVIPLATA,$41.000,-,-
2579,1909,2026-03-01 00:13:11,9241,DAVIPLATA,$35.000,-,-
2578,1908,2026-03-01 00:12:19,9080,EFECTIVO,$14.000,-,-
2577,1907,2026-03-01 00:11:52,4839,NEQUI,$116.000,-,-
2576,1906,2026-03-01 00:06:32,3931,NEQUI,$44.500,-,-
2575,1905,2026-03-01 00:05:52,4426,NEQUI,$48.000,-,-
2574,1904,2026-03-01 00:05:17,4499,EFECTIVO,$48.000,-,-
2573,1903,2026-03-01 00:04:47,1800,NEQUI,$28.000,-,-
2572,1902,2026-03-01 00:04:20,9426,EFECTIVO,$45.000,-,-
2571,1901,2026-03-01 00:03:04,8313,EFECTIVO,$23.000,-,-
2570,1900,2026-03-01 00:02:27,9501,NEQUI,$32.000,-,-
2569,1899,2026-03-01 00:02:00,4624,NEQUI,$67.000,-,-
2568,1898,2026-03-01 00:00:06,9272,NEQUI,$33.000,-,-
2567,1897,2026-02-28 23:59:34,4784,NEQUI,$22.500,-,-
2566,1896,2026-02-28 23:58:50,1863,DAVIPLATA,$50.000,-,-
2565,1895,2026-02-28 23:57:52,dnna,NEQUI,$22.000,-,-
2564,1894,2026-02-28 23:57:32,8495,NEQUI,$38.500,-,-
2563,1893,2026-02-28 23:56:49,7247,NEQUI,$36.000,-,-
2562,1892,2026-02-28 23:56:14,2496,DAVIPLATA,$145.000,-,-
2561,1891,2026-02-28 23:53:25,6638,EFECTIVO,$115.000,-,-
2560,1890,2026-02-28 23:46:57,veci desmechada,NEQUI,$59.000,-,-
2559,1889,2026-02-28 23:37:38,chica aji ,EFECTIVO,$21.500,-,-
2558,1888,2026-02-28 23:20:11,mesa 5 dobles coca,NEQUI,$39.000,pago punto,-
2557,1887,2026-02-28 23:16:42,para llevar 2h sa,EFECTIVO,$54.000,pago punto,-
2556,1886,2026-02-28 23:10:40,pipe mesa 4,NEQUI,$152.500,pago punto,-
2555,1885,2026-02-28 23:09:15,mesa 1,NEQUI,$122.000,pago punto,-
2554,1884,2026-02-28 23:08:43,punto ,EFECTIVO,$68.000,pago punto,-
2553,1883,2026-02-28 22:51:47,mesa 4 ,NEQUI,$11.000,pago punto,-
2552,1882,2026-02-28 22:51:14,mesa 4 mazorcada,NEQUI,$16.000,pago punto,-
2551,1881,2026-02-28 22:43:29,mesa 2 bmv,NEQUI,$62.500,pago punto,-
2550,1880,2026-02-28 22:05:55,mesa bancolombia,NEQUI,$36.000,pago punto,-
2549,1879,2026-02-28 21:41:44,punto,EFECTIVO,$54.500,pago punto,-
2548,1878,2026-02-28 21:36:55,punto,EFECTIVO,$14.500,pago punto,-
2547,1877,2026-02-28 21:29:58,BUSO BLANCO,DAVIPLATA,$19.500,pago punto,-
2546,1876,2026-02-28 21:25:37,PUNTO,NEQUI,$35.000,pago punto,-
2545,1875,2026-02-28 20:55:58,PUNTO,NEQUI,$24.000,pago punto,-
2544,1874,2026-02-28 20:33:18,PUNTO,EFECTIVO,$48.000,pago punto,-
2543,1873,2026-02-28 20:28:00,MIXTA SOLA,NEQUI,$17.000,pago punto,-
2542,1872,2026-02-28 20:24:06,PUNTO,EFECTIVO,$12.000,pago punto,-
2541,1871,2026-02-28 20:23:00,PUNTO,DAVIPLATA,$48.000,pago  punto,-
2540,1870,2026-02-28 20:15:25,PUNTO,EFECTIVO,$61.500,pago punto,-
2539,1869,2026-02-28 19:57:04,mesa 1 ,EFECTIVO,$43.000,pago punto,-
2538,1868,2026-02-28 19:53:56,mesa 2 ,EFECTIVO,$14.500,pago punto,-
2537,1867,2026-02-28 19:53:26,mesa 3 para llevar ,NEQUI,$56.000,pago punto,-
2536,1866,2026-02-28 19:49:49,mesa 4,EFECTIVO,$30.500,pago punto,-
2535,1865,2026-02-28 19:46:08,mesa 5 chorriperr,EFECTIVO,$11.000,pago punto,-
2534,1864,2026-02-28 19:44:03,lucta,NEQUI,$170.000,lucta,-
2533,1863,2026-02-28 19:39:49,chorti perro gaseos,EFECTIVO,$10.000,pago punto,-
2532,1862,2026-02-28 19:38:25,sand desmachada,NEQUI,$14.000,pago punto,-
2531,1861,2026-02-28 19:12:46,punto,NEQUI,$19.500,pago punto,-
2530,1860,2026-02-28 18:58:41,punto,NEQUI,$63.500,pago punto,-
2529,1859,2026-02-28 18:56:47,mesa 1,NEQUI,$47.500,pago punto,-
2528,1858,2026-02-28 00:03:12,4412,DAVIPLATA,$14.000,Jilguero,-
2527,1857,2026-02-28 00:01:43,juan pataquiva,NEQUI,$12.000,torres,-
2526,1856,2026-02-28 00:01:00,5672,DAVIPLATA,$19.500,millano,-
2525,1855,2026-02-28 00:00:18,0516,NEQUI,$9.000,obra iglesia,-
2524,1854,2026-02-27 23:59:46,7429,NEQUI,$44.000,Amazilia,-
2523,1853,2026-02-27 23:59:16,juan toca sand,NEQUI,$12.000,pago punto,-
2522,1852,2026-02-27 23:58:51,6779 llamada,NEQUI,$18.500,bosques alizos,-
2521,1851,2026-02-27 23:58:06,6572,NEQUI,$57.000,olivos,-
2520,1850,2026-02-27 23:57:12,0271,NEQUI,$49.500,verona,-
2519,1849,2026-02-27 23:56:37,veci can,NEQUI,$10.500,Amazilia,-
2518,1848,2026-02-27 23:55:58,9994,NEQUI,$123.000,capri,-
2517,1847,2026-02-27 23:55:06,1800,NEQUI,$24.000,Milano,-
2516,1846,2026-02-27 23:54:42,eduardo,NEQUI,$16.000,Ibis,-
2515,1845,2026-02-27 23:54:16,0377,NEQUI,$30.000,puertas sol 2,-
2514,1844,2026-02-27 23:52:05,2329,EFECTIVO,$27.500,Sie 1,-
2513,1843,2026-02-27 23:50:48,3488,EFECTIVO,$20.000,canavita,-
2512,1842,2026-02-27 23:49:51,7775,DAVIPLATA,$33.000,san juan,-
2511,1841,2026-02-27 23:49:17,9429,DAVIPLATA,$26.000,portofino,-
2510,1840,2026-02-27 23:48:32,7467,NEQUI,$35.000,Sie 2,-
2509,1839,2026-02-27 23:47:56,mesa 4 mazor,NEQUI|10000.0+EFECTIVO|6000.0,$16.000,pago punto,-
2508,1838,2026-02-27 23:46:22,"sand debe 2,000",EFECTIVO,$10.000,pago punto,-
2507,1837,2026-02-27 23:40:09,6435,NEQUI,$40.000,Milano,-
2506,1836,2026-02-27 23:39:12,0848,EFECTIVO,$28.000,sie 4,-
2505,1835,2026-02-27 23:35:59,6189,NEQUI,$20.500,Batará,-
2504,1834,2026-02-27 23:33:09,6871,NEQUI,$36.500,Aracari,-
2503,1833,2026-02-27 23:31:49,mazorcada queso,EFECTIVO,$28.000,pago punto,-
2502,1832,2026-02-27 23:29:30,mesa 2,NEQUI,$58.000,pago punto,-
2501,1831,2026-02-27 23:26:00,mesa 4 3h 3 b,EFECTIVO,$43.500,pago punto,-
2500,1830,2026-02-27 23:16:08,MESA 1,NEQUI,$39.000,pago punto,-
2499,1829,2026-02-27 23:10:46,MESA 5 SAND RAPI,NEQUI,$15.500,pago punto,-
2498,1828,2026-02-27 23:06:03,mesa 3,EFECTIVO,$30.000,pago punto,-
2497,1827,2026-02-27 22:59:14,mesa perrito,NEQUI,$12.000,pago punto,-
2496,1826,2026-02-27 22:58:40,mesa perro,NEQUI,$16.000,pago punto,-
2495,1825,2026-02-27 22:58:13,mesa perro,NEQUI,$12.000,pago punto,-
2494,1824,2026-02-27 22:46:29,mesa 5 costillas,NEQUI,$66.500,pago punto,-
2493,1823,2026-02-27 22:42:34,amigo lulo,EFECTIVO,$16.000,pago punto,-
2492,1822,2026-02-27 22:42:08,lulo,EFECTIVO,$19.500,pago punto,-
2491,1821,2026-02-27 22:36:51,mesa 2,EFECTIVO,$37.000,pago punto,-
2490,1820,2026-02-27 22:24:17,juan toca,NEQUI,$7.000,pago punto,-
2489,1819,2026-02-27 22:21:55,mazorcada para llevar,NEQUI,$16.000,pago punto,-
2488,1818,2026-02-27 22:16:39,mesa 4,NEQUI,$41.000,pago punto,-
2487,1817,2026-02-27 22:13:04,wilmer,EFECTIVO,$18.000,pago punto,-
2486,1816,2026-02-27 22:01:14,mesa 3,NEQUI,$50.000,pago punto,-
2485,1815,2026-02-27 21:41:44,MESA 2C ,DAVIPLATA,$29.000,pago punto,-
2484,1814,2026-02-27 21:36:02,PUNTO,EFECTIVO,$56.000,pago punto,-
2483,1813,2026-02-27 21:29:06,MESA AMIGA TANGARA,NEQUI,$34.500,pago punto,-
2482,1812,2026-02-27 21:22:12,PUNTO,NEQUI,$43.000,pago punto,-
2481,1811,2026-02-27 21:16:43,MESA SAND DESME,NEQUI,$49.000,pago punto,-
2480,1810,2026-02-27 20:58:57,MESA 5,EFECTIVO,$31.500,pago punto,-
2479,1809,2026-02-27 20:55:01,MESA 2 ,EFECTIVO,$19.500,pago punto,-
2478,1808,2026-02-27 20:46:28,MESA 3 FAMILIA,NEQUI,$79.000,pago punto,-
2477,1807,2026-02-27 20:43:27,mesa 4 amigo jessy,EFECTIVO|10000.0+NEQUI|52500.0,$62.500,pago punto,-
2476,1806,2026-02-27 20:38:05,mesa mamay hija madera,NEQUI,$48.000,pago punto,-
2475,1805,2026-02-27 20:37:08,para llevar buzo blaco,EFECTIVO,$34.500,pago punto,-
2474,1804,2026-02-27 20:30:47,mesa trensas,EFECTIVO,$48.000,pago punto,-
2473,1803,2026-02-27 20:27:49,mesa 1 ,NEQUI,$67.000,pago punto,-
2472,1802,2026-02-27 20:19:32,mesa 5,EFECTIVO,$33.500,pago punto,-
2471,1801,2026-02-27 20:17:19,VECI PANADERIA,NEQUI,$64.000,pago punto,-
2470,1800,2026-02-27 20:15:59,ADICCION DE QUESO,EFECTIVO,$72.500,pago punto,-
2469,1799,2026-02-27 20:12:01,"MESA 3 SAND 1,5",NEQUI,$44.000,pago punto,-
2468,1798,2026-02-27 20:01:57,MESA 1 COSTILLAS,EFECTIVO,$30.500,pago punto,-
2467,1797,2026-02-27 19:50:28,MESA 4 ,EFECTIVO,$20.000,pago punto,-
2466,1796,2026-02-27 19:48:56,PANZE PARA LLEVAR,NEQUI,$3.500,pago punto,-
2465,1795,2026-02-27 19:45:59,MESA 3 MOTO,EFECTIVO,$31.000,pago punto,-
2464,1794,2026-02-27 19:20:29,PUNTO,DAVIPLATA,$22.000,pago punto,-
2463,1793,2026-02-27 19:10:23,LUCTA,NEQUI,$64.500,pago punto,-
2462,1792,2026-02-27 19:06:22,PUNTO,EFECTIVO,$15.500,pago punto,-
2461,1791,2026-02-27 19:02:00,MARKETING AMIGO,EFECTIVO,$35.500,pago punto,-
2460,1790,2026-02-27 18:57:18,danna,NEQUI,$11.000,casa danna,-
2459,1789,2026-02-27 18:48:08,mesa niña patines,EFECTIVO,$26.000,pago punto,-
2458,1788,2026-02-27 18:39:12,9992,EFECTIVO,$24.000,Ibis,-
2457,1787,2026-02-27 18:37:21,belcorp,DAVIPLATA,$162.000,belcorp,-
2456,1786,2026-02-27 18:35:20,0581,NEQUI,$15.500,Ibis,-
2455,1785,2026-02-27 18:34:09,3044,NEQUI,$61.500,Moreli,-
2454,1784,2026-02-26 23:42:11,perrito,EFECTIVO,$39.000,-,-
2453,1783,2026-02-26 23:18:07,punto,EFECTIVO,$7.000,pago punto,-
2452,1782,2026-02-26 23:13:11,punto,NEQUI,$40.000,pago punto,-
2451,1781,2026-02-26 23:06:32,punto,NEQUI,$26.000,pago punto,-
2450,1780,2026-02-26 23:05:46,punto,NEQUI,$12.000,pago punto,-
2449,1779,2026-02-26 22:53:20,punto,NEQUI,$17.500,pago punto,-
2448,1778,2026-02-26 22:29:13,3441,NEQUI,$20.500,-,-
2447,1777,2026-02-26 22:28:54,4916,NEQUI,$18.500,-,-
2446,1776,2026-02-26 22:27:54,1255,EFECTIVO,$27.000,-,-
2445,1775,2026-02-26 22:27:26,2333,NEQUI,$32.000,-,-
2444,1774,2026-02-26 22:26:52,9873,EFECTIVO,$98.000,-,-
2443,1773,2026-02-26 22:26:13,9440,EFECTIVO,$48.500,-,-
2442,1772,2026-02-26 22:25:37,2953,NEQUI,$32.000,-,-
2441,1771,2026-02-26 22:25:12,5850,NEQUI,$23.000,-,-
2440,1770,2026-02-26 22:24:33,carlos,EFECTIVO,$63.000,-,-
2439,1769,2026-02-26 22:24:04,4562,EFECTIVO,$24.000,-,-
2438,1768,2026-02-26 22:23:27,7908,EFECTIVO,$30.500,-,-
2437,1767,2026-02-26 22:22:54,0960,EFECTIVO,$16.000,-,-
2436,1766,2026-02-26 22:22:34,0332,DAVIPLATA,$25.000,-,-
2435,1765,2026-02-26 22:21:22,robinson,NEQUI,$19.000,-,-
2434,1764,2026-02-26 22:20:56,danna,NEQUI,$19.000,-,-
2433,1763,2026-02-26 22:20:18,7321,NEQUI,$27.500,-,-
2432,1762,2026-02-26 22:19:25,0063,EFECTIVO,$99.000,-,-
2431,1761,2026-02-26 22:18:42,1800,NEQUI,$13.500,-,-
2430,1760,2026-02-26 22:08:20,punto,NEQUI,$36.000,pago punto,-
2429,1759,2026-02-26 22:01:27,punto,EFECTIVO,$31.500,pago punto,-
2428,1758,2026-02-26 21:33:09,punto,NEQUI,$27.500,pago punto,-
2427,1757,2026-02-26 21:12:46,punto,EFECTIVO,$40.000,pago punto,-
2426,1756,2026-02-26 21:10:12,punto,NEQUI,$13.500,pago punto,-
2425,1755,2026-02-26 20:38:17,PUNTO,EFECTIVO,$31.500,pago punto,-
2424,1754,2026-02-26 20:37:41,PUNTO,NEQUI,$31.500,pago punto,-
2423,1753,2026-02-26 20:36:45,PUNTO,EFECTIVO,$28.000,pago punto,-
2422,1752,2026-02-26 20:03:18,PUNTO,NEQUI,$50.000,pago punto,-
2421,1751,2026-02-26 19:59:35,PUNTO,NEQUI,$42.000,pago punto,-
2420,1750,2026-02-26 19:56:32,PUNTO,EFECTIVO,$52.000,pago punto,-
2419,1749,2026-02-26 19:54:28,PUNTO,EFECTIVO,$19.000,pago punto,-
2418,1748,2026-02-26 19:46:04,PUNTO,EFECTIVO,$31.500,pago punto,-
2417,1747,2026-02-26 18:53:21,CELU AGOTADO,NEQUI,$24.000,pago punto,-
2416,1746,2026-02-26 18:52:40,FAMILIA HJO,NEQUI,$28.000,pago punto,-
2415,1745,2026-02-26 18:35:52,MILLOS PARA LLEVAR,EFECTIVO,$45.500,pago punto,-
2414,1744,2026-02-25 23:41:49,1198,EFECTIVO,$30.000,Andaríos,-
2413,1743,2026-02-25 23:23:56,8901,EFECTIVO,$51.000,Batará,-
2412,1742,2026-02-25 23:09:16,mesa 2 sand 100,EFECTIVO,$15.500,pago punto,-
2411,1741,2026-02-25 23:02:36,para llevar 2 sand,DAVIPLATA,$31.000,pago punto,-
2410,1740,2026-02-25 22:50:47,8072 domi,EFECTIVO,$2.000,verona,-
2409,1739,2026-02-25 22:47:36,para llaver pt3,NEQUI,$11.000,pago punto,-
2408,1738,2026-02-25 22:47:17,para llevar pt2,NEQUI,$11.000,pago punto,-
2407,1737,2026-02-25 22:46:45,juan ,EFECTIVO,$20.500,pago punto,-
2406,1736,2026-02-25 22:45:21,para llevar pt1,EFECTIVO,$11.000,pago punto,-
2405,1735,2026-02-25 22:44:40,8072,NEQUI,$23.000,verona,-
2404,1734,2026-02-25 22:31:34,mesa 1,EFECTIVO,$35.000,pago punto,-
2403,1733,2026-02-25 22:29:50,mesa 3,EFECTIVO,$27.500,pago punto,-
2402,1732,2026-02-25 22:09:26,carro blanco,DAVIPLATA,$34.000,pago punto,-
2401,1731,2026-02-25 22:08:07,para llevar doble,EFECTIVO,$16.000,pago punto,-
2400,1730,2026-02-25 21:56:56,mesa 5,NEQUI,$49.500,pago punto,-
2399,1729,2026-02-25 21:52:23,carro gris,NEQUI,$24.000,pago punto,-
2398,1728,2026-02-25 21:31:56,3353,NEQUI,$24.000,sie 2,-
2397,1727,2026-02-25 21:25:17,mesa 4,EFECTIVO,$32.000,pago punto,-
2396,1726,2026-02-25 21:19:29,para llevar sand,NEQUI,$12.000,para llevar,-
2395,1725,2026-02-25 21:10:26,3236,NEQUI,$24.000,Andaríos,-
2394,1724,2026-02-25 21:09:53,0676,NEQUI,$36.500,pasan,-
2393,1723,2026-02-25 20:40:35,deyver debe,DAVIPLATA,$16.000,pueblo,-
2392,1722,2026-02-25 20:38:21,deyver,NEQUI,$15.000,pueblo,-
2391,1721,2026-02-25 20:36:32,9076,EFECTIVO,$49.500,Portofino,-
2390,1720,2026-02-25 20:31:38,0381,NEQUI,$26.000,pueblo,-
2389,1719,2026-02-25 20:20:54,MESA 2 4589,EFECTIVO,$45.500,pago punto,-
2388,1718,2026-02-25 19:51:26,MESA 5 COMBO,NEQUI,$48.000,pago punto,-
2387,1717,2026-02-25 19:48:01,mesa 4 amigo servi,DAVIPLATA,$31.000,pago punto,-
2386,1716,2026-02-25 19:43:42,para llevar mixt,NEQUI,$33.500,pago punto,-
2385,1715,2026-02-25 19:41:23,anyelo,EFECTIVO,$49.000,pago punto,-
2384,1714,2026-02-25 19:39:51,5604,NEQUI,$4.500,Frontino,-
2383,1713,2026-02-25 19:39:30,5604,DAVIPLATA,$23.000,Frontino,-
2382,1712,2026-02-25 19:34:31,danna,EFECTIVO,$3.500,pago punto,-
2381,1711,2026-02-25 19:21:18,mesa fresa,EFECTIVO,$20.000,pago punto,-
2380,1710,2026-02-25 19:20:43,mesas fresas,NEQUI,$27.000,pago punto,-
2379,1709,2026-02-25 19:04:37,danna,NEQUI,$16.000,pago punto,-
2378,1708,2026-02-25 18:52:09,mesa 2 sand,EFECTIVO,$15.500,pago punto,-
2377,1707,2026-02-25 18:47:54,4085,NEQUI,$73.500,pasan,-
2376,1706,2026-02-25 18:43:39,9873,NEQUI,$27.000,pueblo cra 5,-
2375,1705,2026-02-25 18:40:34,mesa 5,NEQUI,$36.000,pago punto,-
2373,1703,2026-02-24 22:43:38,5266,NEQUI,$43.000,autodromo,-
2372,1702,2026-02-24 22:42:12,3529,EFECTIVO,$19.500,Sie 3,-
2371,1701,2026-02-24 22:41:34,llamada ,NEQUI,$12.000,bosques alizos,-
2370,1700,2026-02-24 22:40:17,mesa amigos |,NEQUI,$49.000,pago punto,-
2369,1699,2026-02-24 22:31:59,5135,EFECTIVO,$27.500,pasan,-
2368,1698,2026-02-24 22:14:52,dobles para llevar,EFECTIVO,$30.000,pago punto,-
2367,1697,2026-02-24 21:20:56,0271,NEQUI,$71.000,verona,-
2366,1696,2026-02-24 21:20:04,7209,NEQUI,$15.500,Andaríos,-
2365,1695,2026-02-24 21:19:41,5850,EFECTIVO,$24.000,Sie 1,-
2364,1694,2026-02-24 20:53:34,mesac 5 div ch,NEQUI,$9.000,pago punto,-
2363,1693,2026-02-24 20:52:56,mesa 5 div llevar,EFECTIVO,$12.000,pago punto,-
2362,1692,2026-02-24 20:49:44,danna,NEQUI,$11.000,pago punto,-
2361,1691,2026-02-24 20:48:41,wilmer,EFECTIVO,$15.000,pasan,-
2360,1690,2026-02-24 20:26:33,emerson,EFECTIVO,$12.000,pago punto,-
2359,1689,2026-02-24 20:16:35,punto,EFECTIVO,$78.000,pago punto,-
2358,1688,2026-02-24 20:10:50,1285,NEQUI,$14.500,veronica,-
2357,1687,2026-02-24 20:08:47,pasan mixtas 1pedido,NEQUI,$56.000,pasan,-
2356,1686,2026-02-24 20:02:20,3141,EFECTIVO,$29.000,pasan,-
2355,1685,2026-02-24 19:39:08,mesa familia grande,NEQUI,$142.500,pago punto,-
2354,1684,2026-02-24 19:30:00,6299,NEQUI,$48.000,-,-
2353,1683,2026-02-24 19:00:34,mesa 1,NEQUI,$32.000,pago punto,-
2352,1682,2026-02-24 18:59:29,mesa 5,EFECTIVO,$36.000,pago punto,-
2351,1681,2026-02-22 22:57:32,mesa ,EFECTIVO,$55.000,pago punto,-
2350,1680,2026-02-22 22:21:38,1154,NEQUI,$35.000,puertas sol 2,-
2349,1679,2026-02-22 22:19:56,4918,EFECTIVO,$27.500,para llevar,-
2348,1678,2026-02-22 22:19:05,2170,EFECTIVO,$24.000,asadero danny broster,-
2347,1677,2026-02-22 21:52:15,punto,EFECTIVO,$41.000,pago punto,-
2346,1676,2026-02-22 21:50:54,punto,NEQUI,$67.000,pago punto,-
2345,1675,2026-02-22 21:20:47,mesa 1,EFECTIVO,$49.500,pago punto,-
2344,1674,2026-02-22 21:18:15,8867,NEQUI,$24.000,Sie 2,-
2343,1673,2026-02-22 21:17:09,8089,NEQUI,$15.000,puertas sol 2,-
2341,1671,2026-02-22 20:55:25,mesa 5 ,DAVIPLATA,$35.000,pago punto,-
2340,1670,2026-02-22 20:45:23,mesa 2 ,NEQUI,$43.000,pago punto,-
2339,1669,2026-02-22 20:35:37,3714,NEQUI,$32.000,cc providecia,-
2338,1668,2026-02-22 20:34:19,4020,NEQUI,$34.000,Milano,-
2337,1667,2026-02-22 20:25:15,3125,NEQUI,$19.500,alamos,-
2336,1666,2026-02-22 20:23:58,8176,NEQUI,$100.000,sector tolima,-
2335,1665,2026-02-22 20:22:53,centrocomecial 360,EFECTIVO,$37.500,centrocomecial 360,-
2334,1664,2026-02-22 20:19:49,0785,NEQUI,$31.500,bosques arrayan,-
2333,1663,2026-02-22 20:18:46,4725,NEQUI,$16.000,Batará,-
2332,1662,2026-02-22 20:18:21,henry,EFECTIVO,$24.000,Batará,-
2331,1661,2026-02-22 19:58:33,mesa 3 mazorcada,EFECTIVO,$16.000,pago punto,-
2330,1660,2026-02-22 19:58:08,mesa 4 ,NEQUI,$8.000,pago punto,-
2329,1659,2026-02-22 19:57:40,mesa 5 comb doble,EFECTIVO,$23.500,pago punto,-
2328,1658,2026-02-22 19:56:30,mesa 4 chorri,NEQUI,$54.000,pago punto,-
2327,1657,2026-02-22 18:52:46,punto,EFECTIVO,$14.000,pago punto,-
2326,1656,2026-02-21 23:52:10,gasto de gaseossa,EFECTIVO,$-14.000,pago punto,-
2325,1655,2026-02-21 23:43:26,wilmer,EFECTIVO,$12.000,pasan,-
2324,1654,2026-02-21 23:42:51,4095,EFECTIVO,$30.000,bosques arrayan,-
2323,1653,2026-02-21 23:41:52,4733,NEQUI,$31.500,Tángara,-
2322,1652,2026-02-21 23:41:20,0337,NEQUI,$26.500,Sie 4,-
2321,1651,2026-02-21 23:40:11,1487,NEQUI,$24.000,Ibis,-
2320,1650,2026-02-21 23:39:02,1487,EFECTIVO,$14.000,tonel,-
2319,1649,2026-02-21 23:38:29,4784,NEQUI,$25.500,bosques arrayan,-
2318,1648,2026-02-21 23:37:59,9241,NEQUI,$39.000,Milano,-
2317,1647,2026-02-21 23:37:27,3386,NEQUI,$66.000,batara,-
2316,1646,2026-02-21 23:35:29,0015,NEQUI,$17.500,Frontino,-
2315,1645,2026-02-21 23:34:01,3788,NEQUI,$18.500,Frontino,-
2314,1644,2026-02-21 23:33:24,7700,EFECTIVO,$33.000,Amazilia,-
2313,1643,2026-02-21 23:32:02,mesa costillas,NEQUI,$19.000,pago punto,-
2312,1642,2026-02-21 23:31:46,mesa cost,DAVIPLATA,$19.000,pago punto,-
2311,1641,2026-02-21 23:30:49,mesas,EFECTIVO,$19.000,pago punto,-
2310,1640,2026-02-21 23:27:55,8172,NEQUI,$18.000,altamorada,-
2309,1639,2026-02-21 23:27:11,1710,NEQUI,$31.000,Frontino,-
2308,1638,2026-02-21 23:26:36,6871,NEQUI,$20.500,Aracari,-
2307,1637,2026-02-21 23:25:52,5761,EFECTIVO,$14.000,tonel,-
2306,1636,2026-02-21 23:25:05,7028,EFECTIVO,$18.500,teka,-
2305,1635,2026-02-21 23:24:16,emerson,EFECTIVO,$12.000,Batará,-
2304,1634,2026-02-21 23:23:47,6339,EFECTIVO,$11.000,tangara,-
2303,1633,2026-02-21 23:23:13,6134,NEQUI,$48.000,Milano,-
2302,1632,2026-02-21 23:22:32,mesa 5 familia,NEQUI,$70.500,pago punto,-
2301,1631,2026-02-21 23:22:06,6189,NEQUI,$31.500,Batará,-
2300,1630,2026-02-21 23:21:13,4199,EFECTIVO,$43.000,Amazilia,-
2299,1629,2026-02-21 23:16:20,mesa 5,NEQUI,$34.000,pago punto,-
2298,1628,2026-02-21 23:12:27,3050,NEQUI,$30.000,Olikos,-
2297,1627,2026-02-21 23:09:44,4715,EFECTIVO,$54.500,andarios,-
2296,1626,2026-02-21 23:03:24,4510,EFECTIVO,$88.000,TORRE 10,-
2295,1625,2026-02-21 23:01:32,MESA 1,EFECTIVO,$40.000,pago punto,-
2294,1624,2026-02-21 23:00:16,0274,EFECTIVO,$32.000,Sie 1,-
2293,1623,2026-02-21 22:59:24,5172,NEQUI,$24.000,bosques arrayan,-
2292,1622,2026-02-21 22:58:51,3867,EFECTIVO,$32.000,Aracari,-
2291,1621,2026-02-21 22:57:31,3774,NEQUI,$17.000,Sie 1,-
2290,1620,2026-02-21 22:44:35,MESA 100 MIL,NEQUI,$-15.000,pago punto,-
2289,1619,2026-02-21 22:44:10,MESA 100 MIL,EFECTIVO,$100.000,pago punto,-
2288,1618,2026-02-21 22:43:25,MESA 2,NEQUI,$43.500,pago punto,-
2287,1617,2026-02-21 22:31:10,PUNTO,EFECTIVO,$25.000,-,-
2286,1616,2026-02-21 22:01:22,PUNTO,EFECTIVO,$31.000,-,-
2285,1615,2026-02-21 22:00:44,PUNTO,EFECTIVO,$12.000,pago punto,-
2284,1614,2026-02-21 21:55:37,MESA SAN ESOECIAL,NEQUI,$42.000,pago punto,-
2283,1613,2026-02-21 21:54:27,MESA 39MIL,EFECTIVO,$39.000,pago punto,-
2282,1612,2026-02-21 21:48:26,punto,NEQUI,$24.000,pago punto,-
2281,1611,2026-02-21 21:46:50,punto,DAVIPLATA,$72.000,pago punto,-
2280,1610,2026-02-21 21:43:53,punto,EFECTIVO,$12.000,pago punto,-
2279,1609,2026-02-21 21:41:45,punto,NEQUI,$69.000,pago punto,-
2278,1608,2026-02-21 21:39:29,punto,EFECTIVO,$15.000,pago punto,-
2277,1607,2026-02-21 21:37:54,punto,EFECTIVO,$16.000,pago punto,-
2276,1606,2026-02-21 21:37:10,punto,EFECTIVO,$94.000,pago punto,-
2275,1605,2026-02-21 20:56:58,punto,EFECTIVO,$12.000,-,-
2274,1604,2026-02-21 20:46:15,punto,EFECTIVO,$22.000,-,-
2273,1603,2026-02-21 20:35:28,costillas gorra,EFECTIVO,$18.000,pago punto,-
2272,1602,2026-02-21 20:34:12,mesa 5 ,EFECTIVO,$22.000,pago punto,-
2271,1601,2026-02-21 20:32:24,mesa 2 4726,EFECTIVO,$118.000,pago punto pasan,-
2270,1600,2026-02-21 20:29:40,mesa 1 ,EFECTIVO,$57.500,pago punto,-
2269,1599,2026-02-21 20:14:52,mesa 3 ,NEQUI,$27.500,pago punto,-
2268,1598,2026-02-21 20:11:37,mesa 4,EFECTIVO,$34.500,pago punto,-
2267,1597,2026-02-21 19:58:47,mesa 2 veicnitos,NEQUI,$14.000,pago punto,-
2266,1596,2026-02-21 19:36:33,Mesa 2,EFECTIVO,$27.500,-,-
2265,1595,2026-02-21 19:15:43,3568 para llevar,NEQUI|32500.0+EFECTIVO|1000.0,$33.500,pasan,-
2264,1594,2026-02-21 19:09:44,fresistas,EFECTIVO,$12.000,pago punto,-
2263,1593,2026-02-21 19:08:12,mesa 2 ,NEQUI,$32.500,pago punto,-
2262,1592,2026-02-21 19:05:04,mesa 1 cmb 2,EFECTIVO,$42.000,pago punto,-
2261,1591,2026-02-21 19:02:23,mesa sand,EFECTIVO,$15.500,pago punto,-
2260,1590,2026-02-21 18:41:54,para llevar doble esp,NEQUI,$31.500,pago punto,-
2259,1589,2026-02-21 18:24:46,mesa 2,EFECTIVO,$7.000,pago punto,-
2258,1588,2026-02-20 23:18:56,7429,NEQUI,$36.000,-,-
2257,1587,2026-02-20 23:17:52,8658,NEQUI,$32.000,-,-
2256,1586,2026-02-20 23:06:38,punto,NEQUI,$40.000,-,-
2255,1585,2026-02-20 22:53:44,punto,EFECTIVO,$55.000,pago punto,-
2254,1584,2026-02-20 22:49:14,para llevar ,EFECTIVO,$15.500,pago punto,-
2253,1583,2026-02-20 22:26:37,deyver,NEQUI,$9.500,pueblo casa deyver,-
2252,1582,2026-02-20 22:22:42,9477,NEQUI,$47.000,puertas sol 2,-
2251,1581,2026-02-20 22:21:32,para llevar mazo,EFECTIVO,$56.000,pago punto,-
2250,1580,2026-02-20 22:20:40,nativos,NEQUI,$22.000,pasan,-
2249,1579,2026-02-20 22:17:26,plata ayelo,EFECTIVO,$-12.000,pago punto,-
2248,1578,2026-02-20 22:15:33,9573,EFECTIVO,$17.000,pasan,-
2247,1577,2026-02-20 22:14:50,5743,NEQUI,$12.000,pasan,-
2246,1576,2026-02-20 22:11:58,5014,NEQUI,$35.000,Moreli,-
2245,1575,2026-02-20 22:07:43,0861,NEQUI,$24.000,Aracari,-
2244,1574,2026-02-20 22:06:35,1927,EFECTIVO,$47.500,Tángara,-
2243,1573,2026-02-20 22:05:41,4020,NEQUI,$52.000,Torre de San Juan 5B,-
2242,1572,2026-02-20 21:54:58,3529,EFECTIVO,$25.000,Sie 3,-
2241,1571,2026-02-20 21:54:14,5850,NEQUI,$22.000,Sie 1,-
2240,1570,2026-02-20 21:49:59,mesa 3 combo 3,DAVIPLATA,$66.500,pago punto,-
2239,1569,2026-02-20 21:48:56,amigo anyelo,DAVIPLATA,$33.500,pago punto,-
2238,1568,2026-02-20 21:47:40,5266,NEQUI,$63.000,Amazilia,-
2237,1567,2026-02-20 21:45:56,6840,DAVIPLATA,$159.000,Tángara,-
2236,1566,2026-02-20 21:44:38,3050,NEQUI,$20.000,olivos,-
2235,1565,2026-02-20 21:42:00,5743,NEQUI,$24.000,Sie 1,-
2234,1564,2026-02-20 21:41:17,9241,NEQUI,$42.000,reja negra,-
2233,1563,2026-02-20 21:38:19,4512,EFECTIVO,$19.500,Batará,-
2232,1562,2026-02-20 21:20:28,PUNTO,NEQUI,$26.000,pago punto,-
2231,1561,2026-02-20 21:07:42,milton cacha,DAVIPLATA,$43.500,pago punto,-
2230,1560,2026-02-20 20:45:44,MESA PARA  LLEVAR,NEQUI,$31.500,pago punto,-
2229,1559,2026-02-20 20:33:55,PUNTO,NEQUI,$47.000,pago punto,-
2228,1558,2026-02-20 20:22:02,8051,NEQUI,$95.500,Amazilia,-
2227,1557,2026-02-20 20:17:55,MESA 2 PSOC 2,NEQUI,$41.500,pago punto,-
2226,1556,2026-02-20 20:07:37,PUNTO,NEQUI,$31.000,pago punto,-
2225,1555,2026-02-20 20:06:30,PUNTO,EFECTIVO,$42.000,pago punto,-
2224,1554,2026-02-20 19:56:10,PUNTO,NEQUI,$17.500,pago punto,-
2223,1553,2026-02-20 19:37:51,PUNTO,NEQUI|50000.0+EFECTIVO|4000.0,$54.000,pago punto,-
2222,1552,2026-02-20 19:32:11,PUNTO,NEQUI,$37.500,pago punto,-
2221,1551,2026-02-20 19:29:38,MESA 4,NEQUI,$56.000,pago punto,-
2220,1550,2026-02-20 19:17:33,PUNTO,EFECTIVO,$37.000,pago punto,-
2219,1549,2026-02-20 18:50:13,DANNA,NEQUI,$21.500,pago punto,-
2218,1548,2026-02-20 18:48:33,PUNTO,DAVIPLATA,$35.500,pago punto,-
2217,1547,2026-02-19 22:33:53,muchacho corona,NEQUI,$15.500,pago punto,-
2216,1546,2026-02-19 22:32:32,punto,EFECTIVO,$35.000,pago punto,-
2215,1545,2026-02-19 22:28:10,5642,NEQUI,$16.000,-,-
2214,1544,2026-02-19 22:05:44,wilmer taxi,EFECTIVO,$10.500,pasan,-
2213,1543,2026-02-19 22:04:41,4020,NEQUI,$25.500,Milano,-
2212,1542,2026-02-19 22:02:55,4947,NEQUI,$16.000,Batará,-
2211,1541,2026-02-19 22:02:25,sand para llevar,NEQUI,$12.000,pago punto,-
2210,1540,2026-02-19 22:01:15,9851,EFECTIVO|25000.0+NEQUI|25000.0,$50.000,akora,-
2209,1539,2026-02-19 21:58:39,danna,NEQUI,$14.500,casa danna,-
2208,1538,2026-02-19 21:56:27,mesa 5 ,EFECTIVO,$12.000,pago punto,-
2207,1537,2026-02-19 21:55:42,mesa rockero,NEQUI,$34.500,pasan,-
2206,1536,2026-02-19 21:50:15,8901,EFECTIVO,$31.500,Sie 4,-
2205,1535,2026-02-19 21:48:32,0044,NEQUI,$16.000,pasan pago punto,-
2204,1534,2026-02-19 21:47:29,5839,NEQUI,$33.000,Frontino,-
2203,1533,2026-02-19 21:46:44,7115,NEQUI,$12.000,Sie 1,-
2202,1532,2026-02-19 21:45:54,7716,EFECTIVO,$18.000,olivos,-
2201,1531,2026-02-19 21:18:25,0561,DAVIPLATA,$26.000,teka,pager ayer
2200,1530,2026-02-19 21:04:25,punto,NEQUI,$48.500,pago punto,-
2199,1529,2026-02-19 20:55:48,punto,EFECTIVO,$26.500,pago punto,-
2198,1528,2026-02-19 20:50:11,punto,EFECTIVO,$28.000,pago punto,-
2197,1527,2026-02-19 20:49:33,punto,NEQUI,$32.000,pago punto,-
2196,1526,2026-02-19 20:41:14,punto,EFECTIVO,$37.000,pago punto,-
2195,1525,2026-02-19 20:40:37,punto,EFECTIVO,$35.500,pago punto,-
2194,1524,2026-02-19 20:07:13,punto,NEQUI,$39.500,pago punto,-
2193,1523,2026-02-19 20:01:51,punto,EFECTIVO,$24.000,pago punto,-
2192,1522,2026-02-19 19:08:40,punto venezolano,NEQUI,$30.000,-,-
2191,1521,2026-02-19 18:58:19,2134,NEQUI,$55.000,bosques arrayan,-
2190,1520,2026-02-19 18:56:53,0581,NEQUI,$15.500,Ibis,-
2189,1519,2026-02-18 23:59:23,danna,NEQUI,$42.000,-,-
2188,1518,2026-02-18 23:53:20,altamorada,NEQUI,$33.000,-,-
2187,1517,2026-02-18 23:52:32,0561,NEQUI,$26.000,-,-
2186,1516,2026-02-18 23:51:57,9071,NEQUI,$36.000,-,-
2185,1515,2026-02-18 23:50:33,5715,NEQUI,$12.000,-,-
2184,1514,2026-02-18 23:50:12,9070,EFECTIVO,$14.000,-,-
2183,1513,2026-02-18 23:49:43,8341,EFECTIVO,$15.500,-,-
2182,1512,2026-02-18 23:49:20,7146,NEQUI,$14.000,-,-
2181,1511,2026-02-18 23:48:18,8607,NEQUI,$12.000,-,-
2180,1510,2026-02-18 23:47:42,9848,NEQUI,$40.000,-,-
2179,1509,2026-02-18 23:47:14,9047,EFECTIVO,$48.000,-,-
2178,1508,2026-02-18 23:46:47,9770,EFECTIVO,$21.000,-,-
2177,1507,2026-02-18 23:45:27,2817,EFECTIVO,$30.500,-,-
2176,1506,2026-02-18 23:44:40,0381,NEQUI,$67.000,-,-
2175,1505,2026-02-18 23:43:36,7002,NEQUI,$24.000,-,-
2174,1504,2026-02-18 23:43:16,carlos,NEQUI,$27.000,-,-
2173,1503,2026-02-18 23:42:02,deyver,NEQUI,$28.000,-,-
2172,1502,2026-02-18 23:41:07,5850,NEQUI,$24.000,-,-
2171,1501,2026-02-18 23:39:54,6299,NEQUI,$32.000,-,-
2170,1500,2026-02-18 22:54:48,punto,EFECTIVO,$11.000,pago punto,-
2169,1499,2026-02-18 22:30:57,punto,NEQUI,$31.000,-,-
2168,1498,2026-02-18 22:17:20,punto,EFECTIVO,$62.000,-,-
2167,1497,2026-02-18 22:02:18,punto,EFECTIVO,$64.500,-,-
2166,1496,2026-02-18 21:51:51,punto,NEQUI,$32.000,-,-
2165,1495,2026-02-18 21:16:49,punto,EFECTIVO,$43.000,-,-
2164,1494,2026-02-18 21:08:46,punto,NEQUI,$68.000,-,-
2163,1493,2026-02-18 20:57:54,punto,EFECTIVO,$24.000,-,-
2162,1492,2026-02-18 20:26:17,punto,EFECTIVO,$11.000,-,-
2161,1491,2026-02-18 20:16:20,punto ,EFECTIVO,$29.500,-,-
2160,1490,2026-02-18 20:06:46,punto,EFECTIVO,$22.000,-,-
2159,1489,2026-02-18 19:47:47,punto,EFECTIVO,$12.000,-,-
2158,1488,2026-02-18 19:27:34,punto,NEQUI,$6.500,-,-
2157,1487,2026-02-18 19:17:23,punto,NEQUI,$34.000,-,-
2156,1486,2026-02-18 18:52:51,emerson,EFECTIVO,$15.500,-,-
2155,1485,2026-02-17 23:20:04,0516,NEQUI,$12.000,-,-
2154,1484,2026-02-17 23:19:49,aracari 3867,NEQUI,$28.000,-,-
2153,1483,2026-02-17 23:19:21,carro blamco ,EFECTIVO,$39.000,-,-
2152,1482,2026-02-17 23:18:49,johan ,NEQUI,$30.500,-,-
2151,1481,2026-02-17 23:18:32,2681,NEQUI,$12.000,-,-
2150,1480,2026-02-17 23:17:51,7360,NEQUI,$12.000,-,-
2149,1479,2026-02-17 23:16:58,wilmer,NEQUI,$14.500,-,-
2148,1478,2026-02-17 23:16:31,wilmer,EFECTIVO,$12.000,-,-
2147,1477,2026-02-17 23:15:26,sie4,EFECTIVO,$19.500,-,-
2146,1476,2026-02-17 23:14:53,milao,NEQUI,$42.000,-,-
2145,1475,2026-02-17 23:14:07,duque,NEQUI,$31.000,-,-
2144,1474,2026-02-17 23:13:30,5785,EFECTIVO,$12.000,-,-
2143,1473,2026-02-17 23:12:55,6871,NEQUI,$31.000,-,-
2142,1472,2026-02-17 23:12:17,1223,NEQUI,$38.000,-,-
2141,1471,2026-02-17 23:11:52,7831,NEQUI,$25.000,-,-
2140,1470,2026-02-17 23:10:58,5014,NEQUI,$34.000,-,-
2139,1469,2026-02-17 23:10:00,6429,NEQUI,$16.000,-,-
2138,1468,2026-02-17 23:09:22,7321,NEQUI,$24.000,-,-
2137,1467,2026-02-17 23:08:28,danna ,EFECTIVO,$50.000,-,-
2136,1466,2026-02-17 23:06:43,punto,EFECTIVO,$27.000,pago punto,-
2135,1465,2026-02-17 21:21:24,punto,EFECTIVO,$31.500,pago punto,-
2134,1464,2026-02-17 21:08:13,punto,NEQUI,$43.000,pago punto,-
2133,1463,2026-02-17 20:51:53,punto,NEQUI,$15.500,pago punto,-
2132,1462,2026-02-17 20:26:52,punto,EFECTIVO,$53.000,pago punto,-
2131,1461,2026-02-17 20:02:55,punto,EFECTIVO,$40.500,pago punto,-
2130,1460,2026-02-17 19:56:26,punto,NEQUI,$34.000,pago punto,-
2129,1459,2026-02-17 19:27:18,punto,EFECTIVO,$30.500,pago punto,-
2128,1458,2026-02-17 19:15:41,punto,EFECTIVO,$16.000,pago punto,-
2127,1457,2026-02-17 19:08:02,punto,NEQUI,$19.000,pago punto,-
2126,1456,2026-02-16 21:55:54,muchacho,NEQUI,$16.000,-,-
2125,1455,2026-02-16 21:55:26,batara,NEQUI,$24.500,-,-
2124,1454,2026-02-16 21:54:32,8085,NEQUI,$21.500,-,-
2123,1453,2026-02-16 21:53:20,teka  5797,EFECTIVO,$18.000,-,-
2122,1452,2026-02-16 21:52:03,500000,EFECTIVO,$48.000,-,-
2121,1451,2026-02-16 21:51:23,3867,NEQUI,$22.000,-,-
2120,1450,2026-02-16 21:46:10,7028,EFECTIVO,$18.000,-,-
2119,1449,2026-02-16 21:45:01,1910,DAVIPLATA,$23.000,-,-
2118,1448,2026-02-16 21:42:47,1198,NEQUI,$16.000,-,-
2117,1447,2026-02-16 21:40:48,gordito,NEQUI,$36.500,-,-
2116,1446,2026-02-16 21:39:32,batara,EFECTIVO,$19.500,-,-
2115,1445,2026-02-16 21:38:14,danna,EFECTIVO,$20.000,-,-
2114,1444,2026-02-16 21:35:31,punto,NEQUI,$46.000,pago punto,-
2113,1443,2026-02-16 21:23:12,punto,NEQUI,$12.000,pago punto,-
2112,1442,2026-02-16 21:22:48,punto,EFECTIVO,$48.000,pago punto,-
2111,1441,2026-02-16 21:18:47,vecina,NEQUI,$68.500,-,-
2110,1440,2026-02-16 21:06:54,punto,EFECTIVO,$42.000,pago punto,-
2109,1439,2026-02-16 21:05:38,punto,EFECTIVO,$38.000,pago punto,-
2108,1438,2026-02-16 20:26:42,deyver,EFECTIVO,$15.500,pago punto,-
2107,1437,2026-02-16 20:15:42,punto,NEQUI,$76.500,pago punto,-
2106,1436,2026-02-16 20:13:44,punto,NEQUI,$46.000,pago punto,-
2105,1435,2026-02-16 20:06:18,punto,NEQUI,$49.500,pago punto,-
2104,1434,2026-02-16 20:01:31,punto,EFECTIVO,$16.000,pago punto,-
2103,1433,2026-02-16 19:34:04,familia,EFECTIVO,$47.000,pago punto,-
2102,1432,2026-02-16 19:30:03,pasan a recibir 0100,NEQUI,$50.500,pago punto,-
2101,1431,2026-02-16 19:21:41,punto,NEQUI,$42.500,pago punto,-
2100,1430,2026-02-16 19:07:55,punto,EFECTIVO,$12.000,pago punto,-
2099,1429,2026-02-16 19:06:03,punto,NEQUI,$12.000,pago punto,-
2098,1428,2026-02-16 19:05:17,punto,NEQUI,$11.000,pago punto,-
2097,1427,2026-02-15 22:55:57,negrita,EFECTIVO,$24.000,-,-
2096,1426,2026-02-15 22:41:53,ibiz,EFECTIVO,$48.000,-,-
2095,1425,2026-02-15 22:37:56,punto,NEQUI,$31.000,pago punto,-
2094,1424,2026-02-15 22:23:37,vigilante,NEQUI,$12.000,-,-
2093,1423,2026-02-15 22:22:42,venti,EFECTIVO,$38.000,-,-
2092,1422,2026-02-15 22:22:07,9071,NEQUI,$25.000,-,-
2091,1421,2026-02-15 22:21:45,4683,DAVIPLATA,$19.000,-,-
2090,1420,2026-02-15 22:20:55,4352,NEQUI,$32.000,-,-
2089,1419,2026-02-15 22:19:52,6404,NEQUI,$38.000,-,-
2088,1418,2026-02-15 22:19:32,0516,EFECTIVO,$21.000,-,-
2087,1417,2026-02-15 22:18:53,16204,NEQUI,$12.000,-,-
2086,1416,2026-02-15 22:18:24,9241,DAVIPLATA,$19.500,-,-
2085,1415,2026-02-15 22:17:51,7892,NEQUI,$48.000,-,-
2084,1414,2026-02-15 22:17:12,8793,NEQUI,$40.000,-,-
2083,1413,2026-02-15 22:15:55,2658,NEQUI,$19.000,-,-
2082,1412,2026-02-15 22:15:06,0683,NEQUI,$12.000,-,-
2081,1411,2026-02-15 22:14:45,2333,NEQUI,$48.000,-,-
2080,1410,2026-02-15 22:14:24,cuchito,EFECTIVO,$11.000,-,-
2079,1409,2026-02-15 22:13:41,0271,NEQUI,$72.000,-,-
2078,1408,2026-02-15 22:11:38,6991,NEQUI,$16.000,-,-
2077,1407,2026-02-15 22:11:16,tocarinda,EFECTIVO,$51.000,-,-
2076,1406,2026-02-15 21:45:07,punto,EFECTIVO,$15.500,pago punto,-
2075,1405,2026-02-15 21:06:13,danna,EFECTIVO,$38.000,pago punto,-
2074,1404,2026-02-15 21:04:37,punto,EFECTIVO,$69.000,pago punto,-
2073,1403,2026-02-15 20:55:17,punto,DAVIPLATA,$66.500,pago punto,-
2072,1402,2026-02-15 20:46:44,punto,EFECTIVO,$175.000,-,-
2071,1401,2026-02-15 20:45:28,punto ,EFECTIVO,$38.000,-,-
2070,1400,2026-02-15 20:08:55,punto,NEQUI,$27.000,-,-
2069,1399,2026-02-15 19:43:08,punto,EFECTIVO,$19.000,pago punto,-
2068,1398,2026-02-15 19:35:35,punto,NEQUI,$27.000,-,-
2067,1397,2026-02-15 19:32:36,punto,EFECTIVO,$16.000,pago punto,-
2066,1396,2026-02-15 19:27:36,pago punto,NEQUI,$14.000,pago punto,-
2065,1395,2026-02-15 19:25:00,pago punto,EFECTIVO,$29.000,pago punto,-
2064,1394,2026-02-15 19:21:52,punto,NEQUI,$26.500,-,-
2063,1393,2026-02-15 18:49:47,punto,NEQUI,$24.000,-,-
2062,1392,2026-02-14 23:46:48,barberia,DAVIPLATA,$41.500,-,-
2061,1391,2026-02-14 23:46:21,60000,EFECTIVO,$55.000,-,-
2060,1390,2026-02-14 23:45:22,5137,EFECTIVO,$50.000,-,-
2059,1389,2026-02-14 23:44:48,8764,EFECTIVO,$24.000,-,-
2058,1388,2026-02-14 23:44:12,6286,EFECTIVO,$11.000,-,-
2057,1387,2026-02-14 23:43:30,tonel,EFECTIVO,$26.000,-,-
2056,1386,2026-02-14 23:43:02,0730,EFECTIVO,$44.500,-,-
2055,1385,2026-02-14 23:42:34,2216 costeñita,NEQUI,$33.000,-,-
2054,1384,2026-02-14 23:42:05,360,EFECTIVO,$12.000,-,-
2053,1383,2026-02-14 23:41:42,9091,NEQUI,$55.500,-,-
2052,1382,2026-02-14 23:39:30,3788,NEQUI,$45.500,-,-
2051,1381,2026-02-14 23:37:13,3774,NEQUI,$17.000,-,-
2050,1380,2026-02-14 23:36:45,7801,DAVIPLATA,$29.000,-,-
2049,1379,2026-02-14 23:35:25,7740,NEQUI,$48.500,-,-
2048,1378,2026-02-14 23:34:39,3524,EFECTIVO,$24.000,-,-
2047,1377,2026-02-14 23:34:00,4784,NEQUI,$32.500,-,-
2046,1376,2026-02-14 23:33:34,4510,EFECTIVO,$76.000,-,-
2045,1375,2026-02-14 23:32:58,7561,NEQUI,$31.000,-,-
2044,1374,2026-02-14 23:31:08,felicia ,DAVIPLATA,$46.000,-,-
2043,1373,2026-02-14 23:30:18,1776,NEQUI,$10.000,-,-
2042,1372,2026-02-14 23:29:52,4839,NEQUI,$45.500,-,-
2041,1371,2026-02-14 23:29:10,7731,EFECTIVO,$12.000,-,-
2040,1370,2026-02-14 23:27:58,elsa,NEQUI,$46.000,-,-
2039,1369,2026-02-14 23:27:27,4656,EFECTIVO,$42.000,-,-
2038,1368,2026-02-14 23:26:34,5266,NEQUI,$22.000,-,-
2037,1367,2026-02-14 23:24:13,3728,NEQUI,$43.000,-,-
2036,1366,2026-02-14 23:00:10,juan,EFECTIVO|4500.0+NEQUI|11000.0,$15.500,pago punto,-
2035,1365,2026-02-14 22:39:08,punto ,DAVIPLATA,$15.500,-,-
2034,1364,2026-02-14 22:38:27,punto ,NEQUI,$33.000,-,-
2033,1363,2026-02-14 22:37:13,punto ,NEQUI,$28.000,-,-
2032,1362,2026-02-14 22:36:48,punto,EFECTIVO,$12.000,-,-
2031,1361,2026-02-14 22:33:38,pago punto,EFECTIVO,$66.500,pago punto,-
2030,1360,2026-02-14 22:02:55,punto,NEQUI,$15.500,-,-
2029,1359,2026-02-14 21:52:12,punto ,EFECTIVO,$15.500,-,-
2028,1358,2026-02-14 21:42:47,juan,EFECTIVO,$12.000,-,-
2027,1357,2026-02-14 21:38:15,punto ,EFECTIVO,$43.000,-,-
2026,1356,2026-02-14 21:24:07,veci can,NEQUI,$29.000,pago punto,-
2025,1355,2026-02-14 21:02:27,punto ,NEQUI,$27.500,-,-
2024,1354,2026-02-14 20:58:31,punto,EFECTIVO,$51.000,-,-
2023,1353,2026-02-14 20:57:36,punto,EFECTIVO,$41.000,-,-
2022,1352,2026-02-14 20:51:42,punto,EFECTIVO,$19.000,-,-
2021,1351,2026-02-14 20:49:09,punto ,EFECTIVO,$43.500,-,-
2020,1350,2026-02-14 20:48:02,punto,NEQUI,$39.500,-,-
2019,1349,2026-02-14 20:43:45,pago punto,NEQUI,$47.000,pago punto,-
2018,1348,2026-02-14 20:40:45,punto,EFECTIVO,$32.000,-,-
2017,1347,2026-02-14 20:38:16,punto ,EFECTIVO,$25.500,-,-
2016,1346,2026-02-14 20:29:55,punto,NEQUI,$60.000,-,-
2015,1345,2026-02-14 20:08:37,pago punto,EFECTIVO,$19.500,pago punto,-
2014,1344,2026-02-14 20:07:10,pago punto,EFECTIVO,$55.000,pago punto,-
2013,1343,2026-02-14 20:05:50,pago punto,EFECTIVO,$39.000,pago punto,-
2012,1342,2026-02-14 20:05:07,punto,NEQUI,$54.500,-,-
2011,1341,2026-02-14 20:00:11,punto,NEQUI,$49.500,-,-
2010,1340,2026-02-14 19:52:59,punto,EFECTIVO,$14.500,-,-
2009,1339,2026-02-14 19:45:22,punto ,EFECTIVO,$54.000,-,-
2008,1338,2026-02-14 19:27:23,punto,EFECTIVO,$90.500,-,-
2007,1337,2026-02-14 19:22:15,punto,EFECTIVO,$16.000,-,-
2006,1336,2026-02-14 19:15:42,punto,NEQUI,$6.500,-,-
2005,1335,2026-02-14 18:53:31,punto ,EFECTIVO,$12.000,-,-
2004,1334,2026-02-14 18:52:33,punto,EFECTIVO,$29.000,-,-
2003,1333,2026-02-14 18:44:40,punto,EFECTIVO,$24.000,pago punto,-
2002,1332,2026-02-13 23:23:22,cliente risueño,NEQUI,$17.000,-,-
2001,1331,2026-02-13 23:21:29,8737,NEQUI,$32.000,-,-
2000,1330,2026-02-13 23:20:13,ibiz,NEQUI,$25.500,-,-
1999,1329,2026-02-13 22:34:18,robinson,NEQUI,$16.000,-,-
1998,1328,2026-02-13 22:29:48,1349,NEQUI,$27.500,-,-
1997,1327,2026-02-13 22:29:21,ibiz ,NEQUI,$56.000,-,-
1996,1326,2026-02-13 22:28:10,4523,EFECTIVO,$12.000,-,-
1995,1325,2026-02-13 22:27:30,6435,NEQUI,$49.000,-,-
1994,1324,2026-02-13 22:26:53,jonathan,NEQUI,$11.000,-,-
1993,1323,2026-02-13 22:26:31,danna,EFECTIVO,$11.000,-,-
1992,1322,2026-02-13 22:25:33,0516,NEQUI,$31.000,-,-
1991,1321,2026-02-13 22:25:01,2329,EFECTIVO,$22.000,-,-
1990,1320,2026-02-13 22:24:25,7908,NEQUI,$15.000,-,-
1989,1319,2026-02-13 22:23:38,0573 tostao,NEQUI,$21.000,-,-
1988,1318,2026-02-13 22:22:53,4241,NEQUI,$51.000,-,-
1987,1317,2026-02-13 22:22:04,7115,NEQUI,$24.000,-,-
1986,1316,2026-02-13 22:21:32,elsa,NEQUI,$25.000,-,-
1985,1315,2026-02-13 22:20:13,5523,NEQUI,$24.000,-,-
1984,1314,2026-02-13 22:19:37,5014,NEQUI,$39.000,-,-
1983,1313,2026-02-13 22:18:57,9080,NEQUI,$27.000,-,-
1982,1312,2026-02-13 22:18:17,0745,EFECTIVO,$12.000,-,-
1981,1311,2026-02-13 22:17:36,6945,NEQUI,$35.000,-,-
1980,1310,2026-02-13 22:16:17,8414,NEQUI,$28.500,-,-
1979,1309,2026-02-13 21:46:28,pareja moto ,NEQUI,$35.000,pago punto,-
1978,1308,2026-02-13 21:45:38,pareja gay,NEQUI,$44.000,pago punto,-
1977,1307,2026-02-13 21:28:55,punto,NEQUI,$31.000,-,-
1976,1306,2026-02-13 21:26:09,punto,EFECTIVO,$11.000,-,-
1975,1305,2026-02-13 21:25:38,punto,EFECTIVO,$25.500,-,-
1974,1304,2026-02-13 21:19:18,punto,NEQUI,$49.500,-,-
1973,1303,2026-02-13 21:15:09,punto,DAVIPLATA,$36.000,-,-
1972,1302,2026-02-13 21:01:40,punto,EFECTIVO,$12.000,-,-
1971,1301,2026-02-13 20:59:37,punto,NEQUI,$42.000,-,-
1970,1300,2026-02-13 20:59:12,punto ,NEQUI,$55.000,-,-
1969,1299,2026-02-13 20:50:59,punto,NEQUI,$36.000,-,-
1968,1298,2026-02-13 20:48:31,chica audifonos mesa esquina,NEQUI,$19.500,pago punto,-
1967,1297,2026-02-13 20:24:40,punto,EFECTIVO,$31.000,-,-
1966,1296,2026-02-13 20:14:22,punto,DAVIPLATA,$32.000,-,-
1965,1295,2026-02-13 19:48:23,moto,NEQUI,$27.000,-,-
1964,1294,2026-02-13 19:46:23,punto,EFECTIVO,$12.000,-,-
1963,1293,2026-02-13 19:18:13,jeferson,EFECTIVO,$9.000,-,-
1962,1292,2026-02-13 19:07:18,gafas,EFECTIVO,$12.000,-,-
1961,1291,2026-02-13 18:47:47,señora,EFECTIVO,$15.500,-,-
1960,1290,2026-02-12 22:05:53,pareja,EFECTIVO,$22.000,-,-
1959,1289,2026-02-12 21:59:11,alta morada,NEQUI,$24.000,-,-
1958,1288,2026-02-12 21:41:55,chica gatos,NEQUI,$60.000,-,-
1957,1287,2026-02-12 21:41:10,aracary,NEQUI,$35.000,-,-
1956,1286,2026-02-12 21:39:44,5389,NEQUI,$20.500,-,-
1955,1285,2026-02-12 21:39:10,arrayanes,EFECTIVO,$23.000,-,-
1954,1284,2026-02-12 21:38:21,9241,NEQUI,$42.000,-,-
1953,1283,2026-02-12 21:37:31,pizzeria,EFECTIVO,$23.000,-,-
1952,1282,2026-02-12 21:36:52,360,NEQUI,$39.000,16 n 23 davi,-
1951,1281,2026-02-12 21:35:01,0606,EFECTIVO,$57.000,-,-
1950,1280,2026-02-12 21:33:49,olivos,NEQUI,$18.000,-,-
1949,1279,2026-02-12 21:33:05,veci sie 1,NEQUI,$23.000,-,-
1948,1278,2026-02-12 21:32:27,paradaise,EFECTIVO,$18.500,-,-
1947,1277,2026-02-12 21:31:34,emerson,EFECTIVO,$12.000,-,-
1946,1276,2026-02-12 21:30:06,danna,NEQUI,$12.000,-,-
1945,1275,2026-02-12 21:27:35,pareja mesa esquina ,DAVIPLATA,$49.000,pago punto,-
1944,1274,2026-02-12 21:04:18,amigo sandoval,EFECTIVO,$26.000,pago punto,-
1943,1273,2026-02-12 20:41:48,milton ,DAVIPLATA,$27.500,pago punto,-
1942,1272,2026-02-12 20:40:34,señora crespa,DAVIPLATA,$31.500,pago punto,-
1941,1271,2026-02-12 20:38:49,pareja mea centro,NEQUI,$39.500,pago punto,-
1940,1270,2026-02-12 20:08:02,familia,NEQUI,$46.000,pago punto,-
1939,1269,2026-02-12 19:29:25,chico sie 1,NEQUI,$23.000,pago punto,-
1938,1268,2026-02-12 18:39:47,clienta ebel,EFECTIVO,$12.000,pago punto,-
1937,1267,2026-02-10 22:45:22,gafas,EFECTIVO,$19.500,-,-
1936,1266,2026-02-10 22:43:25,pareja,NEQUI,$27.500,-,-
1935,1265,2026-02-10 22:42:38,sie 1,EFECTIVO,$12.000,-,-
1934,1264,2026-02-10 22:42:08,3867,EFECTIVO,$32.000,-,-
1933,1263,2026-02-10 22:40:58,4624,NEQUI,$46.000,-,-
1932,1262,2026-02-10 22:40:26,2669,NEQUI,$19.000,-,-
1931,1261,2026-02-10 22:39:36,9873,EFECTIVO,$15.000,-,-
1930,1260,2026-02-10 22:36:46,0577,NEQUI,$23.000,-,-
1929,1259,2026-02-10 22:34:43,chicos tonel,EFECTIVO,$31.500,pago punto,-
1928,1258,2026-02-10 22:22:25,señor mesa centro,EFECTIVO,$19.500,pago punto,-
1927,1257,2026-02-10 22:02:59,pareja agua ,NEQUI,$42.500,-,-
1926,1256,2026-02-10 21:24:08,gafitas perro,EFECTIVO,$30.500,-,-
1925,1255,2026-02-10 21:04:40,camilo skate  ,NEQUI,$28.500,-,-
1924,1254,2026-02-10 20:39:10,pareja gay,NEQUI,$15.500,pago punto,-
1923,1253,2026-02-10 20:37:33,pareja,EFECTIVO,$7.000,pago punto,-
1922,1252,2026-02-10 19:56:52,gordito,NEQUI,$46.500,-,-
1921,1251,2026-02-10 19:53:25,pareja mesa 6,NEQUI,$45.000,pago punto,-
1920,1250,2026-02-10 19:50:40,amigos mesa esquina,NEQUI,$59.000,pago punto,-
1919,1249,2026-02-10 19:44:55,pareja,NEQUI,$31.500,-,-
1918,1248,2026-02-10 19:22:17,don jaime,NEQUI,$67.000,pago punto,-
1917,1247,2026-02-10 19:20:43,wilmer taxi,EFECTIVO,$17.000,pago punto,-
1916,1246,2026-02-10 19:09:09,lesbianitas,EFECTIVO,$28.000,pago punto,-
1915,1245,2026-02-09 23:08:54,4771,EFECTIVO,$24.000,carrilera,-
1914,1244,2026-02-09 23:05:53,5513,NEQUI|32000.0+EFECTIVO|32000.0,$64.000,Torre de San Juan 32B,-
1913,1243,2026-02-09 23:04:56,7969,EFECTIVO,$16.000,Sie 1,-
1912,1242,2026-02-09 23:00:43,7700,NEQUI,$16.500,Amazilia,-
1911,1241,2026-02-09 22:59:32,7341,NEQUI,$31.000,Para llevar,-
1910,1240,2026-02-09 22:58:03,PARA LLEVAR 2 ESPECIALES ,NEQUI,$41.000,pago punto,-
1909,1239,2026-02-09 22:47:31,mesa 5 esp y pech,EFECTIVO,$30.000,pago punto,-
1908,1238,2026-02-09 21:27:53,mesa 2,EFECTIVO,$31.000,pago punto,-
1907,1237,2026-02-09 20:42:06,mesa 2 recomendado,EFECTIVO,$31.000,pago punto,-
1906,1236,2026-02-09 20:41:37,sand pasan,EFECTIVO,$36.000,pago punto,-
1905,1235,2026-02-09 20:18:03,3481,NEQUI,$18.000,pueblo ubicacion,-
1904,1234,2026-02-09 20:04:42,MESA 3 PARCE,EFECTIVO,$35.000,pago punto,-
1903,1233,2026-02-09 19:50:14,8294,NEQUI,$14.000,Capri,-
1902,1232,2026-02-09 19:40:27,MESA 7 TW,EFECTIVO,$12.000,pago punto,-
1901,1231,2026-02-09 19:23:36,0332,NEQUI|11400.0+EFECTIVO|600.0,$12.000,Amazilia,-
1900,1230,2026-02-09 19:21:47,8341,NEQUI,$15.500,Milano reja,-
1899,1229,2026-02-08 22:01:59,4640,NEQUI,$28.000,sie 2,-
1898,1228,2026-02-08 21:49:03,8306,NEQUI,$47.000,san javier 35,-
1897,1227,2026-02-08 21:47:53,00 ivan altamorada,NEQUI,$32.000,altamorada,-
1896,1226,2026-02-08 21:46:51,00 altamorada,NEQUI,$41.000,altamorada,-
1895,1225,2026-02-08 21:24:12,MESA 3 JUNTAS FAMILIA,NEQUI,$74.000,pago punto,-
1894,1224,2026-02-08 21:04:16,00 canavita,NEQUI,$28.000,canavita,-
1893,1223,2026-02-08 21:03:05,00 danna,NEQUI,$15.500,casa danna,-
1892,1222,2026-02-08 21:02:07,1069,NEQUI,$17.500,Batará,-
1891,1221,2026-02-08 20:55:01,MESA 6 MUCHCHAS,EFECTIVO,$27.500,pago punto,-
1890,1220,2026-02-08 20:33:52,MESA 2 COMBO DIVI,NEQUI|25000.0+EFECTIVO|9000.0,$34.000,pago punto,-
1889,1219,2026-02-08 20:32:16,MESA 4 FAMILIA,EFECTIVO,$45.500,pago punto,-
1888,1218,2026-02-08 20:09:30,0337,EFECTIVO,$41.000,Sie 1,-
1887,1217,2026-02-08 20:04:52,2255,NEQUI,$34.000,Milano,-
1886,1216,2026-02-08 19:47:49,4725,EFECTIVO,$16.000,Batará,-
1885,1215,2026-02-08 19:46:34,3867,NEQUI,$16.000,Aracari,-
1884,1214,2026-02-08 19:45:19,2822,NEQUI,$35.000,Aracari,-
1883,1213,2026-02-08 19:42:03,mesa 3 combo y panze,EFECTIVO,$40.500,pago punto,-
1882,1212,2026-02-08 19:37:17,mesa 6 esp y ga,EFECTIVO,$14.500,pago punto,-
1881,1211,2026-02-08 19:35:51,4117,NEQUI,$27.500,tangara,-
1880,1210,2026-02-08 19:19:21,pareja pech divi,EFECTIVO,$12.000,pago punto,-
1879,1209,2026-02-08 19:09:44,mesa 2 maz y sand,EFECTIVO,$35.000,pago punto,-
1878,1208,2026-02-08 18:59:19,mesa 5 sand,DAVIPLATA,$15.000,pago punto,-
1877,1207,2026-02-08 18:39:41,tapa bocas,EFECTIVO,$-2.000,pago punto,-
1876,1206,2026-02-08 18:39:15,gasto pan sand,EFECTIVO,$-15.000,pago punto,-
1875,1205,2026-02-08 18:32:25,9795,DAVIPLATA,$36.000,altamorada,-
1874,1204,2026-02-07 23:40:18,ebel,DAVIPLATA,$238.000,ebel,-
1873,1203,2026-02-07 23:33:33,deyver deuda,NEQUI,$5.000,pueblo,-
1872,1202,2026-02-07 23:27:12,mesa 2 amigo anyelo,EFECTIVO,$59.000,pago punto,-
1871,1201,2026-02-07 23:02:06, lechuga y papas francesa,EFECTIVO,$-30.000,pago punto,-
1870,1200,2026-02-07 22:46:10,mesa 5 tia,EFECTIVO,$70.500,pago punto,-
1869,1199,2026-02-07 22:43:40,5014,NEQUI,$20.000,pasan pago punto,-
1868,1198,2026-02-07 22:27:39,7716,EFECTIVO,$35.000,olivos,-
1867,1197,2026-02-07 22:25:36,8176,EFECTIVO,$31.000,Hormiga,-
1866,1196,2026-02-07 22:23:43,9118,DAVIPLATA,$39.000,Jilguero,-
1865,1195,2026-02-07 21:56:54,SAN PARA LLEVAR,EFECTIVO,$32.500,pago punto,-
1864,1194,2026-02-07 21:55:36,9851,NEQUI,$51.000,CONJUNTO CORAL,-
1863,1193,2026-02-07 21:47:18,1082,NEQUI,$31.000,Batará,-
1862,1192,2026-02-07 21:45:26,toca 1,DAVIPLATA,$10.000,Sie 1,-
1861,1191,2026-02-07 21:43:14,wilmer,EFECTIVO,$15.500,pasan pago punto,-
1860,1190,2026-02-07 21:42:35,tonel,EFECTIVO,$14.000,tonel,-
1859,1189,2026-02-07 21:23:56,punto ,DAVIPLATA,$50.000,-,-
1858,1188,2026-02-07 21:17:18,0381,NEQUI,$41.000,puertas sol 1,-
1857,1187,2026-02-07 21:06:19,mesa 1 dobles,EFECTIVO,$39.000,pago punto,-
1856,1186,2026-02-07 21:01:05,mesa 5 amigos motociclista,NEQUI,$16.000,pago punto,-
1855,1185,2026-02-07 20:56:10,2981 falto mil,NEQUI,$21.500,Pizzeria,-
1854,1184,2026-02-07 20:54:32,4514,DAVIPLATA,$18.000,Frontino,-
1853,1183,2026-02-07 20:51:21,FAMILIA PUNTO ,EFECTIVO,$69.000,-,-
1852,1182,2026-02-07 20:41:39,8294,DAVIPLATA,$37.500,capry,-
1851,1181,2026-02-07 20:39:00,1800,NEQUI,$27.000,Jilguero,-
1850,1180,2026-02-07 20:34:50,hija de la mona,NEQUI,$41.000,pago punto,-
1849,1179,2026-02-07 20:19:20,papa e hijo,EFECTIVO,$30.500,pago punto,-
1848,1178,2026-02-07 20:17:12,3788,EFECTIVO,$72.000,Frontino,-
1847,1177,2026-02-07 20:15:05,8313,EFECTIVO,$24.000,tonel,-
1846,1176,2026-02-07 20:10:05,familia mesa centro,EFECTIVO,$62.000,pago punto,-
1845,1175,2026-02-07 19:58:00,8895,NEQUI,$27.000,andarios,-
1844,1174,2026-02-07 19:57:29,1255,EFECTIVO,$24.000,Amazilia,-
1843,1173,2026-02-07 19:42:41,3279,NEQUI,$44.000,Milano,-
1842,1172,2026-02-07 19:41:29,4624,NEQUI,$44.000,Sie 3,-
1841,1171,2026-02-07 19:33:22,2138,EFECTIVO,$12.000,Amazilia,-
1840,1170,2026-02-07 19:31:42,3830,EFECTIVO,$7.000,pasan carro,-
1839,1169,2026-02-07 19:16:00,1763,EFECTIVO,$35.500,altamorada 2,-
1838,1168,2026-02-07 19:15:15,3568,EFECTIVO,$36.000,Frontino,-
1837,1167,2026-02-07 19:09:24,Danna,NEQUI,$19.000,casa danna,-
1836,1166,2026-02-07 19:00:09,4683 pasan,NEQUI,$29.000,pasan pago punto,-
1835,1165,2026-02-07 18:57:09,6338,NEQUI,$14.500,tangara,-
1834,1164,2026-02-07 18:54:49,7115,NEQUI,$36.000,Sie 1,-
1833,1163,2026-02-07 18:45:24,4963,DAVIPLATA,$19.000,Milano,-
1832,1162,2026-02-06 23:25:33,3596,NEQUI,$22.500,puertas sol 2,-
1831,1161,2026-02-06 23:25:00,0276,NEQUI,$19.500,Sie 3,-
1830,1160,2026-02-06 23:24:34,8029,NEQUI,$22.000,Frontino,-
1829,1159,2026-02-06 23:23:52,5912,NEQUI,$20.000,tonel,-
1828,1158,2026-02-06 23:23:25,3236,NEQUI,$19.500,Andaríos,-
1827,1157,2026-02-06 23:22:43,6740,EFECTIVO,$12.000,bosques arrayan,-
1826,1156,2026-02-06 23:21:38,6189,DAVIPLATA,$20.500,Batará,-
1825,1155,2026-02-06 23:20:56,0044,NEQUI,$15.500,pasa pago punto,-
1824,1154,2026-02-06 23:20:29,7813,NEQUI|20000.0+EFECTIVO|3000.0,$23.000,portofino,-
1823,1153,2026-02-06 23:19:19,6798,EFECTIVO,$35.000,Frontino,-
1822,1152,2026-02-06 23:18:31,9873,EFECTIVO,$27.000,iglesia,-
1821,1151,2026-02-06 23:17:42,5007,EFECTIVO,$32.000,puertas sol 1,-
1820,1150,2026-02-06 23:16:47,toca 1,NEQUI,$33.000,sie 1,-
1819,1149,2026-02-06 23:16:18,2993,NEQUI,$16.000,Sie 1,-
1818,1148,2026-02-06 23:15:55,7831,DAVIPLATA,$23.000,pasan pago punto,-
1817,1147,2026-02-06 23:15:20,4426,NEQUI,$64.000,tangara,-
1816,1146,2026-02-06 23:13:17,8544,NEQUI,$31.000,tangara,-
1815,1145,2026-02-06 23:12:39,2259,DAVIPLATA,$28.000,tangara,-
1814,1144,2026-02-06 23:11:02,1762 falta 1 mil,NEQUI,$44.000,1762,-
1813,1143,2026-02-06 23:08:48,0581,NEQUI,$13.000,ibiz,-
1812,1142,2026-02-06 23:08:00,2770,NEQUI,$24.000,Milano,-
1811,1141,2026-02-06 23:07:28,1283 falta mil,NEQUI,$37.500,2 piso alfrente inds,-
1810,1140,2026-02-06 23:04:34,4352,EFECTIVO,$13.000,Sie 1,-
1809,1139,2026-02-06 23:03:28,4694,NEQUI|30000.0+EFECTIVO|3000.0,$33.000,Verona,-
1808,1138,2026-02-06 23:01:15,danna,NEQUI,$15.500,casa danna,-
1807,1137,2026-02-06 22:57:01,4321,EFECTIVO,$15.500,altamorada,-
1805,1135,2026-02-06 22:53:35,5024 bus,NEQUI,$22.500,bus sie 3,-
1804,1134,2026-02-06 22:51:39,0880,EFECTIVO,$63.000,Aracari,-
1803,1133,2026-02-06 22:49:43,cliente chia,DAVIPLATA,$24.000,pago punto,-
1802,1132,2026-02-06 21:43:12,hija politico,NEQUI,$63.000,pago punto,-
1801,1131,2026-02-06 21:36:49,mesa 2 pareja,NEQUI,$19.500,pago punto,-
1800,1130,2026-02-06 19:35:06,señor con hija,EFECTIVO,$27.500,pago punto,-
1799,1129,2026-02-06 19:29:45,5149 amigos pasan,NEQUI,$21.500,pago punto,-
1798,1128,2026-02-06 19:26:48,chaqueta colombia,NEQUI,$4.500,pago punto,-
1797,1127,2026-02-06 19:20:56,incha millos,NEQUI,$12.000,pago punto,-
1796,1126,2026-02-06 19:17:29,pareja ,NEQUI,$24.000,pago punto,-
1795,1125,2026-02-06 19:04:47,amigos mesa centro,NEQUI,$31.000,pago punto,-
1794,1124,2026-02-06 18:53:45,3568,NEQUI,$19.000,Frontino,-
1793,1123,2026-02-06 18:43:39,5905,NEQUI,$99.000,portofino,-
1792,1122,2026-02-06 18:41:54,9426,EFECTIVO,$22.000,la hormiga,-
1791,1121,2026-02-06 18:22:15,jeferson primo,EFECTIVO,$18.000,pago punto,-
1790,1120,2026-02-05 23:02:52,4512,EFECTIVO,$39.000,-,-
1789,1119,2026-02-05 22:36:55,1552,NEQUI,$33.000,puertas del sol 2,-
1788,1118,2026-02-05 22:35:43,5761,NEQUI,$29.000,Sie 2,-
1787,1117,2026-02-05 22:34:59,1595,EFECTIVO,$27.000,Sie 1,-
1786,1116,2026-02-05 22:34:34,7467,NEQUI,$54.000,Sie 2,-
1785,1115,2026-02-05 22:31:34,2401,NEQUI,$15.500,alfrente milano,-
1784,1114,2026-02-05 22:30:56,7456,NEQUI,$62.500,torres 32,-
1783,1113,2026-02-05 22:21:37,3050,NEQUI,$13.000,olivos,-
1782,1112,2026-02-05 22:20:56,5605,EFECTIVO,$24.000,Sie 1,-
1781,1111,2026-02-05 22:12:30,2000,EFECTIVO,$60.000,Amazilia,-
1780,1110,2026-02-05 22:11:30,4902,NEQUI,$30.500,altamorada,-
1779,1109,2026-02-05 22:10:07,0000 Danna,NEQUI,$15.500,casa danaa,-
1778,1108,2026-02-05 22:01:51,CARRO BLANCO,EFECTIVO,$59.000,pago punto,-
1777,1107,2026-02-05 21:51:45,DOBLE Y GASE,EFECTIVO,$19.500,pago punto,-
1776,1106,2026-02-05 21:51:10,mesa 3,NEQUI,$35.500,pago punto,-
1775,1105,2026-02-05 21:36:56,1800,NEQUI,$24.000,pago punto,-
1774,1104,2026-02-05 21:36:22,mesa 7 essquina derecha,EFECTIVO,$28.500,pago punto,-
1773,1103,2026-02-05 21:17:28,amigos mesa esquina,NEQUI,$38.500,pago punto,-
1772,1102,2026-02-05 21:09:45,Mesa 2,NEQUI,$39.000,pago punto,-
1771,1101,2026-02-05 20:22:27,Mesa 2,EFECTIVO,$15.500,pago punto,-
1770,1100,2026-02-05 20:19:32,PAREJA MESA DOBLE ,EFECTIVO,$10.000,pago punto,-
1769,1099,2026-02-05 19:52:31,PAREJA MESA 6,NEQUI,$30.500,pago punto,-
1768,1098,2026-02-05 19:44:31,7202,NEQUI,$24.000,pago punto,-
1767,1097,2026-02-05 19:42:20,SEÑOR MESA 3,EFECTIVO,$18.500,pago punto,-
1766,1096,2026-02-05 19:34:27,PAREJA ,NEQUI,$3.500,pago punto,-
1765,1095,2026-02-05 19:32:29,PAREJA  PANZE MAS COMBO,NEQUI,$32.000,pago punto,-
1764,1094,2026-02-05 19:19:07,PAREJA BEBE,EFECTIVO,$32.000,pago punto,-
1763,1093,2026-02-04 22:40:57,muchacho reco,EFECTIVO,$27.500,pago punto,-
1762,1092,2026-02-04 22:27:11,mesa 5 familia,NEQUI,$31.000,pago punto,-
1761,1091,2026-02-04 22:26:38,tonel ,NEQUI,$24.000,pago punto,-
1760,1090,2026-02-04 22:26:13,amigo mesa,NEQUI,$39.500,pago punto,-
1759,1089,2026-02-04 22:25:33,chicos mesa,NEQUI,$29.000,pago punto,-
1758,1088,2026-02-04 22:24:23,1901 deyver,EFECTIVO,$31.000,pueblo,-
1757,1087,2026-02-04 22:22:48,9076,NEQUI,$19.000,portofino,-
1756,1086,2026-02-04 22:21:57,0516,NEQUI,$9.000,al frente iglesia,-
1755,1085,2026-02-04 22:21:20,5866,NEQUI,$24.000,Frontino,-
1754,1084,2026-02-04 22:20:40,1910,NEQUI,$34.000,Amazilia,-
1753,1083,2026-02-04 22:19:17,0000 emerson,EFECTIVO,$16.000,Batará,-
1752,1082,2026-02-04 22:18:43,6433,NEQUI,$52.000,Milano,-
1751,1081,2026-02-04 22:18:02,4717,NEQUI,$24.500,callejon panaderia estacion,-
1750,1080,2026-02-04 22:15:41,7224,NEQUI,$60.000,Frontino,-
1749,1079,2026-02-04 22:14:29,4918,NEQUI,$55.000,Amazilia,-
1748,1078,2026-02-04 22:13:41,4344,NEQUI,$43.000,olivos,-
1747,1077,2026-02-04 21:52:08,9992,NEQUI,$48.000,Ibis,-
1746,1076,2026-02-04 21:50:39,1552,NEQUI,$21.500,puertas sol 2,-
1745,1075,2026-02-04 21:49:40,5642,NEQUI,$48.000,Amazilia,-
1744,1074,2026-02-04 20:17:21,pareja mesa centro,NEQUI,$46.000,pago punto,-
1743,1073,2026-02-04 20:16:36,danna,EFECTIVO,$23.000,pago punto,-
1742,1072,2026-02-04 19:50:12,mam e hija,EFECTIVO,$12.000,pago punto,-
1741,1071,2026-02-04 19:21:54,Mesa 2c pareja pelijora,NEQUI,$43.000,pago punto,-
1740,1070,2026-02-04 19:19:54,6124,EFECTIVO,$26.500,Batará,-
1739,1069,2026-02-03 22:55:42,WILMER,DAVIPLATA,$12.000,pago punto,-
1738,1068,2026-02-03 22:55:04,altamorada,NEQUI,$16.500,altamorada,-
1737,1067,2026-02-03 21:48:17,0952,EFECTIVO,$44.000,Sie 3,-
1736,1066,2026-02-03 21:19:12,0516,NEQUI,$55.000,al frente iglesia,-
1735,1065,2026-02-03 21:12:54,sandoval,NEQUI,$16.000,puetas del sol 1,-
1734,1064,2026-02-03 20:49:14,pizzeria ,NEQUI,$24.000,pizzeria callejon,-
1733,1063,2026-02-03 20:16:36,Panzes para llevar,EFECTIVO,$7.000,pago punto,-
1732,1062,2026-02-03 20:11:03,MESA 3,EFECTIVO,$30.000,pago punto,-
1731,1061,2026-02-03 20:10:10,0916,DAVIPLATA,$12.000,Batará,-
1730,1060,2026-02-03 19:50:01,MAZORADAS,EFECTIVO,$39.000,pago punto,-
1729,1059,2026-02-03 19:47:18,FAMILIA GRANDE,DAVIPLATA,$130.500,pago punto,-
1728,1058,2026-02-03 19:28:23,MESA 2,NEQUI,$26.000,pago punto,-
1727,1057,2026-02-03 19:17:16,PAREJA CHICAS,NEQUI,$32.000,pago punto,-
1726,1056,2026-02-03 19:03:00,SEÑORITA PAGO DIVIDIDO N N,NEQUI,$19.000,pago punto,-
1725,1055,2026-02-03 19:00:20,mesa 7,EFECTIVO,$15.500,pago punto,-
1724,1054,2026-02-03 18:57:40,mesa leo,NEQUI,$31.000,pago punto,-
1723,1053,2026-02-03 18:28:19,3 dobles,EFECTIVO,$48.000,pago punto,-
1722,1052,2026-02-01 23:13:06,pareja fresas,NEQUI,$47.000,-,-
1721,1051,2026-02-01 22:55:32,chica ultimo pedido,EFECTIVO,$36.000,pago punto,-
1720,1050,2026-02-01 22:54:30,pareja moto,EFECTIVO,$27.500,pago punto,-
1719,1049,2026-02-01 22:40:48,mesa 5,NEQUI,$30.500,pago punto,-
1718,1048,2026-02-01 22:35:24,7009,EFECTIVO,$78.000,pueblo barberia,-
1717,1047,2026-02-01 22:13:07,favor freddi,NEQUI,$-50.000,pago punto,-
1716,1046,2026-02-01 22:10:38,mesa 3 chaqueta ,NEQUI,$51.000,pago punto,-
1715,1045,2026-02-01 22:09:28,8364 wilmer taxi,EFECTIVO,$15.500,pago punto,-
1714,1044,2026-02-01 21:58:57,amigo robisnon ,NEQUI,$12.000,pago punto,-
1713,1043,2026-02-01 21:47:57,mesa 5,EFECTIVO,$66.500,pago punto,-
1712,1042,2026-02-01 21:27:12,4352,NEQUI,$28.500,altamorada,-
1711,1041,2026-02-01 21:20:02,5642,NEQUI,$16.000,Milano,-
1710,1040,2026-02-01 21:19:29,8145,EFECTIVO,$69.500,Amazilia,-
1709,1039,2026-02-01 21:18:48,5761,NEQUI,$11.000,Sie 2,-
1708,1038,2026-02-01 20:56:02,mesa 5,DAVIPLATA,$52.000,pago punto,-
1707,1037,2026-02-01 20:42:06,MESA 9 ESQUINA,NEQUI,$36.000,pago punto,-
1706,1036,2026-02-01 20:34:18,carro azul ,NEQUI,$22.000,pago punto,-
1705,1035,2026-02-01 20:22:03,mesa 2 ,EFECTIVO,$46.000,pago punto,-
1704,1034,2026-02-01 20:15:41,angie ,EFECTIVO,$18.000,callejon,-
1703,1033,2026-02-01 20:04:24,1157 pasan,EFECTIVO,$39.500,pago punto,-
1702,1032,2026-02-01 19:50:22,mesa 3,DAVIPLATA,$23.500,pago punto,-
1701,1031,2026-02-01 19:42:46,7700,NEQUI,$16.500,Amazilia,-
1700,1030,2026-02-01 19:35:36,mesa 2 ,EFECTIVO,$39.000,pago punto,-
1699,1029,2026-02-01 19:33:48,mesa 4,NEQUI,$36.000,pago punto,-
1698,1028,2026-02-01 19:26:50,emerson,EFECTIVO,$19.000,pago punto,-
1697,1027,2026-02-01 19:22:58,1770,EFECTIVO,$27.000,moreli,-
1696,1026,2026-02-01 19:13:50,BORRACHIN,EFECTIVO,$16.000,pago punto,-
1695,1025,2026-02-01 19:03:13,2184,NEQUI,$12.000,carrilera cuadra,-
1694,1024,2026-02-01 18:59:15,4020,NEQUI,$34.000,Milano,-
1693,1023,2026-02-01 18:56:09,camineta gris ,NEQUI,$48.000,pago punto,-
1692,1022,2026-02-01 18:43:02,6714,NEQUI,$16.000,Batará,-
1690,1020,2026-01-31 23:59:59,7413,EFECTIVO,$43.000,Sie 1,-
1689,1019,2026-01-31 23:59:59,7040,DAVIPLATA,$24.000,Ibis,-
1688,1018,2026-01-31 23:59:58,WILMER,EFECTIVO,$11.000,pago punto,-
1687,1017,2026-01-31 23:59:56,mesa 3 segunda pareja,EFECTIVO,$26.500,pago punto,-
1686,1016,2026-01-31 23:57:10,mesa 2 amigo,EFECTIVO,$55.500,pago punto,-
1685,1015,2026-01-31 23:55:41,mesa 3 primera pareja,NEQUI,$29.000,pago punto,-
1684,1014,2026-01-31 23:36:31,familia mesa esquina,EFECTIVO,$60.500,pago punto,-
1683,1013,2026-01-31 23:35:28,chicas mesa esquina,NEQUI,$28.500,pago punto,-
1682,1012,2026-01-31 23:33:30,sandra godoy,EFECTIVO,$38.500,pago punto,-
1681,1011,2026-01-31 23:15:49,9972,NEQUI,$16.000,carrilerra cuadra pich,-
1680,1010,2026-01-31 22:45:29,mesa 3 chicas,NEQUI,$36.000,pago punto,-
1679,1009,2026-01-31 22:21:41,mesa 4,NEQUI,$41.000,pago punto,-
1678,1008,2026-01-31 22:20:44,2170,EFECTIVO,$42.000,torres,-
1677,1007,2026-01-31 22:15:18,6120 (politica),NEQUI,$14.000,estacion,-
1676,1006,2026-01-31 22:14:06,robinson,EFECTIVO,$33.000,pago punto,-
1675,1005,2026-01-31 22:13:36,dannita,NEQUI,$12.000,pago punto,Hermosa madre
1674,1004,2026-01-31 22:07:50,4902,NEQUI,$32.500,altamorada,-
1673,1003,2026-01-31 22:07:14,3012,EFECTIVO,$28.000,Batará,-
1672,1002,2026-01-31 22:05:32,9076,NEQUI,$16.000,Portofino,-
1671,1001,2026-01-31 21:45:00,2X DOBLES PARA LLEVAR,EFECTIVO,$32.000,pago punto,-
1670,1000,2026-01-31 21:43:10,FER ARIAS,EFECTIVO,$11.000,pago punto,-
1669,0999,2026-01-31 21:31:47,8051,NEQUI|36000.0+EFECTIVO|2000.0,$38.000,Amazilia,-
1668,0998,2026-01-31 21:30:35,5280,EFECTIVO,$16.000,Sie 2,-
1667,0997,2026-01-31 21:19:05,PAREJA MESA 5 JOVENES ,NEQUI,$39.000,pago punto,-
1666,0996,2026-01-31 21:15:58,MESA CENTRO 2,DAVIPLATA,$50.000,pago punto,-
1665,0995,2026-01-31 20:58:40,SEÑORA TINTOS,EFECTIVO,$99.000,pago punto,-
1664,0994,2026-01-31 20:55:51,SEÑORA MONA,EFECTIVO,$38.000,pago punto,-
1663,0993,2026-01-31 20:24:30,0274,NEQUI,$43.000,Sie 1,-
1662,0992,2026-01-31 20:22:44,mesa 1,EFECTIVO,$19.500,pago punto,-
1661,0991,2026-01-31 20:20:18,mesa 3 ,NEQUI,$43.000,pago punto,-
1660,0990,2026-01-31 20:13:48,0015,DAVIPLATA,$20.500,Frontino,-
1659,0989,2026-01-31 19:55:18,cliente mesa 6,EFECTIVO,$19.500,pago punto,-
1658,0988,2026-01-31 19:51:13,4510,NEQUI,$94.000,alfrente hopistal,-
1657,0987,2026-01-31 19:45:59,4784,EFECTIVO,$35.000,bosques arrayan,-
1656,0986,2026-01-31 19:39:58,especiales pasan,EFECTIVO,$22.000,pago punto,-
1655,0985,2026-01-31 19:30:59,6871,NEQUI,$20.500,Aracari,-
1654,0984,2026-01-31 19:29:30,5890,NEQUI,$44.500,altamorada,-
1653,0983,2026-01-31 19:21:42,carro perros,EFECTIVO,$13.000,pago punto,-
1652,0982,2026-01-31 19:15:00,7321,EFECTIVO,$24.000,pago punto,-
1651,0981,2026-01-31 19:14:08,chicas sand para llevar,EFECTIVO,$12.000,pago punto,-
1650,0980,2026-01-31 19:10:51,6048,NEQUI,$16.000,Jilguero,sin cebolla
1649,0979,2026-01-31 19:10:21,3867,NEQUI,$16.000,Aracari,-
1648,0978,2026-01-31 18:44:42,4656,NEQUI,$30.000,Jilguero,-
1647,0977,2026-01-31 18:33:09,0785,NEQUI,$19.500,Bosque de arraya,-
1646,0976,2026-01-31 18:27:30,ROYAL PRESTIGE,NEQUI,$19.500,pago punto,-
1645,0975,2026-01-31 18:22:45,5850,NEQUI,$24.000,SIE 1,-
1644,0974,2026-01-30 22:53:28,social 2,NEQUI,$36.000,pueblo calle 17,-
1643,0973,2026-01-30 22:51:32,29998,NEQUI,$23.000,Frontino,-
1642,0972,2026-01-30 22:50:11,6992,EFECTIVO,$12.000,Sie 2,-
1641,0971,2026-01-30 22:49:38,0274,EFECTIVO,$36.000,Sie 1,-
1640,0970,2026-01-30 22:46:50,9429,DAVIPLATA,$27.000,porto fino,-
1639,0969,2026-01-30 22:45:25,0905 pasan,EFECTIVO,$12.000,pago punto,-
1638,0968,2026-01-30 22:43:47,9583,EFECTIVO,$45.000,Amazilia,-
1637,0967,2026-01-30 22:42:26,0000 andre bosquez,EFECTIVO,$35.000,bosques arrayan,-
1636,0966,2026-01-30 22:39:30,2576,NEQUI,$15.500,Ibis,-
1635,0965,2026-01-30 22:38:15,5090 falto 12k,DAVIPLATA,$62.500,Amazilia,-
1633,0963,2026-01-30 22:33:43,8574,NEQUI,$27.000,olvios,-
1632,0962,2026-01-30 22:32:24,0000 emerson,EFECTIVO,$12.000,Batará,-
1631,0961,2026-01-30 22:31:47,6796,NEQUI,$35.000,Frontino,-
1630,0960,2026-01-30 22:31:02,2441,NEQUI,$27.000,puertas sol 1,-
1629,0959,2026-01-30 22:30:23,3931,NEQUI,$16.000,altamorada,-
1628,0958,2026-01-30 22:28:42,8137,NEQUI,$115.000,Verona,-
1627,0957,2026-01-30 21:39:18,mesa 3,NEQUI,$42.000,pago punto,-
1626,0956,2026-01-30 21:36:19,celador,NEQUI,$34.500,pago punto,-
1625,0955,2026-01-30 21:25:00,cliente mesa 6,NEQUI,$19.500,pago punto,-
1624,0954,2026-01-30 20:57:04,5266,EFECTIVO,$44.000,Amazilia,-
1623,0953,2026-01-30 20:54:03,mesa 7,EFECTIVO,$51.500,pago punto,-
1622,0952,2026-01-30 20:51:05,mesa 4 veci ing metales,EFECTIVO,$31.000,pago punto,-
1621,0951,2026-01-30 20:44:01,pareja mesa 4,NEQUI,$41.000,pago punto,-
1620,0950,2026-01-30 20:37:07,6992,EFECTIVO,$34.500,Sie 2,-
1619,0949,2026-01-30 20:04:37,mesa 7 parallevar,EFECTIVO,$16.000,pago punto,-
1618,0948,2026-01-30 19:51:17,cliente teletrabajo,DAVIPLATA,$12.000,pago punto,-
1617,0947,2026-01-30 19:34:54,mesa 3 pareja,DAVIPLATA,$35.000,pago punto,-
1616,0946,2026-01-30 19:25:17,5315 pasan,NEQUI,$24.000,pago punto,-
1615,0945,2026-01-30 19:16:23,dannita,NEQUI,$18.500,pago punto,-
1614,0944,2026-01-30 19:15:53,mesa 1 pend papas,NEQUI,$55.000,pago punto,-
1613,0943,2026-01-30 19:14:02,mesa 2 familia pelu techo,NEQUI,$77.000,pago punto,-
1612,0942,2026-01-30 19:12:06,1708,EFECTIVO,$24.000,puertas de sol 2,-
1611,0941,2026-01-30 19:06:29,6404,NEQUI,$36.000,venti,-
1610,0940,2026-01-30 19:05:48,3728,NEQUI,$22.000,Frontino,-
1609,0939,2026-01-30 19:03:21,0337,EFECTIVO,$7.000,Sie 4,-
1608,0938,2026-01-30 19:01:20,1283,NEQUI,$64.500,industrial 2 piso,-
1607,0937,2026-01-30 18:55:23,1522,DAVIPLATA,$39.500,venti,-
1606,0936,2026-01-29 22:28:24,anyelo,NEQUI,$3.500,pago punto,-
1605,0935,2026-01-29 21:47:14,pareja mesa 2,EFECTIVO,$31.000,pago punto,-
1604,0934,2026-01-29 21:38:58,1840,NEQUI,$27.000,pago punto,-
1603,0933,2026-01-29 21:32:45,1938,NEQUI,$16.000,puertas del sol 1,-
1602,0932,2026-01-29 20:48:00,mesa 3 chaquta roja,NEQUI,$18.000,pago punto,-
1601,0931,2026-01-29 20:44:18,1229,NEQUI,$35.000,pago punto,-
1600,0930,2026-01-29 20:43:02,16 49 fer arias ,NEQUI,$19.500,pago punto,-
1599,0929,2026-01-29 20:35:34,2770,NEQUI,$32.000,Milano,-
1598,0928,2026-01-29 20:34:05,2817,NEQUI,$22.500,2do piso pizzeria,-
1597,0927,2026-01-29 20:33:18,2327,EFECTIVO,$16.000,pago punto,-
1596,0926,2026-01-29 20:31:12,0000 jessica,NEQUI,$41.000,Frontino,-
1595,0925,2026-01-29 20:21:38,5605,EFECTIVO,$24.000,Sie 1,-
1594,0924,2026-01-29 20:18:15,wilmer taxi,EFECTIVO,$12.000,pago punto,-
1593,0923,2026-01-29 20:07:49,pareja mesa 3,NEQUI,$30.000,pago punto,-
1592,0922,2026-01-29 19:50:51,0422,NEQUI,$22.500,pago punto,-
1591,0921,2026-01-29 19:50:14,0422,NEQUI,$22.500,bavaria,-
1590,0920,2026-01-29 19:23:25,mesa 7 perro,NEQUI,$30.000,pago punto,-
1589,0919,2026-01-29 19:22:30,mesa 2 ,EFECTIVO,$30.000,pago punto,-
1588,0918,2026-01-29 19:21:20,0297,NEQUI,$40.500,puertas de sol 2,-
1587,0917,2026-01-28 23:47:53,domicilio,NEQUI,$44.500,-,-
1586,0916,2026-01-28 23:04:53,alfrente iglesia,EFECTIVO,$9.000,alfrente iglesia,-
1585,0915,2026-01-28 23:00:34,cliente,NEQUI,$12.000,-,-
1584,0914,2026-01-28 22:27:00,4352,NEQUI,$28.000,altamorada,-
1583,0913,2026-01-28 22:22:53,chicos emprendimiento,DAVIPLATA,$32.000,pago punto,-
1582,0912,2026-01-28 21:31:44,mesa 4 pareja new,NEQUI,$35.000,pago punto,-
1581,0911,2026-01-28 21:25:44,8895,NEQUI,$25.000,andarios,-
1580,0910,2026-01-28 21:08:09,6127,NEQUI,$46.000,teka,-
1579,0909,2026-01-28 20:59:17,1306,EFECTIVO,$3.500,Batará,-
1578,0908,2026-01-28 20:57:30,1306,EFECTIVO,$35.500,Batará,-
1577,0907,2026-01-28 20:51:40,anderson,EFECTIVO,$12.000,pago punto,-
1576,0906,2026-01-28 20:45:54,anyelo,EFECTIVO,$12.000,pago punto,debe 6 mil
1575,0905,2026-01-28 20:32:02,cliente buso verde,NEQUI,$12.000,pago punto,-
1574,0904,2026-01-28 20:24:48,novio chica gym,EFECTIVO,$12.500,pago punto,-
1573,0903,2026-01-28 20:22:56,cliente buso verde ,NEQUI,$32.000,pago punto,-
1572,0902,2026-01-28 19:38:05,8650,EFECTIVO,$36.000,verona,-
1571,0901,2026-01-28 19:36:38,5405,NEQUI,$38.000,bosques arrayan,-
1570,0900,2026-01-28 19:35:32,6871,NEQUI,$16.000,Aracari,-
1569,0899,2026-01-28 19:32:26,vecino auto blanco,EFECTIVO,$24.000,pago punto,-
1568,0898,2026-01-28 19:31:44,4344,NEQUI,$83.500,olivos,-
1567,0897,2026-01-28 19:30:08,3050,NEQUI,$18.000,olivos,-
1566,0896,2026-01-28 19:17:56,primer cleinte punto,NEQUI,$48.000,pago punto,-
1565,0895,2026-01-27 23:37:06,2620,EFECTIVO,$40.000,pago punto,-
1564,0894,2026-01-27 22:43:12,6922,NEQUI,$9.000,Batará,-
1563,0893,2026-01-27 22:30:20,mesa 5,NEQUI,$40.000,pago punto,-
1562,0892,2026-01-27 22:27:39,robinson,NEQUI,$17.000,pago punto,-
1561,0891,2026-01-27 21:31:06,amiga chica gym,NEQUI,$12.000,pago punto,-
1560,0890,2026-01-27 21:30:33,chica gym,NEQUI,$24.500,pago punto,-
1559,0889,2026-01-27 21:10:17,4804,NEQUI,$49.000,Akora,-
1558,0888,2026-01-27 21:02:20,grupo mesa 5 ,NEQUI,$50.500,pago punto,-
1557,0887,2026-01-27 20:54:24,mesa 4 autos,NEQUI,$48.000,pago punto,-
1556,0886,2026-01-27 20:48:51,7780,NEQUI,$12.000,Sie 1,-
1555,0885,2026-01-27 20:39:53,mesa 3 combo,NEQUI,$54.500,pago punto,-
1554,0884,2026-01-27 20:38:01,tranformadas,NEQUI,$40.000,pago punto,-
1553,0883,2026-01-27 20:25:31,´pareja mesa 5,EFECTIVO,$42.500,pago punto,-
1552,0882,2026-01-27 20:23:41,3999,NEQUI|20000.0+EFECTIVO|4000.0,$24.000,Sie 3,-
1551,0881,2026-01-27 20:20:18,CLIENTE 34,NEQUI,$16.000,Aracari,-
1550,0880,2026-01-27 20:07:59,PAGO PUNTO,EFECTIVO,$23.000,pago punto,-
1549,0879,2026-01-27 19:52:13,4095,EFECTIVO,$35.000,bosques arrayan,-
1548,0878,2026-01-27 19:51:51,7716,NEQUI,$14.000,pago punto,-
1547,0877,2026-01-27 19:28:28,8341,NEQUI,$15.500,alfrente milano,-
1546,0876,2026-01-27 19:23:33,donde jaime,EFECTIVO,$69.000,pago punto,-
1545,0875,2026-01-27 19:13:14,0736,NEQUI,$16.000,Amazilia,-
1544,0874,2026-01-27 19:12:58,2953,NEQUI,$24.000,Sie 3,-
1543,0873,2026-01-27 19:12:07,1927,EFECTIVO,$19.000,pago punto,-
1542,0872,2026-01-27 19:04:57,primer cliente,EFECTIVO,$19.500,pago punto,-
1541,0871,2026-01-27 18:37:35,dannita,NEQUI,$7.000,pago punto,la mas hermosa
1539,0869,2026-01-24 23:57:32,MESA 1 PAREJA,NEQUI,$24.000,pago punto,-
1538,0868,2026-01-24 23:25:43,7128,NEQUI,$34.500,Ibis,-
1537,0867,2026-01-24 23:06:01,2329,EFECTIVO,$22.000,Sie 1,-
1536,0866,2026-01-24 23:03:30,familia pansa,EFECTIVO,$47.000,pago punto,-
1535,0865,2026-01-24 22:31:38,3 espe llevan,EFECTIVO,$33.000,pago punto,-
1534,0864,2026-01-24 22:28:02,3568 puerta,NEQUI,$86.000,pago punto,-
1533,0863,2026-01-24 22:26:03,7040,EFECTIVO,$16.000,Ibis,-
1532,0862,2026-01-24 22:24:57,9246,NEQUI,$43.500,Sie 4,-
1531,0861,2026-01-24 22:23:56,9076,NEQUI,$14.000,portofino,-
1530,0860,2026-01-24 22:20:58,4412,EFECTIVO,$34.000,Jilguero,-
1529,0859,2026-01-24 22:20:30,1800 ing cristian,NEQUI,$13.500,Jilguero,-
1528,0858,2026-01-24 22:19:53,4035,NEQUI,$24.000,Sie 2,-
1527,0857,2026-01-24 22:19:25,8901 perrito,EFECTIVO,$39.000,Batará,-
1526,0856,2026-01-24 22:18:49,5090,NEQUI,$34.000,Amazilia,-
1525,0855,2026-01-24 22:16:32,8638 pasan 2 sand,EFECTIVO,$25.000,pago punto,-
1524,0854,2026-01-24 22:13:05,0274,NEQUI,$48.000,Sie 1,-
1523,0853,2026-01-24 22:12:31,0787,NEQUI,$54.500,Ibis,-
1522,0852,2026-01-24 21:16:06,mesa 6 parejita,DAVIPLATA,$25.500,pago punto,-
1521,0851,2026-01-24 21:13:05,5135 pasan 4 sand,NEQUI,$48.000,pago punto,-
1520,0850,2026-01-24 21:06:12,mesa 5 chico,EFECTIVO,$19.500,pago punto,-
1519,0849,2026-01-24 21:04:58,doble para llevar,EFECTIVO,$16.000,pago punto,-
1518,0848,2026-01-24 21:00:47,2259 pasan moztaza,DAVIPLATA,$16.000,pago punto,-
1517,0847,2026-01-24 20:59:46,pareja panze,EFECTIVO,$14.500,pago punto,-
1516,0846,2026-01-24 20:00:09,mesa 4 ,EFECTIVO,$46.500,pago punto,-
1515,0845,2026-01-24 19:49:44,4020,EFECTIVO,$41.000,Milano,-
1514,0844,2026-01-24 19:47:10,3267,EFECTIVO,$24.000,Aracari,-
1513,0843,2026-01-24 19:30:01,4715,EFECTIVO,$39.000,Andaríos,-
1512,0842,2026-01-24 19:28:49,mesa 5 ,EFECTIVO,$54.000,pago punto,-
1511,0841,2026-01-24 19:26:21,4352,NEQUI,$15.500,Sie 1,-
1510,0840,2026-01-24 19:26:01,7455,NEQUI,$16.000,Ibis,-
1509,0839,2026-01-24 19:25:39,5850,NEQUI,$22.000,Sie 1,-
1508,0838,2026-01-24 19:12:13,3049,NEQUI,$21.000,Felicia,-
1507,0837,2026-01-24 19:11:05,8341,EFECTIVO,$54.500,Amazilia,-
1506,0836,2026-01-23 23:59:28,SANTI SANDOBAL,NEQUI,$3.000,pago punto,-
1505,0835,2026-01-23 23:21:27,ANYELO,NEQUI,$6.300,pago punto,-
1504,0834,2026-01-23 23:12:10,danna,NEQUI,$11.000,pago punto,-
1503,0833,2026-01-23 23:10:43,7456 +500 Efe,EFECTIVO|27000.0+NEQUI|500.0,$27.500,torres 32,-
1502,0832,2026-01-23 23:09:25,mesa 5 pareja,EFECTIVO,$31.500,pago punto,-
1501,0831,2026-01-23 23:04:59,mesa 1 mazorcada cai,NEQUI,$58.500,pago punto,-
1500,0830,2026-01-23 22:56:43,mesa 2 sand,NEQUI,$46.500,pago punto,-
1499,0829,2026-01-23 22:54:01,veci futbol,EFECTIVO|4000.0+NEQUI|24500.0,$28.500,pago punto,-
1498,0828,2026-01-23 22:52:47,mesa 4 amigos,EFECTIVO,$27.500,pago punto,-
1497,0827,2026-01-23 22:51:40,mesa 4 amigos,NEQUI,$27.500,pago punto,-
1496,0826,2026-01-23 22:36:06,veci chicanero,NEQUI,$16.000,pago punto,-
1495,0825,2026-01-23 22:34:55,1800 pasa,EFECTIVO,$24.000,pago punto,-
1494,0824,2026-01-23 22:00:24,mesa 5 pareja,NEQUI,$27.500,pago punto,-
1493,0823,2026-01-23 21:58:59,mesa 2 sand x hamb,NEQUI,$22.000,pago punto,-
1492,0822,2026-01-23 21:18:26,8901 perrito,EFECTIVO,$32.000,Batará,-
1491,0821,2026-01-23 21:17:03,veci panze,EFECTIVO,$3.500,pa,-
1490,0820,2026-01-23 21:15:51,6932,EFECTIVO,$33.000,Sie 3,-
1489,0819,2026-01-23 21:15:23,6435,EFECTIVO,$46.000,Milano,-
1488,0818,2026-01-23 21:13:55,veci panze,EFECTIVO,$3.500,pago punto,-
1487,0817,2026-01-23 21:13:20,9091,EFECTIVO,$36.000,Aracari,-
1486,0816,2026-01-23 21:12:51,4732,NEQUI,$35.000,atras garden,-
1485,0815,2026-01-23 21:09:23,3441,EFECTIVO,$36.000,Aracari,-
1484,0814,2026-01-23 21:08:40,5524,NEQUI,$40.500,Amazilia,-
1483,0813,2026-01-23 21:08:05,3044,NEQUI,$27.000,moreli,-
1482,0812,2026-01-23 21:07:22,8065,NEQUI,$12.000,Torre de San Juan 19B,-
1481,0811,2026-01-23 21:06:41,3669,EFECTIVO,$11.000,Sie 4,-
1480,0810,2026-01-23 21:06:11,0276,NEQUI,$39.000,Sie 3,-
1479,0809,2026-01-23 20:09:03,mesa 3 dobles,EFECTIVO,$39.000,pago punto,-
1478,0808,2026-01-23 19:49:19,mama galleta,NEQUI,$23.000,pago punto,-
1477,0807,2026-01-23 19:48:26,chico galleta,NEQUI,$17.000,pago punto,-
1476,0806,2026-01-23 19:44:06,mesa 8 pareja perros,EFECTIVO,$24.000,pago punto,-
1475,0805,2026-01-23 19:41:01,mesa 5 papa y mama,EFECTIVO,$31.000,pago punto,-
1474,0804,2026-01-23 19:23:14,mujer buso rojo,NEQUI,$36.000,pago punto,-
1473,0803,2026-01-23 19:14:57,wilmer taxi,EFECTIVO,$12.000,pago punto,-
1472,0802,2026-01-23 19:04:47,5185,NEQUI,$39.000,Alamos maderos,-
1471,0801,2026-01-23 18:53:57,0666,EFECTIVO,$24.000,ubicacion,-
1470,0800,2026-01-23 18:53:19,5280,EFECTIVO,$12.000,Sie 2,-
1469,0799,2026-01-22 22:45:44,chica nenenequi,NEQUI,$15.500,pago punto,-
1468,0798,2026-01-22 22:40:24,al frente iglesia,NEQUI,$18.000,al frente iglesia,-
1467,0797,2026-01-22 22:39:41,4352,NEQUI,$32.500,altamorada,-
1466,0796,2026-01-22 21:38:28,pasa johan,EFECTIVO,$35.000,pago punto,-
1465,0795,2026-01-22 21:11:37,robinson,NEQUI,$50.000,pago punto,-
1464,0794,2026-01-22 21:03:01,amigos doble carne ,EFECTIVO,$39.000,pago punto,-
1463,0793,2026-01-22 20:57:01,mesa 9 perrito,NEQUI,$31.000,pago punto,-
1462,0792,2026-01-22 20:51:41,2817,EFECTIVO,$35.000,2 piso pizzeria,-
1461,0791,2026-01-22 20:51:05,1306,NEQUI,$27.500,Batará,-
1460,0790,2026-01-22 20:50:40,mesa 6 ,NEQUI,$31.000,pago punto,-
1459,0789,2026-01-22 20:50:14,9080,EFECTIVO,$25.000,VERONA,-
1458,0788,2026-01-22 20:46:02,4129,EFECTIVO,$24.000,Jilguero,-
1457,0787,2026-01-22 20:44:38,8294,DAVIPLATA,$12.000,alfrente paraise,-
1456,0786,2026-01-22 20:43:38,mesa 1 3x3,NEQUI,$46.500,pago punto,-
1455,0785,2026-01-22 20:25:18,1800,NEQUI,$20.500,capri,-
1454,0784,2026-01-22 20:23:59,primo anyelo,EFECTIVO,$7.000,pago punto,-
1453,0783,2026-01-22 20:05:39,pareja mesa centro,NEQUI,$40.000,pago punto,-
1452,0782,2026-01-22 20:00:56,cliente nuevo ,EFECTIVO,$15.500,pago punto,-
1451,0781,2026-01-22 19:54:06,primo ayelo,EFECTIVO,$12.000,pago punto,-
1450,0780,2026-01-22 19:53:43,mesa 4 sand divi,EFECTIVO,$12.000,pago punto,-
1449,0779,2026-01-22 19:02:55,danna,NEQUI,$12.000,pago punto,-
1448,0778,2026-01-21 23:59:58,6120,NEQUI,$16.500,estacion,-
1447,0777,2026-01-21 23:59:56,0332,EFECTIVO,$55.500,Amazilia,-
1446,0776,2026-01-21 23:59:52,2501,NEQUI,$26.500,acacias maderos,-
1445,0775,2026-01-21 22:45:21,mesa 5 celu perdi,DAVIPLATA,$39.000,pago punto,-
1444,0774,2026-01-21 21:57:52,celu 1%,NEQUI,$7.000,pago punto,-
1443,0773,2026-01-21 21:57:27,4296,DAVIPLATA,$29.000,Sie 3,-
1442,0772,2026-01-21 21:56:51,andre,EFECTIVO,$16.000,bosques arrayan,-
1441,0771,2026-01-21 21:56:02,3405,NEQUI,$44.000,monte verde,-
1440,0770,2026-01-21 21:55:25,1229,NEQUI,$34.000,Milano,-
1439,0769,2026-01-21 21:51:50,marzorcada  celu 1 %,NEQUI,$32.000,pago punto,-
1438,0768,2026-01-21 20:43:28,señor e hija,NEQUI,$61.000,pago punto,-
1437,0767,2026-01-21 20:34:50,6871,NEQUI,$16.000,Aracari,-
1436,0766,2026-01-21 20:34:27,3236,NEQUI,$50.000,Andaríos,-
1435,0765,2026-01-21 20:33:56,7321,EFECTIVO,$12.000,altamorada,-
1434,0764,2026-01-21 20:33:11,6922,NEQUI,$24.000,Batará,-
1433,0763,2026-01-21 20:23:24,4901,NEQUI,$42.000,gran sabana,-
1432,0762,2026-01-21 20:22:11,1800,EFECTIVO,$29.000,mantejo,-
1431,0761,2026-01-21 20:21:09,mesa 3 chaqueta blanca,NEQUI,$24.000,pago punto,-
1430,0760,2026-01-21 20:18:59,5114 jessy,NEQUI,$20.000,pago punto,-
1429,0759,2026-01-21 20:17:42,7202,NEQUI,$24.000,pago punto,-
1428,0758,2026-01-21 20:17:23,5850,NEQUI,$24.000,pago punto,-
1427,0757,2026-01-21 19:22:31,cliente carro blanco,DAVIPLATA,$12.000,pago punto,-
1426,0756,2026-01-20 23:06:27,1283,NEQUI,$31.500,segundo piso sr pastelero,-
1425,0755,2026-01-20 23:03:36,niño carnicero,NEQUI,$16.000,pago punto,-
1424,0754,2026-01-20 22:57:10,robinson,NEQUI,$22.000,Taller Motos,-
1423,0753,2026-01-20 22:56:26,jesuca velazques,NEQUI,$43.000,Frontino,-
1422,0752,2026-01-20 22:55:53,4352,NEQUI,$24.000,altamorada,-
1421,0751,2026-01-20 22:55:32,5498 altamorada,EFECTIVO,$24.000,altamorada,-
1420,0750,2026-01-20 22:54:52,3860,DAVIPLATA,$32.000,Amazilia,-
1419,0749,2026-01-20 22:54:27,3979,NEQUI,$27.500,Ibis,-
1418,0748,2026-01-20 22:53:55,0377,NEQUI,$24.000,Sie 1,-
1417,0747,2026-01-20 22:53:31,6151,DAVIPLATA,$29.000,Andaríos,-
1416,0746,2026-01-20 22:51:28,1497,NEQUI,$32.000,Sie 3,-
1415,0745,2026-01-20 22:50:59,8051,EFECTIVO,$90.000,Amazilia,-
1414,0744,2026-01-20 21:58:09,punto,EFECTIVO,$53.000,-,-
1413,0743,2026-01-20 21:29:05,punto,NEQUI,$38.500,-,-
1412,0742,2026-01-20 20:50:15,punto,NEQUI,$43.000,-,-
1411,0741,2026-01-20 20:14:31,punto,EFECTIVO,$33.500,-,-
1410,0740,2026-01-20 19:30:29,5715,EFECTIVO,$12.000,Amazilia,-
1409,0739,2026-01-20 19:30:00,0785,DAVIPLATA,$17.500,Verona,-
1408,0738,2026-01-20 19:28:38,wilmer taxi,EFECTIVO,$33.000,bosques alizos,-
1407,0737,2026-01-19 21:54:40,4 h espaciales pasan,EFECTIVO,$47.500,pago punto,-
1406,0736,2026-01-19 21:15:31,7374,NEQUI,$48.000,Frontino,-
1405,0735,2026-01-19 21:14:38,4008,EFECTIVO,$24.000,bosques arrayan,-
1404,0734,2026-01-19 21:14:03,2044 pasan,NEQUI,$19.500,pago punto,-
1403,0733,2026-01-19 21:13:25,meas  1 panzes,EFECTIVO,$7.000,pago punto,-
1402,0732,2026-01-19 21:12:41,8611,NEQUI,$33.000,Aracari,-
1401,0731,2026-01-19 21:11:14,mesa 3 ,EFECTIVO,$39.500,pago punto,-
1400,0730,2026-01-19 20:45:58,chicos mesa centro,EFECTIVO,$18.000,pago punto,-
1399,0729,2026-01-19 20:11:12,primo anyelo,EFECTIVO,$18.000,pago punto,-
1398,0728,2026-01-19 19:14:38,PAREJA MESA CENTRO,NEQUI,$31.500,pago punto,-
1397,0727,2026-01-19 19:13:26,DANNA,NEQUI,$16.000,pago punto,-
1396,0726,2026-01-19 18:52:01,MESA 4 MUCHACHOS,EFECTIVO,$38.000,pago punto,-
1395,0725,2026-01-17 19:59:35,passn| sand cho,EFECTIVO,$37.000,pago punto,-
1394,0724,2026-01-17 19:32:23,mesa 5,EFECTIVO,$39.000,pago punto,-
1393,0723,2026-01-17 19:16:36,jaime veciino,NEQUI,$15.500,pago punto,-
1392,0722,2026-01-17 19:10:14,don  jaime,EFECTIVO,$27.000,pago punto,-
1391,0721,2026-01-16 23:19:31,pareja ultima venta,EFECTIVO,$46.000,pago punto,-
1390,0720,2026-01-16 23:05:24,mesa 9,EFECTIVO,$19.500,pago punto,-
1389,0719,2026-01-16 22:49:42,7115 pasan,NEQUI,$24.000,pago punto,-
1388,0718,2026-01-16 22:47:50,8764,NEQUI,$30.000,Andaríos,-
1387,0717,2026-01-16 22:46:31,danna,NEQUI,$16.000,pago punto,-
1386,0716,2026-01-16 22:27:01,moto para llevar,NEQUI,$22.000,pago punto,-
1385,0715,2026-01-16 22:04:48,wilmer taxi,EFECTIVO,$12.000,pago punto,-
1384,0714,2026-01-16 21:57:00,mesa 1 para llevar,NEQUI,$48.000,pago punto,-
1383,0713,2026-01-16 21:54:05,Mesa 2 muchachas,NEQUI,$37.000,pago punto,-
1382,0712,2026-01-16 21:25:53,MESA 6 FAMILIA,NEQUI,$57.000,pago punto,-
1381,0711,2026-01-16 21:18:02,0044,NEQUI,$28.000,Sie 1,-
1380,0710,2026-01-16 21:14:14,9379,EFECTIVO,$32.000,Ibis,-
1379,0709,2026-01-16 21:13:49,3236,NEQUI,$32.000,Andaríos,-
1378,0708,2026-01-16 21:12:48,MESA 1 PARA LLEVAR,NEQUI,$9.000,pago punto,-
1377,0707,2026-01-16 21:10:17,6532,EFECTIVO,$24.000,Aracari,-
1376,0706,2026-01-16 21:03:14,PAREJA MESA FONDO,NEQUI,$29.000,pago punto,-
1375,0705,2026-01-16 20:46:59,AMIGOS MESA GRANDE,EFECTIVO,$103.000,pago punto,-
1374,0704,2026-01-16 20:39:02,ANYELO,EFECTIVO,$3.500,pago punto,-
1373,0703,2026-01-16 20:34:17,MESA 2 Señorita,DAVIPLATA,$11.000,pago punto,-
1372,0702,2026-01-16 20:30:46,1911,NEQUI,$24.000,ALAMOS LOS MADEROS,-
1371,0701,2026-01-16 20:29:07,7374,EFECTIVO,$16.000,Frontino,-
1370,0700,2026-01-16 20:28:34,MESA 4,EFECTIVO,$40.000,pago punto,-
1369,0699,2026-01-16 20:12:01,2184,NEQUI,$32.000,Amazilia,-
1368,0698,2026-01-16 20:11:16,6430,NEQUI,$39.000,Ibis,-
1367,0697,2026-01-16 20:03:56,pareja mesa centro,NEQUI,$26.500,pago punto,-
1366,0696,2026-01-16 20:00:30,niño hongo,EFECTIVO,$24.000,pago punto,-
1365,0695,2026-01-16 19:59:58,pareja mesa esquina ,EFECTIVO,$38.000,pago punto,-
1364,0694,2026-01-16 19:53:18,señor bici,EFECTIVO,$7.000,pago punto,-
1363,0693,2026-01-16 19:38:12,0272,DAVIPLATA,$24.000,Venti,-
1362,0692,2026-01-16 19:37:12,5418,DAVIPLATA,$12.000,calle 9 #7 - 41,-
1361,0691,2026-01-16 19:20:32,9103,NEQUI,$13.000,agro mascotas,-
1360,0690,2026-01-16 19:19:38,3836,EFECTIVO,$24.000,altamorada,-
1359,0689,2026-01-16 19:08:00,pareja especial,EFECTIVO,$22.000,pago punto,-
1358,0688,2026-01-16 19:07:19,3867,NEQUI,$32.000,Aracari,-
1357,0687,2026-01-16 18:58:42,7261,NEQUI,$18.000,olivos,-
1356,0686,2026-01-16 18:38:12,1708,EFECTIVO,$24.000,puertas Sol 2,-
1355,0685,2026-01-16 18:33:25,7456,NEQUI,$19.000,Torre de San Juan 32B,-
1354,0684,2026-01-16 18:31:47,4157,NEQUI,$21.500,puertas del sol 1,-
1353,0683,2026-01-15 23:06:16,cliente gordis,NEQUI,$14.500,-,-
1352,0682,2026-01-15 23:02:52,angelo,EFECTIVO,$3.500,-,-
1351,0681,2026-01-15 22:58:52,0337,EFECTIVO,$15.500,Amazilia,-
1350,0680,2026-01-15 22:19:28,0516,NEQUI,$25.500,puerta sol 2,-
1349,0679,2026-01-15 22:18:17,3645,NEQUI,$47.500,Andaríos,-
1348,0678,2026-01-15 21:34:43,dalmata,NEQUI,$20.500,pago punto,-
1347,0677,2026-01-15 21:11:38,4678 pasan sand,NEQUI,$12.000,pago punto,-
1346,0676,2026-01-15 21:10:58,4678 Pasan combo,EFECTIVO,$38.000,pago punto,-
1345,0675,2026-01-15 20:51:55,mesa 2 familia,EFECTIVO,$56.000,pago punto,-
1344,0674,2026-01-15 20:48:12,3601 Pasan Sand,EFECTIVO,$36.000,pa,-
1343,0673,2026-01-15 20:42:29,mesa 4 mazorcada,DAVIPLATA,$36.000,pago punto,-
1342,0672,2026-01-15 20:41:22,mesa 5 chicas separadas,DAVIPLATA,$12.500,-,-
1341,0671,2026-01-15 20:40:52,mesa 5 chicas separadadas,EFECTIVO,$19.500,pago punto,-
1340,0670,2026-01-15 20:12:15,danna,DAVIPLATA,$16.000,pago punto,-
1339,0669,2026-01-15 20:11:59,3050,NEQUI,$18.000,olivos,-
1338,0668,2026-01-15 20:11:27,4773 Elsa berona,EFECTIVO,$24.000,olivos,-
1337,0667,2026-01-15 20:05:29,mesa 4 para llevar,NEQUI,$36.000,pago punto,-
1336,0666,2026-01-15 19:58:00,mesa 3 muchcha,EFECTIVO,$43.000,pago punto,-
1335,0665,2026-01-15 19:43:41,1283,NEQUI,$60.000,alfrente ind 2nd piso,-
1334,0664,2026-01-15 19:36:51,mesa centro ,EFECTIVO,$14.000,pago punto,-
1333,0663,2026-01-15 19:31:57,mama chica ibiz,EFECTIVO,$11.000,pago punto,-
1332,0662,2026-01-15 19:31:22,pareja,NEQUI,$16.000,pago punto,-
1331,0661,2026-01-15 19:30:41,mesa centro chica,NEQUI,$19.500,pago punto,-
1330,0660,2026-01-15 19:24:09,pasan a recibir,NEQUI,$24.000,pago punto,-
1329,0659,2026-01-15 19:10:49,jhonatan,NEQUI,$39.000,pago punto,-
1328,0658,2026-01-15 19:10:20,9426 pareja mesa centro,NEQUI,$31.000,pago punto,-
1327,0657,2026-01-15 18:55:08,7908,NEQUI,$21.000,Aracari,-
1326,0656,2026-01-15 18:54:21,DEYVER,DAVIPLATA,$30.000,PUEBLO,-
1325,0655,2026-01-14 22:39:18,perrito,EFECTIVO,$19.500,Sie 4,-
1324,0654,2026-01-14 22:38:26,2151,NEQUI,$15.500,Frontino,-
1323,0653,2026-01-14 22:38:06,4916,NEQUI,$18.500,san miguel,-
1322,0652,2026-01-14 22:37:10,amigo champi,NEQUI,$7.000,pago punto,-
1321,0651,2026-01-14 22:27:32,mesa 5 familia,NEQUI,$46.500,pago punto,-
1320,0650,2026-01-14 21:40:05,1639,NEQUI,$27.500,portofino,-
1319,0649,2026-01-14 21:39:33,2212,NEQUI,$16.000,teka,-
1318,0648,2026-01-14 21:38:53,4401,NEQUI,$23.000,Sie 2,-
1317,0647,2026-01-14 21:38:02,7104,DAVIPLATA,$21.000,conjunto santa lucia,-
1316,0646,2026-01-14 21:37:05,1223,DAVIPLATA,$38.000,moreli,-
1315,0645,2026-01-14 21:36:04,3001,NEQUI,$36.000,acacias,-
1314,0644,2026-01-14 21:32:50,porteria batara,EFECTIVO,$11.000,Batará,-
1313,0643,2026-01-14 21:32:15,pedido sandxich,NEQUI,$23.000,Amazilia,-
1312,0642,2026-01-14 21:28:48,mesa 4 combo,EFECTIVO,$18.500,pago punto,-
1311,0641,2026-01-14 21:12:57,mesa 5 patineta,NEQUI,$39.000,pago punto,-
1310,0640,2026-01-14 20:47:24,pareja,EFECTIVO,$27.000,pago punto,-
1309,0639,2026-01-14 19:22:56,primer cliente,NEQUI,$24.000,pago punto,-
1308,0638,2026-01-13 23:05:17,mesa 4 chica bici,NEQUI|18000.0+EFECTIVO|1500.0,$19.500,pago punto,-
1307,0637,2026-01-13 23:02:02,danny broster,DAVIPLATA,$11.000,danny broster,-
1306,0636,2026-01-13 22:48:55,7115,NEQUI,$48.000,sie1,-
1305,0635,2026-01-13 22:48:22,8901,EFECTIVO,$16.000,sie 4,-
1304,0634,2026-01-13 22:47:29,7115 pasan,NEQUI,$12.000,pago punto,-
1303,0633,2026-01-13 22:47:03,1708 pasan ,NEQUI,$46.000,pago punto,-
1302,0632,2026-01-13 22:44:29,2953,NEQUI,$28.000,sie 3,-
1301,0631,2026-01-13 22:40:22,pareja mesa centro,NEQUI,$31.000,pago punto,-
1300,0630,2026-01-13 22:35:57,amigos tonel,EFECTIVO,$10.000,pago punto,-
1299,0629,2026-01-13 21:10:14,amigos tonel,DAVIPLATA,$33.500,pago punto,-
1298,0628,2026-01-13 20:59:14,mesa 1 dobles,EFECTIVO,$39.000,pago punto,-
1297,0627,2026-01-13 20:42:55,mesa 5 chaqueta m blanca ,NEQUI,$31.000,pago punto,-
1296,0626,2026-01-13 20:41:43,1522 mesa 3 bunny,EFECTIVO,$31.000,-,-
1295,0625,2026-01-13 20:12:50,mesa 4 amigo servi,NEQUI,$31.000,pago punto,-
1294,0624,2026-01-13 20:10:48,mesa 6 sandwiche,EFECTIVO,$12.000,pago punto,-
1293,0623,2026-01-13 20:10:12,mesa 5 buzo blanco,NEQUI,$39.000,pago punto,-
1292,0622,2026-01-13 20:02:03,0332,EFECTIVO,$58.000,Amazilia,-
1291,0621,2026-01-13 20:00:04,joven panzes,EFECTIVO,$7.000,pago punto,-
1290,0620,2026-01-13 19:59:15,ayenlo,EFECTIVO|6000.0+NEQUI|6000.0,$12.000,pago punto,-
1289,0619,2026-01-13 19:45:58,mesa 3 pareja,NEQUI,$33.000,pago punto,-
1288,0618,2026-01-13 19:19:10,4282,EFECTIVO,$82.000,violetas,-
1287,0617,2026-01-10 23:17:55,MESA 5 ,EFECTIVO,$31.000,pago punto,-
1286,0616,2026-01-10 23:08:56,COMBO MESA 2,EFECTIVO,$19.000,pago punto,-
1285,0615,2026-01-10 23:01:25,cliente domi,EFECTIVO,$24.000,-,-
1284,0614,2026-01-10 22:49:54,1920,NEQUI,$19.000,pueblo,-
1283,0613,2026-01-10 22:11:51,local tercero,EFECTIVO,$27.500,pago punto,-
1282,0612,2026-01-10 22:11:14,local tercero,EFECTIVO,$33.000,pago punto,-
1281,0611,2026-01-10 22:10:41,local segundo,EFECTIVO,$51.500,pago punto,-
1280,0610,2026-01-10 22:09:20,local primero,NEQUI,$23.000,pago punto,-
1279,0609,2026-01-10 21:25:12,mesa 5,EFECTIVO,$51.000,pago punto,-
1278,0608,2026-01-10 21:20:38,0516,NEQUI,$12.000,al frente iglesia,-
1277,0607,2026-01-10 21:19:04,6580,EFECTIVO,$32.000,sie 1,-
1276,0606,2026-01-10 21:13:39,sanwich sanduga,NEQUI,$12.000,pago punto,-
1275,0605,2026-01-10 21:12:49,1487,EFECTIVO,$44.000,tonel,-
1274,0604,2026-01-10 21:11:49,8072,NEQUI,$36.000,verona,-
1273,0603,2026-01-10 20:44:46,mesa 2 pareja cho,EFECTIVO,$25.500,pago punto,-
1272,0602,2026-01-10 20:42:57,1938,NEQUI,$18.000,puertas de sol  1,-
1271,0601,2026-01-10 20:36:09,2212,EFECTIVO,$32.000,Batará,-
1270,0600,2026-01-10 20:31:22,wilmer tazi,EFECTIVO,$17.000,pago punto,-
1269,0599,2026-01-10 20:20:11,mesa 3,NEQUI,$52.500,pago punto,-
1268,0598,2026-01-10 20:13:18,5831,EFECTIVO,$11.000,bosques arrayan,-
1267,0597,2026-01-10 20:12:42,0660,EFECTIVO,$33.000,Aracari,-
1266,0596,2026-01-10 20:11:44,mesa 2 pareja,NEQUI,$43.500,pago punto,-
1265,0595,2026-01-10 20:10:40,mesa 2 (26 nequi),EFECTIVO,$2.500,pago punto,-
1264,0594,2026-01-10 20:09:39,9593,EFECTIVO,$43.000,Ibis,-
1263,0593,2026-01-10 20:08:24,danna,NEQUI,$22.000,pago punto,-
1262,0592,2026-01-10 20:07:06,1708,EFECTIVO,$37.000,puertas de sol 2,-
1261,0591,2026-01-10 20:01:41,6129 pasan robin,EFECTIVO,$15.500,pago punto,-
1260,0590,2026-01-10 19:32:04,5972 amigo robinson,EFECTIVO,$23.000,pago punto,-
1259,0589,2026-01-10 19:28:23,6840,DAVIPLATA,$19.500,Amazilia,-
1258,0588,2026-01-10 19:19:06,pareja mesa esquina ,NEQUI,$39.000,pago punto,-
1257,0587,2026-01-10 19:15:57,0100,NEQUI,$54.500,Sie 3,-
1256,0586,2026-01-10 19:05:39,mesa 2,NEQUI,$26.000,pago punto,-
1254,0584,2026-01-10 18:57:54,2184,EFECTIVO,$24.000,diagonal industrial,-
1253,0583,2026-01-10 18:57:06,3240,NEQUI,$74.000,Mirador del campo,-
1252,0582,2026-01-10 18:49:42,CLIENTE VENEZOLANO,EFECTIVO,$43.000,pago punto,-
1251,0581,2026-01-09 23:26:51,1223,NEQUI,$-11.000,pago punto,-
1250,0580,2026-01-09 23:00:03,mesa 2 maleta wilson,NEQUI,$16.000,pago punto,-
1249,0579,2026-01-09 22:47:08,6520,NEQUI,$22.000,pago punto,-
1248,0578,2026-01-09 22:46:22,4709 robinso,NEQUI,$29.000,Taller Motos,-
1247,0577,2026-01-09 22:23:16,4728,NEQUI,$22.000,Frontino,-
1246,0576,2026-01-09 22:20:35,5715,NEQUI,$12.000,Amazilia,-
1245,0575,2026-01-09 22:20:07,1687,DAVIPLATA,$32.000,Sie 1,-
1244,0574,2026-01-09 22:18:46,7630,DAVIPLATA,$20.000,Amazilia,-
1243,0573,2026-01-09 22:16:48,0940,EFECTIVO,$116.000,Milano,-
1242,0572,2026-01-09 22:14:36,5266,NEQUI,$29.000,Amazilia,-
1241,0571,2026-01-09 21:35:25,veci andarios,EFECTIVO,$39.000,pago punto,-
1240,0570,2026-01-09 21:32:59,sandra godoy,EFECTIVO,$47.000,pago punto,-
1239,0569,2026-01-09 20:52:57,mesa 4 tieste en combo,EFECTIVO,$40.000,pago punto,-
1238,0568,2026-01-09 20:32:59,pasan a recibir,EFECTIVO,$24.000,pago punto,-
1237,0567,2026-01-09 20:26:02,amigos perro punto,EFECTIVO,$36.000,pago punto,-
1236,0566,2026-01-09 20:14:58,pago punto 3 esp,EFECTIVO,$33.000,pago punto,-
1235,0565,2026-01-09 20:08:44,señor servio expres,EFECTIVO,$24.000,pago punto,-
1234,0564,2026-01-09 20:01:12,combo para llevar,NEQUI,$19.000,pago punto,-
1233,0563,2026-01-09 19:59:18,0337,DAVIPLATA,$24.000,Sie 4,-
1232,0562,2026-01-09 19:52:31,mesa 2 pareja,NEQUI,$39.500,pago punto,-
1231,0561,2026-01-09 19:36:23,3788 PASAN,EFECTIVO,$47.500,pago punto,-
1230,0560,2026-01-09 19:30:57,1901 DEYVER,EFECTIVO,$31.000,PUEBLO,-
1229,0559,2026-01-09 19:28:15,1223,EFECTIVO,$50.000,MORELI,-
1227,0557,2026-01-09 19:15:08,amigos punto,DAVIPLATA,$13.000,pago punto,-
1226,0556,2026-01-09 19:04:43,0332,EFECTIVO,$44.000,Amazilia,"1  sin cebolla	
2 salsa de piña
1 con todo"
1225,0555,2026-01-09 19:03:23,6151,DAVIPLATA,$22.000,Andaríos,-
1224,0554,2026-01-09 19:02:02,2770,NEQUI,$36.500,Milano,-
1223,0553,2026-01-09 18:53:45,pareja punto,EFECTIVO,$12.000,pago punto,-
1222,0552,2026-01-09 18:50:18,5523,DAVIPLATA,$215.000,Ebel,-
1221,0551,2026-01-09 18:37:58,3568,NEQUI,$19.000,Frontino,-
1220,0550,2026-01-08 22:02:55,barbero,DAVIPLATA,$12.000,-,-
1219,0549,2026-01-08 22:02:37,8895,EFECTIVO,$39.000,-,-
1218,0548,2026-01-08 22:02:02,perrito batara,EFECTIVO,$25.000,-,-
1217,0547,2026-01-08 22:01:25,3441,EFECTIVO,$43.000,-,-
1216,0546,2026-01-08 21:59:48,0660,EFECTIVO,$22.000,-,-
1215,0545,2026-01-08 21:59:05,5715,NEQUI,$12.000,-,-
1214,0544,2026-01-08 21:58:44,willmar,EFECTIVO,$12.000,-,-
1213,0543,2026-01-08 21:58:07,4346,NEQUI,$39.000,-,-
1212,0542,2026-01-08 21:56:36,4920,NEQUI,$26.500,-,-
1210,0540,2026-01-08 21:53:03,9583,EFECTIVO,$38.000,Amazilia,-
1209,0539,2026-01-08 21:52:13,9873 pasan johan,EFECTIVO,$35.500,pago punto,-
1208,0538,2026-01-08 21:51:05,4161,EFECTIVO,$16.000,torre 19,-
1207,0537,2026-01-08 21:50:14,2891,EFECTIVO,$41.000,Ibis,-
1206,0536,2026-01-08 21:49:05,3044,NEQUI,$39.000,moreli,-
1204,0534,2026-01-08 21:47:37,2817,NEQUI,$22.500,pago punto,-
1203,0533,2026-01-08 21:42:32,4732 pasan,EFECTIVO,$32.000,pago punto,-
1202,0532,2026-01-08 21:41:00,1283,NEQUI,$55.000,alfrente de industrial,mas vegetales
1201,0531,2026-01-08 21:10:51,wilmer,EFECTIVO,$12.000,pago punto,-
1200,0530,2026-01-08 21:04:42,pareja  mesa centro,EFECTIVO,$30.500,pago punto,-
1199,0529,2026-01-08 21:03:18,chicaa crespa,EFECTIVO,$12.000,pago punto,-
1198,0528,2026-01-08 20:59:48,amigos ,NEQUI,$23.000,pago punto,-
1197,0527,2026-01-08 20:29:36,chico alto,EFECTIVO,$15.500,pago punto,-
1196,0526,2026-01-08 20:10:18,pareja mesa fondo,EFECTIVO,$31.000,pago punto,-
1195,0525,2026-01-08 20:00:41,mesa 1,EFECTIVO,$35.500,pago punto,-
1194,0524,2026-01-08 19:32:41,mesa 5 ,EFECTIVO,$19.000,pago punto,-
1193,0523,2026-01-08 19:31:10,1927,EFECTIVO,$19.000,altamorada,-
1192,0522,2026-01-07 22:14:51,veci doble mesa 5,EFECTIVO,$19.500,pago punto,-
1191,0521,2026-01-07 22:14:13,spark negro,EFECTIVO,$33.000,pago punto,-
1190,0520,2026-01-07 22:00:22,6520,EFECTIVO,$11.000,Sie 2,-
1189,0519,2026-01-07 21:59:29,ruth ,EFECTIVO,$16.000,milano,-
1188,0518,2026-01-07 20:58:30,1770,EFECTIVO,$21.000,Moreli,-
1187,0517,2026-01-07 20:57:37,5972,EFECTIVO,$35.000,BICICLETARIA TORRES,-
1183,0513,2026-01-07 20:51:29,7700,NEQUI,$16.500,Amazilia,-
1182,0512,2026-01-07 20:40:21,8290,EFECTIVO,$12.000,Amazilia,-
1181,0511,2026-01-07 20:35:28,pareja moto,NEQUI,$30.500,pago punto,-
1180,0510,2026-01-07 20:15:43,5927,EFECTIVO,$12.000,Ibis,-
1179,0509,2026-01-07 20:14:28,8401,NEQUI,$32.500,Andaríos,-
1178,0508,2026-01-07 20:13:13,6048,EFECTIVO,$20.500,Jilguero,-
1177,0507,2026-01-07 20:12:40,6435,NEQUI,$45.000,Milano,-
1176,0506,2026-01-07 20:12:07,7908,EFECTIVO,$25.000,Aracari,-
1175,0505,2026-01-07 20:10:59,9851,EFECTIVO,$12.000,conjunto san sabana,-
1174,0504,2026-01-07 20:10:35,9851 + domi,NEQUI,$62.000,conjunto san sabana,-
1173,0503,2026-01-07 20:09:26,9873 recogen,EFECTIVO,$12.000,pago punto,-
1172,0502,2026-01-07 19:31:01,PAREJA,EFECTIVO,$6.500,pago punto,-
1171,0501,2026-01-07 18:51:17,8294 Capri,DAVIPLATA,$14.000,CAPRI,-
1170,0500,2026-01-06 15:34:36,xx,EFECTIVO,$0,xx,yy
1169,0499,2026-01-06 15:34:02,xx,NEQUI,$0,sad,-
1168,0003,2026-01-06 15:28:13,sadd,NEQUI,$0,Frontino,-
1167,0002,2026-01-06 15:22:45,prueba 5,NEQUI,$0,pago punto,-
1166,0001,2026-01-06 15:10:41,prueba,EFECTIVO,$0,ASD,Papa a la Francesa: | ASD | Papa a la Francesa: | ASD
1165,0476,2026-01-05 22:37:27,2734,NEQUI,$40.000,Sie 1,-
1164,0475,2026-01-05 22:22:51,9603,EFECTIVO,$16.000,Aracari,-
1163,0474,2026-01-05 22:21:53,4726,EFECTIVO,$39.000,alado policia,-
1162,0473,2026-01-05 22:19:34,pasan ham pechuga,EFECTIVO,$12.000,pago punto,-
1161,0472,2026-01-05 21:42:58,pago punto 3 sand,NEQUI,$62.500,pago punto,-
1160,0471,2026-01-05 21:18:14,FREDDY,NEQUI,$-45.000,-,-
1159,0470,2026-01-05 20:48:09,PUNTO MESA 6,EFECTIVO,$24.000,None,-
1158,0469,2026-01-05 20:36:17,0337,DAVIPLATA,$23.000,Sie 3,-
1157,0468,2026-01-05 20:31:52,5715,NEQUI,$24.000,Amazilia,-
1156,0467,2026-01-05 20:30:18,1154,NEQUI,$30.000,PUERTAS DE SOL 2,-
1155,0466,2026-01-05 20:28:48,8172 IVAN,NEQUI,$24.000,altamorada,-
1154,0465,2026-01-05 20:26:26,MUCHACHA 6 SAN,EFECTIVO,$72.000,pago punto,-
1153,0464,2026-01-05 20:16:40,5018,EFECTIVO,$36.000,Amazilia,-
1151,0462,2026-01-05 20:14:04,MESA 2 PAREJA,EFECTIVO,$42.000,pago punto,-
1150,0461,2026-01-05 19:46:50,CHICOS GYM,EFECTIVO,$24.000,pago punto,-
1149,0460,2026-01-05 19:36:04,MUCHACHO PANZE,EFECTIVO,$27.500,pago punto,-
1148,0459,2026-01-05 19:34:09,TONEL PASAN 0666,EFECTIVO,$24.000,pago punto,-
1147,0458,2026-01-05 19:23:53,3533,EFECTIVO,$37.500,Amazilia,-
1146,0457,2026-01-05 19:20:19,PIPE INDUSTRIAL,NEQUI,$36.000,PARQUE INDUSTRIA TIBITOC,-
1145,0456,2026-01-05 19:14:33,ROKERO,EFECTIVO,$11.000,pago punto,-
1144,0455,2026-01-05 18:57:07,LESBIS 2953,NEQUI,$28.000,Sie 3,-
1142,0453,2026-01-05 18:54:31,AMIGOS NIÑA,EFECTIVO,$15.500,pago punto,-
1141,0452,2026-01-05 18:53:15,AMIGOS 2,NEQUI,$14.500,pago punto,-
1140,0451,2026-01-05 18:52:16,AMIGOS 1,EFECTIVO,$19.500,pago punto,-
1139,0450,2026-01-05 18:51:32,MOTERO,EFECTIVO,$15.500,pago punto,-
1138,0449,2026-01-05 18:50:41,AMIGOS,NEQUI,$19.500,pago punto,-
1137,0448,2026-01-05 18:45:59,PRIMER CLIENTE,EFECTIVO,$22.000,pago punto,-
1134,0445,2026-01-02 23:01:15,amigo,NEQUI,$3.500,pago punto,-
1133,0444,2026-01-02 22:40:55,amigos,NEQUI,$12.000,pago punto,-
1132,0443,2026-01-02 22:39:36,danna,EFECTIVO,$12.000,pago punto,-
1131,0442,2026-01-02 22:37:04,motero,EFECTIVO,$28.500,pago punto,-
1130,0441,2026-01-02 22:12:52,9259,DAVIPLATA,$16.000,Batará,-
1129,0440,2026-01-02 21:58:03,toca 1,EFECTIVO,$15.500,Sie 1,-
1128,0439,2026-01-02 21:53:22,BATARA 603,NEQUI,$23.000,Batará,-
1127,0438,2026-01-02 21:48:19,4412,EFECTIVO,$46.000,Jilguero,-
1126,0437,2026-01-02 21:47:07,8701,DAVIPLATA,$13.000,Terranova,-
1125,0436,2026-01-02 21:45:57,0412,NEQUI,$116.000,CASA LUCTA,-
1124,0435,2026-01-02 21:39:18,PASAN A RECIBIR,NEQUI,$28.000,Jilguero,-
1123,0434,2026-01-02 21:06:49,PETROBRAS,NEQUI,$26.000,pago punto,-
1122,0433,2026-01-02 21:05:45,0515,NEQUI,$12.000,Amazilia,-
1121,0432,2026-01-02 21:03:51,1060,NEQUI,$49.000,Aracari,-
1119,0430,2026-01-02 20:56:13,7723,EFECTIVO,$23.000,Sie 1,-
1118,0429,2026-01-02 20:54:05,PAREJA PERROS C,EFECTIVO,$13.000,pago punto,-
1117,0428,2026-01-02 20:50:33,JHONATAN,EFECTIVO,$7.000,pago punto,-
1116,0427,2026-01-02 20:49:15,JHONATAN,NEQUI,$32.000,pago punto,-
1115,0426,2026-01-02 20:40:12,4803,EFECTIVO,$79.000,MILENIO,-
1114,0425,2026-01-02 20:36:13,CHICO BICI,NEQUI,$24.000,pago punto,-
1113,0424,2026-01-02 20:29:16,FAMILIA  GRANDE,NEQUI,$102.000,pago punto,-
1112,0423,2026-01-02 20:18:08,PAGO PUNTO,EFECTIVO,$33.500,pago punto,-
1111,0422,2026-01-02 20:16:29,LOCAL MOTO,EFECTIVO,$22.000,pago punto,-
1110,0421,2026-01-02 20:00:45,FAMILIA 3,NEQUI,$57.500,pago punto,-
1109,0420,2026-01-02 19:50:30,AMIGOS 3,NEQUI,$43.000,P,-
1108,0419,2026-01-02 19:42:58,2770,NEQUI,$40.000,Milano,-
1107,0418,2026-01-02 19:41:34,LOCSL NIÑO,EFECTIVO,$19.500,pago punto,-
1106,0417,2026-01-02 19:40:03,RECOGEN,EFECTIVO,$27.000,pago punto,-
1105,0416,2026-01-02 19:29:58,3422,EFECTIVO,$19.500,TIENDA ROPA BBVA,-
1104,0415,2026-01-02 19:28:55,7209,NEQUI,$19.500,OLIVOS,-
1103,0414,2026-01-02 19:25:47,LOCAL,NEQUI,$48.000,pago punto,-
1102,0413,2026-01-02 19:04:45,PUNTO,NEQUI,$15.500,None,-
1101,0412,2026-01-02 19:01:48,DANNA,EFECTIVO,$33.000,pago punto,-
1100,0411,2026-01-02 18:50:37,1927,NEQUI,$63.000,TERMOELECTRICA,-
1099,0410,2025-12-30 23:19:22,wilmer,EFECTIVO,$12.000,pago punto,-
1098,0409,2025-12-30 23:12:41,chicos motos,NEQUI,$49.000,pago punto,-
1097,0408,2025-12-30 23:12:11,local,EFECTIVO,$9.000,pago punto,-
1096,0407,2025-12-30 22:48:57,2170,EFECTIVO,$31.500,alfrente de venti,-
1095,0406,2025-12-30 22:39:23,7211,EFECTIVO,$40.500,puente diana,-
1094,0405,2025-12-30 22:34:38,1770,EFECTIVO,$20.000,moreli,-
1093,0404,2025-12-30 22:30:55,0516,NEQUI,$19.500,al frente iglesia,-
1092,0403,2025-12-30 22:13:32,embarazada,NEQUI,$48.000,pago punto,-
1091,0402,2025-12-30 22:11:37,amigos,EFECTIVO,$35.500,pago punto,-
1090,0401,2025-12-30 21:57:39,0146,EFECTIVO,$24.000,Amazilia,-
1089,0400,2025-12-30 21:55:08,2817,EFECTIVO,$16.000,2 piso pizerria,-
1088,0399,2025-12-30 21:54:04,3415,NEQUI,$22.000,Batará,-
1087,0398,2025-12-30 21:51:34,señor chaqueta negra,NEQUI,$21.000,pago punto,-
1086,0397,2025-12-30 21:32:33,4749,EFECTIVO,$80.500,acacias,-
1085,0396,2025-12-30 21:18:34,Pago punto mesa 6,EFECTIVO,$49.000,pago punto,-
1084,0395,2025-12-30 20:59:02,pago punto  CHAQUETA GRIS,NEQUI,$25.500,pago punto,-
1083,0394,2025-12-30 20:45:37,steven,EFECTIVO,$11.000,pago punto,-
1082,0393,2025-12-30 20:32:49,Paog locla,EFECTIVO,$31.000,pago punto,-
1081,0392,2025-12-30 20:31:11,lorena,EFECTIVO,$23.000,Andaríos,-
1080,0391,2025-12-30 20:27:09,9091,EFECTIVO,$46.000,Aracari,-
1079,0390,2025-12-30 20:11:43,pago punto ,EFECTIVO,$29.500,pago punto,-
1078,0389,2025-12-30 20:07:40,audi domi,NEQUI,$27.000,pago punto,-
1077,0388,2025-12-30 20:00:29,9215,NEQUI|22000.0+EFECTIVO|2000.0,$24.000,-,-
1076,0387,2025-12-30 19:56:30,6285,NEQUI,$44.000,canchas bomberos,-
1075,0386,2025-12-30 19:40:44,pago punto,NEQUI,$39.000,pago punto,-
1074,0385,2025-12-30 19:34:09,0332,DAVIPLATA,$55.000,Amazilia,-
1073,0384,2025-12-30 19:32:17,6291,DAVIPLATA,$36.000,Amazilia,-
1072,0383,2025-12-30 19:10:33,3050,NEQUI,$29.000,OLIVOS MADEROS,-
1071,0382,2025-12-30 19:07:45,pareja,DAVIPLATA,$31.500,pago punto,-
1070,0381,2025-12-30 18:55:57,2953,NEQUI,$37.000,Sie 3,-
1069,0380,2025-12-29 23:06:20,DOMICILIO,EFECTIVO,$27.500,None,-
1068,0379,2025-12-29 22:53:51,MUCHACHA -500,EFECTIVO,$12.500,pago punto,-
1067,0378,2025-12-29 22:52:57,4164,NEQUI,$16.000,Torre de San Juan 19B,-
1066,0377,2025-12-29 22:52:08,SIE2 LLAMADA,EFECTIVO,$25.500,Sie 2,-
1065,0376,2025-12-29 22:51:15,PAGO LOCAL GAFAS,NEQUI,$50.500,pago punto,-
1064,0375,2025-12-29 22:49:28,7040,DAVIPLATA,$20.000,IBIZ,-
1062,0373,2025-12-29 22:45:19,ANGELO,NEQUI,$15.500,None,-
1061,0372,2025-12-29 22:44:36,PUNTO,NEQUI,$21.500,None,-
1060,0371,2025-12-29 22:30:58,4743,DAVIPLATA,$39.000,bosques arrayan,-
1059,0370,2025-12-29 22:27:55,MESA 3 3P,NEQUI,$11.000,pago punto,-
1058,0369,2025-12-29 22:26:22,MESA 3 2 P,EFECTIVO,$22.000,PA,-
1057,0368,2025-12-29 22:24:30,mesa 3 1 pA,EFECTIVO,$27.000,pago punto,-
1056,0367,2025-12-29 22:18:59,Local,EFECTIVO,$35.000,pago punto,-
1055,0366,2025-12-29 22:05:58,amigo robinson,EFECTIVO,$12.000,pago punto,-
1054,0365,2025-12-29 21:33:52,mehudo,NEQUI,$12.000,pago punto,-
1053,0364,2025-12-29 21:29:41,familia,EFECTIVO,$45.000,pago punto,-
1052,0363,2025-12-29 21:24:47,8901,EFECTIVO,$51.000,batara,-
1051,0362,2025-12-29 21:21:58,ronbinson,NEQUI,$14.500,Taller Motos,-
1050,0361,2025-12-29 21:21:26,3589,NEQUI,$33.000,Amazilia,-
1049,0360,2025-12-29 21:13:59,domi pago,EFECTIVO,$24.000,pago punto,-
1048,0359,2025-12-29 21:09:57,1762,NEQUI,$30.000,Batará,-
1047,0358,2025-12-29 21:08:45,0468,DAVIPLATA,$13.000,Amazilia,-
1046,0357,2025-12-29 21:06:23,wilmer,EFECTIVO,$14.500,pago punto,-
1045,0356,2025-12-29 21:05:22,1856,DAVIPLATA,$24.000,altamorada,-
1044,0355,2025-12-29 20:39:54,grupo 3,NEQUI,$62.000,pago punto,-
1043,0354,2025-12-29 20:32:33,local,EFECTIVO,$34.000,pago punto,-
1042,0353,2025-12-29 20:24:27,LOCAL,EFECTIVO,$22.000,pago punto,-
1041,0352,2025-12-29 19:49:43,primo anyelo,NEQUI,$4.000,pago punto,-
1040,0351,2025-12-29 19:43:50,4359,NEQUI,$36.000,Ibis,-
1039,0350,2025-12-29 19:19:07,pareja,EFECTIVO,$39.000,pago punto,-
1038,0349,2025-12-29 19:16:13,2993,NEQUI,$32.000,Sie 1,-
1037,0348,2025-12-29 19:14:30,6871,NEQUI,$32.000,Aracari,-
1036,0347,2025-12-29 19:11:59,2817,NEQUI,$19.500,Pizzeria Callejon,-
1035,0346,2025-12-29 19:01:48,5894 Local,EFECTIVO,$20.000,pago punto,-
1034,0345,2025-12-28 21:20:03,perrito batara,EFECTIVO,$39.000,None,-
1033,0344,2025-12-28 21:19:17,johan,NEQUI,$39.000,None,-
1032,0343,2025-12-28 21:18:54,7893,NEQUI,$35.000,None,-
1031,0342,2025-12-28 21:13:50,punto,EFECTIVO,$39.000,None,-
1030,0341,2025-12-28 21:11:54,punto,EFECTIVO,$24.000,None,-
1029,0340,2025-12-28 20:32:12,9581,EFECTIVO,$22.000,None,-
1028,0339,2025-12-28 20:28:51,PUNT,EFECTIVO,$53.000,None,-
1027,0338,2025-12-28 20:22:58,ROBINSON,EFECTIVO,$19.500,None,-
1026,0337,2025-12-28 20:13:30,3905,EFECTIVO,$24.000,Frontino,-
1025,0336,2025-12-28 19:24:48,3050,NEQUI,$18.000,None,-
1024,0335,2025-12-28 19:21:22,3396,NEQUI,$31.000,None,-
1023,0334,2025-12-28 19:13:19,PUNTO,NEQUI,$24.000,None,-
1022,0333,2025-12-28 18:55:16,PUNTO,EFECTIVO,$42.000,None,-
1020,0331,2025-12-28 18:46:27,PUNTO,EFECTIVO,$11.000,None,-
1018,0329,2025-12-28 18:45:32,PUNTO,NEQUI,$11.000,None,-
1016,0327,2025-12-27 22:59:52,motero,NEQUI,$26.500,pago punto,H Especial: | pasan a recibir | H Especial: | pasan a recibir | H Especial: | pasan a recibir
1015,0326,2025-12-27 22:53:28,deyver Pte pago,NEQUI,$12.000,pago punto,-
1014,0325,2025-12-27 22:41:38,0905,EFECTIVO,$39.000,Sandunga,-
1013,0324,2025-12-27 22:37:42,pago sandwicj,EFECTIVO,$12.000,pago punto,-
1012,0323,2025-12-27 22:36:52,pareja mesa 4,NEQUI,$31.000,pago punto,-
1011,0322,2025-12-27 22:35:22,pago punto mesa 3,NEQUI,$24.000,pago punto,-
1010,0321,2025-12-27 22:29:26,local pasan,EFECTIVO,$36.000,pago punto,-
1008,0319,2025-12-27 22:25:50,johan local,NEQUI,$19.500,pago punto,-
1007,0318,2025-12-27 21:57:48,9065,EFECTIVO,$18.000,Torre de San Juan 39B,-
1006,0317,2025-12-27 21:54:41,5959,NEQUI,$22.000,santa lucia vidrios azules,-
1005,0316,2025-12-27 21:48:07,local domi,EFECTIVO,$48.000,Frontino,-
1004,0315,2025-12-27 21:40:21,dana,NEQUI,$11.000,pago punto,-
1001,0312,2025-12-27 21:39:31,local,NEQUI,$31.000,pago punto,-
313,0311,2025-12-27 21:18:57,3714,NEQUI,$22.000,carrilera,-
312,0310,2025-12-27 21:13:43,2953,NEQUI,$35.000,Sie 3,H Doble Carne: | sin vegetales | H Doble Carne: | sin vegetales | H Doble Carne: | sin vegetales
311,0309,2025-12-27 21:10:42,local sandwice  vege,EFECTIVO,$27.000,pago punto,-
310,0308,2025-12-27 21:09:12,3423,EFECTIVO,$33.000,Tonel,-
309,0307,2025-12-27 20:50:31,1589,NEQUI,$31.500,alameda,-
308,0306,2025-12-27 20:38:00,8901,EFECTIVO,$16.000,Batará,-
307,0305,2025-12-27 20:34:15,local,NEQUI,$43.000,pago punto,-
306,0304,2025-12-27 20:27:25,pago punto local,EFECTIVO,$18.500,pago punto,-
305,0303,2025-12-27 20:23:29,3593,DAVIPLATA,$31.000,Sie 1,-
304,0302,2025-12-27 20:18:38,2993,NEQUI,$16.000,Sie 1,-
303,0301,2025-12-27 20:17:57,6991,NEQUI,$16.000,bosques alizos,-
302,0300,2025-12-27 19:56:19,3017,EFECTIVO,$60.000,Ibis,-
301,0299,2025-12-27 19:35:06,"1708 2,000 domicilio",NEQUI,$20.000,Puertas sol 2,-
300,0298,2025-12-27 19:31:20,3529,EFECTIVO,$43.000,Sie 3,-
299,0297,2025-12-27 19:26:30,pareja mesa 5,EFECTIVO,$39.000,pago punto,-
298,0296,2025-12-27 19:25:38,4733 -3000 domi,NEQUI,$41.000,Sie 3,-
297,0295,2025-12-27 19:09:25,pago punto,NEQUI,$12.000,pago punto,-
296,0294,2025-12-27 18:55:37,5927,NEQUI,$11.000,ibiz,-
295,0293,2025-12-27 18:49:33,5850,NEQUI,$24.000,Sie 1,-
294,0292,2025-12-27 18:47:10,4773,NEQUI,$35.000,Olivos|,-
293,0291,2025-12-27 18:41:36,8145,EFECTIVO,$44.000,Amazilia,-
292,0290,2025-12-27 18:36:46,pago punto,EFECTIVO,$28.500,pago punto,-
291,0289,2025-12-22 20:06:29,6573,DAVIPLATA,$25.000,Frontino,-
290,0288,2025-12-22 19:40:34,1218,NEQUI|25000.0+EFECTIVO|2500.0,$27.500,-,-
289,0287,2025-12-22 19:30:56,2817,NEQUI,$19.500,pago punto,H Doble Carne: | DOMICILIO | PIZZERIA | H Doble Carne: | DOMICILIO | PIZZERIA
288,0286,2025-12-22 19:27:54,PAREJA,NEQUI,$30.500,pago punto,-
287,0285,2025-12-22 19:27:51,PAREJA,NEQUI,$30.500,pago punto,-
286,0284,2025-12-22 18:58:54,AMAZILIA,EFECTIVO,$55.000,Amazilia,-
284,0282,2025-12-20 22:53:04,5058,NEQUI,$12.000,Tángara,-
283,0281,2025-12-20 22:51:04,2170,EFECTIVO,$24.000,PUNTO TINTO TORRES,-
282,0280,2025-12-20 22:48:37,PASA 9148 SANTI,EFECTIVO,$27.000,pago punto,-
281,0279,2025-12-20 22:45:47,pago wilmer taxi,EFECTIVO,$12.000,pago punto,-
280,0278,2025-12-20 22:28:12,DANNY BROSYER,EFECTIVO,$27.000,danny broster,-
279,0277,2025-12-20 22:26:04,8597,EFECTIVO,$47.500,OLIVOS,-
278,0276,2025-12-20 21:54:55,9850 ,NEQUI,$7.000,ARISMEDI,-
277,0275,2025-12-20 21:51:10,PAGO PUNTO MEDIO,EFECTIVO,$49.500,pago punto,-
276,0274,2025-12-20 21:49:41,PAGO PUNTO,EFECTIVO,$22.000,PA,-
275,0273,2025-12-20 21:46:17,9850,NEQUI,$47.000,ARIMENDI,-
274,0272,2025-12-20 21:42:49,PAGO PUNTO,EFECTIVO,$28.000,pago punto,-
273,0271,2025-12-20 21:41:57,5715,NEQUI,$24.000,Amazilia,-
272,0270,2025-12-20 21:38:50,PAGO PUNTO,DAVIPLATA,$38.500,pago punto,-
271,0269,2025-12-20 21:34:56,LOCAL TRIPLES,NEQUI,$92.500,pago punto,-
270,0268,2025-12-20 21:31:56,LOCAL,EFECTIVO,$9.000,pago punto,-
269,0267,2025-12-20 21:21:22,PAGO PUNTO SANDICHE,EFECTIVO,$45.000,pago punto,-
268,0266,2025-12-20 21:19:57,PAGO PUNTO SANDWICH,EFECTIVO,$41.000,pago punto,-
267,0265,2025-12-20 21:13:53,LOCAL 6520,NEQUI,$23.000,pago punto,-
266,0264,2025-12-20 21:12:07,LOCAL,EFECTIVO,$23.500,pago punto,-
265,0263,2025-12-20 21:07:48,LOCAL,NEQUI,$23.000,pago punto,-
263,0261,2025-12-20 20:40:16,7540,NEQUI,$32.000,Milano,-
262,0260,2025-12-20 20:38:11,PAGO PUNTO,EFECTIVO,$36.000,pago punto,-
261,0259,2025-12-20 20:31:20,5413,DAVIPLATA,$21.000,Milano,-
260,0258,2025-12-20 20:22:48,LOCAL,NEQUI,$21.000,pago punto,-
259,0257,2025-12-20 20:11:39,cliente 34 2631 ,NEQUI,$38.000,Aracari,H Especial: | UNA SIN CEBOLLA | H Especial: | UNA SIN CEBOLLA
258,0256,2025-12-20 20:09:28,LOCAL,NEQUI,$28.000,PA,-
257,0255,2025-12-20 20:06:36,6338,EFECTIVO,$14.500,Tangara,-
256,0254,2025-12-20 20:01:34,LOCAL,EFECTIVO,$43.500,pago punto,-
255,0253,2025-12-20 19:59:36,LOCAL,EFECTIVO,$66.500,pago punto,-
254,0252,2025-12-20 19:44:38,LOCAL,NEQUI,$26.500,pago punto,-
253,0251,2025-12-20 19:40:58,4356,NEQUI,$44.500,ibiz,-
252,0250,2025-12-20 19:38:16,Dannita,EFECTIVO,$12.000,pago punto,-
251,0249,2025-12-20 19:37:29,2145,NEQUI,$23.000,MILENIO,-
249,0247,2025-12-20 19:35:18,0905,EFECTIVO,$24.000,Sie 1,-
248,0246,2025-12-20 19:33:46,LOCAL,EFECTIVO,$12.000,pago punto,-
247,0245,2025-12-20 19:30:46,LOCAL,EFECTIVO,$52.500,pago punto,-
246,0244,2025-12-20 19:21:33,wqeads,DAVIPLATA,$1.500,dsvf,Queso: | prueba
245,0243,2025-12-20 19:15:01,CRESPO,EFECTIVO,$38.000,pago punto,-
244,0242,2025-12-20 19:01:52,PASA A RECIBIR ,EFECTIVO,$20.500,pago punto,-
243,0241,2025-12-20 18:58:49,PROFESOR GYM,EFECTIVO,$25.500,pago punto,-
241,0239,2025-12-20 18:39:43,3743,NEQUI,$41.000,KARILA,-
240,0238,2025-12-19 22:29:14,LOCAL,EFECTIVO,$43.000,pago punto,-
239,0239,2025-12-19 22:26:06,GASTOS PAN ,EFECTIVO,$-12.000,KARILA,-
238,0236,2025-12-19 22:14:30,LOCAL,NEQUI,$6.500,pago punto,-
237,0235,2025-12-19 22:04:23,DEYVER,EFECTIVO,$27.000,PUEBLO,-
235,0233,2025-12-19 22:01:58,LOCAL,EFECTIVO,$19.500,pago punto,-
234,0232,2025-12-19 22:01:28,LOCAL,NEQUI,$23.500,pago punto,-
233,0231,2025-12-19 21:51:34,0516,NEQUI,$27.000,al frente iglesia,-
232,0230,2025-12-19 21:40:37,8764,NEQUI,$48.000,Andaríos,-
231,0229,2025-12-19 21:38:49,PAGO PUNTO SANDWICH,EFECTIVO,$89.500,pago punto,-
230,0228,2025-12-19 21:31:17,8901 PERRITO,EFECTIVO,$31.500,Sie 4,-
229,0227,2025-12-19 21:28:08,3055,EFECTIVO,$22.000,Aracari,-
228,0226,2025-12-19 21:12:38,6291,DAVIPLATA,$12.000,Amazilia,-
227,0225,2025-12-19 21:09:57,4192,NEQUI,$16.000,Amazilia,-
226,0224,2025-12-19 20:59:06,PAGO PUNTO ,EFECTIVO,$34.000,pago punto,-
225,0223,2025-12-19 20:58:08,4099,NEQUI,$20.500,Batará,-
224,0222,2025-12-19 20:38:41,4773 ELSA,NEQUI,$30.000,OLIVOS,-
223,0221,2025-12-19 20:36:33,0249,NEQUI,$48.000,Sie 2,-
222,0220,2025-12-19 20:33:17,7137,NEQUI|22000.0+NEQUI|2000.0,$24.000,-,-
221,0220,2025-12-19 20:29:36,5715,EFECTIVO,$24.000,-,-
220,0220,111,PRUEBA,DAVIPLATA,$0,-,-
219,0219,2025-12-19 20:08:30,6435,EFECTIVO,$10.000,pago punto,-
218,0218,2025-12-19 20:02:48,DANNA,EFECTIVO,$33.000,pago punto,-
217,0217,2025-12-19 19:59:31,6435,NEQUI,$42.000,-,-
216,0216,2025-12-19 19:56:43,4356,DAVIPLATA,$30.000,Ibis,-
215,0215,2025-12-19 19:56:41,4356,DAVIPLATA,$30.000,Ibis,-
214,0214,2025-12-19 19:55:43,8389 ,DAVIPLATA,$24.000,Andaríos,H Especial: | ADICION DE | QUESO 1000 | Costo Recipiente: | ADICION DE | QUESO 1000 | H Especial: | ADICION DE | QUESO 1000 | Costo Recipiente: | ADICION DE | QUESO 1000 | H Especial: | ADICION DE | QUESO 1000 | Costo Recipiente: | ADICION DE | QUESO 1000
213,0213,2025-12-19 19:05:16,PAGO PUNTO PRIMO AYELO,EFECTIVO,$26.000,pago punto,-
212,0212,2025-12-19 19:02:57,2817 CASA PIZZERIA,DAVIPLATA,$66.500,pago punto,-
211,0211,2025-12-19 19:01:00,7360,NEQUI,$31.000,Sie 1,-
210,0210,2025-12-19 18:52:40,LUCTA,EFECTIVO,$164.500,LUCTA,-
209,0209,2025-12-18 23:48:54,PRUEBA,NEQUI,$9.000,-,-
208,0208,2025-12-18 23:01:47,LOCAL,NEQUI,$31.000,pago punto,-
206,0206,2025-12-18 22:49:13,LOCAL,NEQUI,$27.500,pago punto,-
205,0205,2025-12-18 22:20:29,0952,EFECTIVO,$22.000,Sie 3,-
204,0204,2025-12-18 22:13:28,ñiña ,EFECTIVO,$32.500,pago punto,-
203,0203,2025-12-18 22:06:17,papa hijo,EFECTIVO,$39.000,pago punto,-
199,0199,2025-12-18 22:03:38,8118 torre 36,NEQUI,$12.000,Torre de San Juan 23B,-
198,0198,2025-12-18 21:53:50,6777,EFECTIVO,$24.000,Sie 1,-
197,0197,2025-12-18 21:38:02,chica gafas,EFECTIVO,$27.500,pago punto,-
196,0196,2025-12-18 21:31:01,7580,DAVIPLATA,$44.000,Sie 1,-
195,0195,2025-12-18 21:29:39,amigo sandra,NEQUI,$39.000,pago punto,-
194,0194,2025-12-18 21:28:34,2953,NEQUI,$16.000,Sie 3,H Doble Carne: | no vegetales no | salsas
193,0193,2025-12-18 21:20:37,9302,NEQUI,$15.500,Amazilia,-
192,0192,2025-12-18 21:19:15,4634,NEQUI,$16.000,Sie 1,-
191,0191,2025-12-18 21:05:54,chaqueta ,EFECTIVO,$24.000,pago punto,-
190,0190,2025-12-18 21:04:56,LOCAL,NEQUI,$24.000,pago punto,-
189,0189,2025-12-18 20:54:53,LOCAL,EFECTIVO,$58.500,pago punto,-
188,0188,2025-12-18 20:47:48,BERCORT ,NEQUI,$54.000,BERCORT,-
187,0187,2025-12-18 20:28:59,SERGIO,EFECTIVO,$12.000,pago punto,Sandwich de la casa: | PASAN A RECIBIR
186,0186,2025-12-18 20:26:37,0044,NEQUI,$16.000,Sie 1,-
185,0185,2025-12-18 20:15:11,LOCAL,NEQUI,$24.000,pago punto,-
184,0184,2025-12-18 20:00:01,ANYELO,NEQUI,$3.500,pago punto,-
183,0183,2025-12-18 19:59:10,ANYELO,NEQUI,$11.000,pago punto,-
182,0182,2025-12-18 19:50:52,PAREJA,EFECTIVO,$20.500,pago punto,-
181,0181,2025-12-18 19:41:14,IVAN,NEQUI,$28.500,altamorada,-
180,0180,2025-12-18 19:40:33,NIÑO HONGO,NEQUI,$12.000,pago punto,-
179,0179,2025-12-18 19:32:00,3669,EFECTIVO,$11.000,Sie 4,-
178,0178,2025-12-18 19:24:41,DANNA,NEQUI,$11.000,pago punto,H Especial: | BIEN AZADA
177,0177,2025-12-18 19:23:17,DANNA,NEQUI,$11.000,pago punto,-
176,0176,2025-12-18 19:18:44,FAMILIA,EFECTIVO,$60.000,pago punto,-
175,0175,2025-12-18 19:09:10,7561,NEQUI,$48.000,Sie 4,-
174,0174,2025-12-18 18:56:11,3017,EFECTIVO,$55.000,Ibis,-
173,0173,2025-12-18 18:52:52,motero,EFECTIVO,$24.000,pago punto,-
172,0172,2025-12-18 18:40:51,3143,NEQUI,$54.000,Alamos,-
171,0171,2025-12-17 22:28:57,LOCAL,EFECTIVO,$24.000,pago punto,-
170,0170,2025-12-17 22:19:58,2432,EFECTIVO,$22.000,Milano,-
169,0169,2025-12-17 22:14:02,anyelo,EFECTIVO,$10.000,pago punto,-
168,0168,2025-12-17 22:13:14,local niño champiñon,EFECTIVO,$15.500,pago punto,-
167,0167,2025-12-17 22:08:20,local,NEQUI,$22.000,pago punto,-
166,0166,2025-12-17 21:16:32,0235,NEQUI,$39.000,Batará,-
165,0165,2025-12-17 21:04:36,hernan,EFECTIVO,$39.000,pago punto,-
164,0164,2025-12-17 20:54:26,7040,DAVIPLATA,$15.500,Ibis,-
163,0163,2025-12-17 20:50:11,8901,EFECTIVO,$16.000,Sie 4,-
162,0162,2025-12-17 20:46:15,LOCAL,EFECTIVO,$31.000,pago punto,-
161,0161,2025-12-17 19:58:30,steven,EFECTIVO,$43.000,pago punto,-
160,0160,2025-12-17 19:56:55,6189,DAVIPLATA,$20.500,Batará,H Doble Carne: | no lechuga | H Doble Carne: | no lechuga | H Doble Carne: | no lechuga
159,0159,2025-12-17 19:21:02,4918,NEQUI,$28.000,Amazilia,-
158,0158,2025-12-17 19:19:47,7202,NEQUI,$24.000,pago punto,Sandwich de la casa: | dividido en 2 | pasan a recibir
157,0157,2025-12-16 22:02:25,robinson,NEQUI,$14.500,Taller Motos,-
156,0156,2025-12-16 21:37:10,pareja,EFECTIVO,$39.000,pago punto,-
155,0155,2025-12-16 21:29:04,jose,EFECTIVO,$16.000,pago punto,-
154,0154,2025-12-16 21:19:53,steven,NEQUI,$34.500,pago punto,-
153,0153,2025-12-16 21:18:09,andres,NEQUI,$39.000,pago punto,-
152,0152,2025-12-16 21:05:47,niño hongo,NEQUI,$12.000,pago punto,-
151,0151,2025-12-16 20:56:44,LOCAL,EFECTIVO,$19.500,pago punto,-
150,0150,2025-12-16 20:48:16,local,EFECTIVO,$35.000,pago punto,-
149,0149,2025-12-16 20:31:33,local,NEQUI,$42.000,pago punto,-
148,0148,2025-12-16 20:19:19,4412,EFECTIVO,$24.000,Jilguero,-
147,0147,2025-12-16 20:13:40,steven,EFECTIVO,$11.000,pago punto,-
146,0146,2025-12-16 20:12:44,audi,NEQUI,$25.000,pago punto,-
145,0145,2025-12-16 19:48:02,6413,NEQUI,$9.000,pago punto,Choriperro Especial: | pasan a recoger
144,0144,2025-12-16 19:26:41,6713,NEQUI,$14.000,pago punto,panzerotti: | domicilio pago | punto
143,0143,2025-12-16 18:59:04,1283 alfrente de industrial,NEQUI,$77.500,pago punto,-
142,0142,2025-12-16 18:52:17,0928,DAVIPLATA,$24.000,Milano,-
141,0141,2025-12-16 18:51:04,3104,NEQUI,$35.000,felicia,-
140,0140,2025-12-16 18:47:25,anulada 1283 al frente del industrial,NEQUI,$0,pago punto,-
139,0139,2025-12-16 18:43:01,1927,EFECTIVO,$19.000,altamorada,H Especial: | sin cebollla | sin tocineta | H Especial: | sin cebollla | sin tocineta | H Especial: | sin cebollla | sin tocineta | H Especial: | sin cebollla | sin tocineta
138,0138,2025-12-16 18:41:29,anulada 1283 alfrente del indutrial a,NEQUI,$0,pago punto,H Doble Carne: | salsa bbq | H Doble Carne: | salsa bbq
133,0133,2025-12-16 16:23:59,prueba,EFECTIVO,$0,-,-
123,0123,2025-12-16 16:07:36,prueba,NEQUI,$0,pago punto,-
122,0122,2025-12-16 16:06:34,prueba,DAVIPLATA,$0,pago punto,-
121,0121,2025-12-16 15:59:41,prueba,NEQUI,$0,pago punto,-
120,0120,2025-12-15 23:17:20,LOCAL,NEQUI,$40.000,pago punto,-
119,0119,2025-12-15 23:15:27,FACTURA DUPLICADA 118,EFECTIVO,$0,Amazilia,-
118,0118,2025-12-15 23:15:26,9302,EFECTIVO,$24.000,Amazilia,-
117,0117,2025-12-15 22:59:23,0358,NEQUI,$36.000,Jilguero,-
116,0116,2025-12-15 22:51:10,local dividido factura 106,NEQUI,$12.750,pago punto,-
115,0115,2025-12-15 22:51:09,local dividido factura 116,EFECTIVO,$12.750,pago punto,-
114,0114,2025-12-15 22:48:53,local,EFECTIVO,$11.000,pago punto,-
113,0113,2025-12-15 22:48:06,local,NEQUI,$14.500,pago punto,-
112,0112,2025-12-15 22:48:06,local,NEQUI,$14.500,pago punto,-
111,0111,2025-12-15 22:35:19,local,NEQUI,$18.500,pago punto,-
110,0110,2025-12-15 22:14:49,local,NEQUI,$14.500,pago punto,-
109,0109,2025-12-15 22:09:13,local,DAVIPLATA,$30.000,pago punto,-
108,0108,2025-12-15 22:02:23,local ,EFECTIVO,$64.500,pago punto,-
107,0107,2025-12-15 22:00:31,local,EFECTIVO,$39.000,pago punto,-
106,0106,2025-12-15 22:00:30,local,EFECTIVO,$39.000,pago punto,-
105,0105,2025-12-15 21:49:34,local dividido factura 104,NEQUI,$27.000,pago punto,-
104,0104,2025-12-15 21:49:33,local dividido factura 105,EFECTIVO,$19.000,pago punto,-
103,0103,2025-12-15 21:27:48,0353 decolucion de papas,NEQUI,$27.000,Sie 3,-
102,0102,2025-12-15 21:12:59,local,NEQUI,$12.000,pago punto,-
101,0101,2025-12-15 21:09:10,local,EFECTIVO,$20.000,pago punto,-
100,0100,2025-12-15 21:06:58,altamorada 4352,NEQUI,$30.500,altamorada,-
99,0099,2025-12-15 20:46:59,jose,EFECTIVO,$24.500,pago punto,-
98,0098,2025-12-15 20:25:33,0412,NEQUI,$103.000,caosta termo,-
97,0097,2025-12-15 20:16:14,local,EFECTIVO,$31.000,pago punto,-
96,0096,2025-12-15 20:14:47,local,EFECTIVO,$19.500,pago punto,-
95,0095,2025-12-15 20:03:27,loca,EFECTIVO,$24.000,pago punto,-
92,0092,2025-12-15 19:59:34,local,NEQUI,$17.000,pago punto,-
91,0091,2025-12-15 19:52:17,local,EFECTIVO,$12.000,pago punto,-
90,0090,2025-12-15 19:51:34,local,NEQUI,$25.500,pago punto,-
89,0089,2025-12-15 19:49:33,local,NEQUI,$30.000,pago punto,-
88,0088,2025-12-15 19:47:46,local,EFECTIVO,$35.500,pago punto,-
87,0087,2025-12-15 19:36:15,local,EFECTIVO,$10.500,pago punto,-
86,0086,2025-12-15 19:12:52,7789,EFECTIVO,$36.500,Batará,Sandwich de la casa: | 1 sin salsa | Sandwich de la casa: | 1 sin salsa | Sandwich de la casa: | 1 sin salsa | Sandwich de la casa: | 1 sin salsa
85,0085,2025-12-15 18:56:00,1945,NEQUI,$1.000,Milano,-
84,0084,2025-12-15 18:53:43,1945,NEQUI,$32.000,Milano,-
83,0083,2025-12-15 18:45:49,0851,EFECTIVO,$15.000,pueblo por el santadereano,-
82,0082,2025-12-15 18:44:05,1764,NEQUI,$32.000,Milano,-
81,0081,2025-12-13 23:31:11,LOCAL,NEQUI,$61.000,pago punto,-
80,0080,2025-12-13 23:30:03,0358,EFECTIVO,$31.000,Jilguero,-
79,0079,2025-12-13 23:21:26,LOCAL,NEQUI,$29.000,pago punto,-
78,0078,2025-12-13 23:06:09,LOCAL,DAVIPLATA,$48.000,pago punto,-
77,0077,2025-12-13 22:56:13,5715,NEQUI,$23.000,Amazilia,-
76,0076,2025-12-13 22:54:28,LOCAL FACTURA 75,DAVIPLATA,$0,pago punto,-
75,0075,2025-12-13 22:54:26,LOCAL,DAVIPLATA,$35.000,pago punto,-
74,0074,2025-12-13 22:49:56,LOCAL,EFECTIVO,$23.000,pago punto,-
73,0073,2025-12-13 22:16:02,7969,EFECTIVO,$44.000,Sie 1,-
72,0072,2025-12-13 21:53:15,9302,NEQUI,$27.000,Terpel,Doble Carne: | Se cobro $2000 | el domicilio | Doble Carne: | Se cobro $2000 | el domicilio | Doble Carne: | Se cobro $2000 | el domicilio | Doble Carne: | Se cobro $2000 | el domicilio
71,0071,2025-12-13 21:50:46,3050,EFECTIVO,$28.500,olivos,Especial: | Se cobro $2000 | el domicilio | Especial: | Se cobro $2000 | el domicilio
70,0070,2025-12-13 21:45:03,8389,NEQUI,$27.000,Andaríos,-
69,0069,2025-12-13 21:36:11,3658 FACTURA 68,EFECTIVO,$0,Sie 3,-
68,0068,2025-12-13 21:36:10,3658,EFECTIVO,$22.000,Sie 3,-
67,0067,2025-12-13 21:15:58,0960,NEQUI,$24.000,Amazilia,-
66,0066,2025-12-13 21:14:17,local,NEQUI,$40.000,pago punto,-
65,0065,2025-12-13 21:11:45,8764,NEQUI,$33.000,Andaríos,-
64,0064,2025-12-13 20:53:59,8901 factura 62,EFECTIVO,$0,Batará,-
63,0063,2025-12-13 20:53:52,8901 factura 62,EFECTIVO,$0,Batará,-
62,0062,2025-12-13 20:53:03,8901,EFECTIVO,$51.000,Batará,-
61,0061,2025-12-13 20:50:18,0516 factura 59,NEQUI,$0,al frente iglesia,-
60,0060,2025-12-13 20:48:48,0516 factura 59,NEQUI,$0,al frente iglesia,-
59,0059,2025-12-13 20:48:00,0516,NEQUI,$13.000,al frente iglesia,-
58,0058,2025-12-13 20:42:45,wilmar taxi,EFECTIVO,$3.500,pago punto,-
57,0057,2025-12-13 20:40:14,7360,NEQUI,$12.000,Sie 1,Sandwich de la casa: | dividido en 2
56,0056,2025-12-13 20:18:48,7728,EFECTIVO,$46.000,Ibis,-
55,0055,2025-12-13 20:16:59,3422,EFECTIVO,$48.000,Local Ropa BBVA,-
54,0054,2025-12-13 20:14:52,willmer taxi,EFECTIVO,$12.000,pago punto,Pechuga de Pollo: | sin cebolla sin | salsa
53,0053,2025-12-13 20:12:29,3422,EFECTIVO,$47.000,local Ropa BBVA,-
52,0052,2025-12-13 20:09:40,prueba,NEQUI,$0,Batará,-
51,0051,2025-12-13 20:05:44,prueba,NEQUI,$0,lk,-
50,0050,2025-12-13 20:04:15,9840 factura 49,DAVIPLATA,$0,Amazilia,-
49,0049,2025-12-13 20:03:53,AMAZILIA 6840,DAVIPLATA,$16.000,Amazilia,-
48,0048,2025-12-13 20:02:12,9477 factura 46,EFECTIVO,$0,Al frente inglecia,-
47,0047,2025-12-13 20:02:10,9477 factura 46,EFECTIVO,$0,Al frente inglecia,-
46,0046,2025-12-13 20:02:05,9477,EFECTIVO,$19.500,Al frente inglecia,-
44,0044,2025-12-13 19:56:29,LOCAL factura 42,NEQUI,$0,pago punto,-
43,0043,2025-12-13 19:56:17,LOCAL factura 42,NEQUI,$0,pago punto,-
42,0042,2025-12-13 19:55:19,LOCAL,NEQUI,$38.000,pago punto,-
41,0041,2025-12-13 19:53:53,LOCAL,EFECTIVO,$33.000,pago punto,-
40,0040,2025-12-13 19:52:31,LOCAL factura 38,EFECTIVO,$0,pago punto,-
39,0039,2025-12-13 19:52:27,LOCAL factura 38,EFECTIVO,$0,pago punto,-
38,0038,2025-12-13 19:52:22,LOCAL,EFECTIVO,$32.000,pago punto,-
37,0037,2025-12-13 19:47:39,local,NEQUI,$28.000,pago punto,-
36,0036,2025-12-13 19:43:42,local,EFECTIVO,$17.000,pago punto,-
35,0035,2025-12-13 19:40:38,local,EFECTIVO,$9.000,pago punto,-
34,0034,2025-12-13 19:16:48,9529,EFECTIVO,$24.000,Amazilia,-
33,0033,2025-12-13 19:15:01,3049,DAVIPLATA,$42.000,Felicia,-
32,0032,2025-12-12 23:10:42,local,NEQUI,$24.500,pago punto,-
31,0031,2025-12-12 23:01:58,0836,DAVIPLATA,$12.500,Ibis,Coca-Cola: | bien fria | Coca-Cola: | bien fria
30,0030,2025-12-12 22:51:54,cambio a freddy,EFECTIVO,$50.000,pago punto,Costo Recipiente: | pago a nequi a | freddy
29,0029,2025-12-12 22:28:15,cliente,EFECTIVO,$84.000,pago punto,-
28,0028,2025-12-12 21:51:15,pago punto,EFECTIVO,$26.000,pago punto,-
27,0027,2025-12-12 21:46:45,5266,NEQUI,$43.500,Amazilia,-
26,0026,2025-12-12 21:46:01,1135,NEQUI,$36.000,Amazilia,-
25,0025,2025-12-12 21:43:23,7361,NEQUI,$12.000,Andaríos,-
24,0024,2025-12-12 21:42:25,astrid ,DAVIPLATA,$19.000,arboleda,-
23,0023,2025-12-12 21:40:17,8070,NEQUI,$16.000,pago punto,-
22,0022,2025-12-12 21:13:45,pago punto,NEQUI,$35.000,pago punto,-
21,0021,2025-12-12 20:55:20,pago ,EFECTIVO,$19.500,pago punto,-
20,0020,2025-12-12 20:54:35,Robinso,EFECTIVO,$22.000,Taller Motos,Especial: | 1 hamburguesa | faltaba por | cobrar
19,0019,2025-12-12 20:47:41,pasan wilmer,EFECTIVO,$15.500,pago punto,-
18,0018,2025-12-12 20:45:31,pasan,NEQUI,$49.000,pago punto,-
17,0017,2025-12-12 20:37:50,8063,NEQUI,$12.000,Sie 1,-
16,0016,2025-12-12 20:36:02,local,EFECTIVO,$15.500,pago punto,-
15,0015,2025-12-12 20:21:37,punto,NEQUI,$31.000,pago punto,-
14,0014,2025-12-12 20:10:46,sie1,EFECTIVO,$59.000,Sie 1,Doble Carne: | 2 sin cebolla | Doble Carne: | 2 sin cebolla
13,0013,2025-12-12 20:09:20,6796,NEQUI,$31.500,Frontino,-
12,0012,2025-12-12 20:01:58,7821,EFECTIVO,$38.500,Sie 2,Especial: | 1 sin tomate | Especial: | 1 sin tomate | Especial: | 1 sin tomate | Especial: | 1 sin tomate
11,0011,2025-12-12 20:01:57,7821,EFECTIVO,$38.500,Sie 2,Especial: | 1 sin tomate | Especial: | 1 sin tomate | Especial: | 1 sin tomate | Especial: | 1 sin tomate
10,0010,2025-12-12 19:47:39,punto,NEQUI,$11.000,pago punto,-
9,0009,2025-12-12 19:42:52,7821,EFECTIVO,$38.000,Sie 2,Especial: | 1 sin tomate | Especial: | 1 sin tomate | Especial: | 1 sin tomate
8,0008,2025-12-12 19:41:05,9080,EFECTIVO,$21.000,altamorada,-
7,0007,2025-12-12 19:37:47,3236,EFECTIVO,$51.500,andarios,-
6,0006,2025-12-12 19:23:31,6922,NEQUI,$17.500,pago punto,-
5,0005,2025-12-12 19:11:33,3441,EFECTIVO,$35.000,Aracari,Especial: | SIN VEGETALES | Especial: | SIN VEGETALES | Especial: | SIN VEGETALES
4,0004,2025-12-12 18:59:22,9542,EFECTIVO,$27.000,PUEBLO,-
3,0003,2025-12-12 18:53:25,8029,NEQUI,$33.000,Frontino,-
2,0002,2025-12-12 18:51:39,DOMICILIO ,EFECTIVO,$20.000,pago punto,-
1,0001,2025-12-12 17:48:03,PRUEBA 1 IMPRESION,DAVIPLATA,$0,ASD,Papa a la Francesa: | ASD | Papa a la Francesa: | ASD
